{
	"format_version": "1.8.0",
	"animations": {
		"animation.door_pull.interact": {
			"animation_length": 13,
			"anim_time_update": "query.anim_time + query.delta_time * 0.8",
			"bones": {
				"main": {
					"position": {
						"0.0": [0, 0, 0],
						"0.25": [0, 0, 0],
						"0.75": {
							"pre": [0, -44, 0],
							"post": [0, -44, 0],
							"lerp_mode": "catmullrom"
						},
						"1.0": [0, -44, 0],
						"11.0": [0, -44, 0],
						"11.25": {
							"pre": [0, -44, 0],
							"post": [0, -44, 0],
							"lerp_mode": "catmullrom"
						},
						"13.0": [0, 0, 0]
					}
					}
				}
			}
		}
	}
}