{
	"format_version": "1.8.0",
	"animations": {
	"animation.boxy_sneak": {
		"animation_length": 1.0,
		"timeline" :{
		"0.1" : "/event entity @s ic:boxy_sneak"
		}
	  },
	"animation.jump": {
	"loop":true,
		"animation_length": 0.1,
		"timeline" :{
		"0.05" : "/tp @e[tag=boxy] ^ ^ ^-2.5"
		}
	  },
	"animation.boxy_default": {
		"animation_length": 1.0,
		"timeline" :{
		"0.1" : "/event entity @s ic:boxy_default"
		}
	  },
	"animation.morph_reset": {
		"animation_length": 1.0,
		"timeline" :{
		"0.1" : "/event entity @s ic:reset"
		}
	  },
	  "animation.boxy.docile": {
		"animation_length": 50.0,
		"timeline" :{
		"45.0" : "/event entity @s close_standby"
		}
	  },
	"animation.boxy.docile_delay": {
		"animation_length": 1.0,
		"timeline" :{
		"0.1" : "/event entity @s close_delay"
		}
	  },
	"animation.boxy.pounce": {
		"animation_length": 1.0,
		"timeline" :{
		"0.1" : "/event entity @s ic:pounce"
		}
	  },
	"animation.boxy.pounce_delay": {
		"animation_length": 1.0,
		"timeline" :{
		"0.1" : "/event entity @s ic:pounce_stop"
		}
	  },
	"animation.boxy_spin": {
		"animation_length": 1.0,
		"timeline" :{
		"0.1" : "/playsound boxy.spin @a[r=25]"
		}
	  } 
  }
}