{
  "format_version": "1.16.100",
  "minecraft:item": {
    "description": {
      "identifier": "ic:huggy_morph", 
      "category": "Equipment" 
    },
    "components": {
      "minecraft:display_name": {
        "value": "§l§3Huggy Wuggy §rMorph"
      },
		"minecraft:durability": {
			"max_durability": 1000,
			"damage_chance": {
				"min": 1,
				"max": 2
			}
		},
		"minecraft:on_use": {
			"on_use": {
				"event":"morph_huggy"
			}		
		},
		"minecraft:cooldown": {
        "category": "morph",
        "duration": 1.0
      },
		"minecraft:creative_category": {
        "parent": "itemGroup.name.tools"
      },
      "minecraft:stacked_by_data": false,
      "minecraft:allow_off_hand": false,
      "minecraft:hand_equipped": false,
      "minecraft:max_stack_size": 1, 
      "minecraft:icon": {
        "texture": "ic:huggy"
      }
     },
     "events": {
		"morph_huggy": {
			"sequence": [
				{
					"damage": {
						"type": "none",
						"amount": 1,
						"target": "self"
					}, 
					"run_command": {
							"command": [
								"replaceitem entity @s slot.armor.head 0 ic:huggy_morph",
								"tag @s remove boxy",
								"replaceitem entity @s slot.hotbar 0 ic:huggy_sentry_spawn_egg 5",
								"event entity @s ic:huggy_default"
							]
						}
				}
			]
		}
	 }
  }
}