{
  "format_version": "1.16.100",
  "minecraft:item": {
    "description": {
      "identifier": "ic:reset_morph", 
      "category": "Equipment" 
    },
    "components": {
      "minecraft:display_name": {
        "value": "§l§fReturn to human"
      },
		"minecraft:durability": {
			"max_durability": 1000,
			"damage_chance": {
				"min": 1,
				"max": 2
			}
		},
		"minecraft:cooldown": {
        "category": "morph",
        "duration": 1.0
      },
      "minecraft:on_use": {
			"on_use": {
				"event":"morph_reset"
			}		
		},
		"minecraft:creative_category": {
        "parent": "itemGroup.name.tools"
      },
      "minecraft:stacked_by_data": false,
      "minecraft:allow_off_hand": false,
      "minecraft:hand_equipped": false,
      "minecraft:max_stack_size": 1, 
      "minecraft:icon": {
        "texture": "ic:reset"
      }
     },
     "events": {
		"morph_reset": {
			"sequence": [
				{
					"damage": {
						"type": "none",
						"amount": 1,
						"target": "self"
					}, 
					"run_command": {
							"command": [
								"replaceitem entity @e[type=player, r=1] slot.armor.head 0 minecraft:diamond_helmet",
								"clear @s ic:web_shooter",
								"clear @s ic:huggy_sentry_spawn_egg",
								"tag @s remove boxy",
								"clear @s ic:boxy_jump",
								"event entity @e[type=player,r=1] reset"
							]
						}
				}
			]
		}
	} 
  }
}