{
  "format_version": "1.16.100",
  "minecraft:item": {
    "description": {
      "identifier": "ic:web_shooter", 
      "category": "Equipment" 
    },
    "components": {
      "minecraft:display_name": {
        "value": "§l§fShoot webs§r"
      },
      "minecraft:enchantable": {
			"slot": "flintsteel",
			"value": 45
		},
		"minecraft:durability": {
			"max_durability": 500,
			"damage_chance": {
				"min": 1,
				"max": 2
			}
		},
		"minecraft:creative_category": {
        "parent": "itemGroup.name.tools"
      },
		"minecraft:on_use": {
			"on_use": {
				"event":"shoot"
			}		
		},
      "minecraft:stacked_by_data": false,
      "minecraft:cooldown": {
        "category": "web",
        "duration": 3.0
      },
      "minecraft:allow_off_hand": false,
      "minecraft:hand_equipped": false,
      "minecraft:use_duration": 17,
      "minecraft:max_stack_size": 1, 
      "minecraft:icon": {
        "texture": "ic:web_shooter"
       }
     }, 
     "events": {
		"shoot": {
			"sequence": [
				{
					"shoot": {
						"projectile": "ic:web_projectile",
						"launch_power": 1.4
					}
				},
				{
					"damage": {
						"type": "none",
						"amount": 1,
						"target": "self"
					}, 
					"run_command": {
							"command": [
								"particle minecraft:sparkler_emitter ^ ^ ^"
							]
						}
				}
			]
		}
	} 
  }
}