{
	"format_version": "1.8.0",
	"animations": {
		"animation.ic_boxy.attack2": {
			"animation_length": 1,
			"anim_time_update": "query.anim_time + query.delta_time*1.3",
			"bones": {
				"waist": {
					"rotation": {
						"0.0": [0, 0, 0],
						"0.3333": {
							"pre": [-5, -17.5, 0],
							"post": [-5, -17.5, 0],
							"lerp_mode": "catmullrom"
						},
						"0.5": {
							"post": [4.51046, 17.36946, -4.36849],
							"lerp_mode": "catmullrom"
						},
						"1.0": [0, 0, 0]
					}
				},
				"head": {
					"rotation": {
						"0.0": [0, 0, 0],
						"0.3333": {
							"pre": [-12.5, 0, 0],
							"post": [-12.5, 0, 0],
							"lerp_mode": "catmullrom"
						},
						"0.5": {
							"post": [10.3191, -19.92066, -1.81693],
							"lerp_mode": "catmullrom"
						},
						"1.0": [0, 0, 0]
					}
				},
				"leftArm": {
					"rotation": {
						"0.0": [0, 0, 0],
						"0.3333": {
							"pre": [-72.35832, -7.15102, -2.26708],
							"post": [-72.35832, -7.15102, -2.26708],
							"lerp_mode": "catmullrom"
						},
						"0.5": {
							"post": [-39.86, -7.15, -2.27],
							"lerp_mode": "catmullrom"
						},
						"1.0": [0, 0, 0]
					}
				},
				"leftArm2": {
					"rotation": {
						"0.0": [0, 0, 0],
						"0.3333": {
							"pre": [-60, 0, 0],
							"post": [-60, 0, 0],
							"lerp_mode": "catmullrom"
						},
						"0.5": {
							"post": [1.32917, -37.20605, 36.0986],
							"lerp_mode": "catmullrom"
						},
						"1.0": [0, 0, 0]
					}
				}
			}
		},
		"animation.ic_boxy.attack2_morph": {
			"animation_length": 1,
			"anim_time_update": "query.anim_time + query.delta_time*1.7",
			"bones": {
				"waist": {
					"rotation": {
						"0.0": [0, 0, 0],
						"0.3333": {
							"pre": [-5, -17.5, 0],
							"post": [-5, -17.5, 0],
							"lerp_mode": "catmullrom"
						},
						"0.5": {
							"post": [4.51046, 17.36946, -4.36849],
							"lerp_mode": "catmullrom"
						},
						"1.0": [0, 0, 0]
					}
				},
				"head": {
					"rotation": {
						"0.0": [0, 0, 0],
						"0.3333": {
							"pre": [-12.5, 0, 0],
							"post": [-12.5, 0, 0],
							"lerp_mode": "catmullrom"
						},
						"0.5": {
							"post": [10.3191, -19.92066, -1.81693],
							"lerp_mode": "catmullrom"
						},
						"1.0": [0, 0, 0]
					}
				},
				"leftArm": {
					"rotation": {
						"0.0": [0, 0, 0],
						"0.3333": {
							"pre": [-72.35832, -7.15102, -2.26708],
							"post": [-72.35832, -7.15102, -2.26708],
							"lerp_mode": "catmullrom"
						},
						"0.5": {
							"post": [-39.86, -7.15, -2.27],
							"lerp_mode": "catmullrom"
						},
						"1.0": [0, 0, 0]
					}
				},
				"leftArm2": {
					"rotation": {
						"0.0": [0, 0, 0],
						"0.3333": {
							"pre": [-60, 0, 0],
							"post": [-60, 0, 0],
							"lerp_mode": "catmullrom"
						},
						"0.5": {
							"post": [1.32917, -37.20605, 36.0986],
							"lerp_mode": "catmullrom"
						},
						"1.0": [0, 0, 0]
					}
				}
			}
		} 
	}
}