{
	"format_version": "1.8.0",
	"animations": {
		"animation.boxy.stationary": {
			"loop": true,
			"animation_length": 4,
			"bones": {
				"rightArm": {
					"rotation": {
						"0.0": {
							"post": [0, 0, 7.5],
							"lerp_mode": "catmullrom"
						},
						"1.0": {
							"post": [0, 0, 5],
							"lerp_mode": "catmullrom"
						},
						"2.0": {
							"post": [0, 0, 7.5],
							"lerp_mode": "catmullrom"
						},
						"3.0": {
							"post": [0, 0, 5],
							"lerp_mode": "catmullrom"
						},
						"4.0": {
							"post": [0, 0, 7.5],
							"lerp_mode": "catmullrom"
						}
					},
					"position": {
						"0.0": {
							"post": [0, 0, 0],
							"lerp_mode": "catmullrom"
						},
						"1.0": {
							"post": [0, -0.37, 0],
							"lerp_mode": "catmullrom"
						},
						"2.0": {
							"post": [0, 0, 0],
							"lerp_mode": "catmullrom"
						},
						"3.0": {
							"post": [0, -0.37, 0],
							"lerp_mode": "catmullrom"
						},
						"4.0": {
							"post": [0, 0, 0],
							"lerp_mode": "catmullrom"
						}
					}
				},
				"leftArm": {
					"rotation": {
						"0.0": {
							"post": [0, 0, -10],
							"lerp_mode": "catmullrom"
						},
						"1.0": {
							"post": [0, 0, -5],
							"lerp_mode": "catmullrom"
						},
						"2.0": {
							"post": [0, 0, -10],
							"lerp_mode": "catmullrom"
						},
						"3.0": {
							"post": [0, 0, -5],
							"lerp_mode": "catmullrom"
						},
						"4.0": {
							"post": [0, 0, -10],
							"lerp_mode": "catmullrom"
						}
					},
					"position": {
						"0.0": {
							"post": [0, 0, 0],
							"lerp_mode": "catmullrom"
						},
						"1.0": {
							"post": [0, -0.37, 0],
							"lerp_mode": "catmullrom"
						},
						"2.0": {
							"post": [0, 0, 0],
							"lerp_mode": "catmullrom"
						},
						"3.0": {
							"post": [0, -0.37, 0],
							"lerp_mode": "catmullrom"
						},
						"4.0": {
							"post": [0, 0, 0],
							"lerp_mode": "catmullrom"
						}
					}
				},
				"waist": {
					"rotation": {
						"0.0": {
							"post": [-2.49762, 0.10901, 2.49762],
							"lerp_mode": "catmullrom"
						},
						"1.0": {
							"post": [2.49762, 0.10901, -2.49762],
							"lerp_mode": "catmullrom"
						},
						"2.0": {
							"post": [-2.49762, -0.10901, -2.49762],
							"lerp_mode": "catmullrom"
						},
						"3.0": {
							"post": [2.49762, 0.10901, -2.49762],
							"lerp_mode": "catmullrom"
						},
						"4.0": {
							"post": [-2.49762, 0.10901, 2.49762],
							"lerp_mode": "catmullrom"
						}
					}
				},
				"rightLeg": {
					"rotation": {
						"0.0": {
							"post": [1.03509, 22.47741, 2.70569],
							"lerp_mode": "catmullrom"
						},
						"2.0": {
							"post": [1.03509, 22.47741, 2.70569],
							"lerp_mode": "catmullrom"
						},
						"4.0": {
							"post": [1.04, 22.48, 2.71],
							"lerp_mode": "catmullrom"
						}
					}
				},
				"leftLeg": {
					"rotation": {
						"0.0": {
							"post": [0.44067, -9.99038, -2.53852],
							"lerp_mode": "catmullrom"
						},
						"2.0": {
							"post": [0.44067, -9.99038, -2.53852],
							"lerp_mode": "catmullrom"
						},
						"4.0": {
							"post": [0.44, -9.99, -2.54],
							"lerp_mode": "catmullrom"
						}
					}
				},
				"hat": {
					"position": {
						"0.0": {
							"post": [0.2, 0, 0],
							"lerp_mode": "catmullrom"
						},
						"1.0": {
							"post": [-0.2, 0, 0],
							"lerp_mode": "catmullrom"
						},
						"2.0": {
							"post": [0.2, 0, 0],
							"lerp_mode": "catmullrom"
						},
						"3.0": {
							"post": [-0.2, 0, 0],
							"lerp_mode": "catmullrom"
						},
						"4.0": {
							"post": [0.2, 0, 0],
							"lerp_mode": "catmullrom"
						}
					}
				},
				"leftSleeve": {
					"rotation": {
						"0.0": {
							"post": [0, 0, -1],
							"lerp_mode": "catmullrom"
						},
						"1.0": {
							"post": [0, 0, 1],
							"lerp_mode": "catmullrom"
						},
						"2.0": {
							"post": [0, 0, -1],
							"lerp_mode": "catmullrom"
						},
						"3.0": {
							"post": [0, 0, 1],
							"lerp_mode": "catmullrom"
						},
						"4.0": {
							"post": [0, 0, -1],
							"lerp_mode": "catmullrom"
						}
					}
				},
				"rightSleeve": {
					"rotation": {
						"0.0": {
							"post": [0, 0, 1],
							"lerp_mode": "catmullrom"
						},
						"1.0": {
							"post": [0, 0, -1],
							"lerp_mode": "catmullrom"
						},
						"2.0": {
							"post": [0, 0, 1],
							"lerp_mode": "catmullrom"
						},
						"3.0": {
							"post": [0, 0, -1],
							"lerp_mode": "catmullrom"
						},
						"4.0": {
							"post": [0, 0, 1],
							"lerp_mode": "catmullrom"
						}
					}
				},
				"head2": {
					"rotation": {
						"0.0": [7.5, 0, 0],
						"2.0": [0, 0, 0],
						"4.0": [7.5, 0, 0]
					}
				},
				"head3": {
					"rotation": {
						"0.0": [5, 0, 0],
						"2.0": [0, 0, 0],
						"4.0": [5, 0, 0]
					}
				},
				"lever": {
					"rotation": {
						"0.0": [0, 0, 0],
						"4.0": [360, 0, 0]
					}
				}
			}
		}
	}
}