{
	"format_version": "1.8.0",
	"animations": {
		"animation.ic_boxy.pounce": {
			"loop": "hold_on_last_frame",
			"animation_length": 0.5,
			"anim_time_update": "query.anim_time + query.delta_time * 1.5",
			"bones": {
				"root": {
					"rotation": {
						"0.0": [0, 0, 0],
						"0.5": [15, 0, 0]
					},
					"position": {
						"0.0": [0, -30, 0],
						"0.5": [0, 6, 8]
					}
				},
				"waist": {
					"rotation": {
						"0.0": {
							"post": [0, 0, 0],
							"lerp_mode": "catmullrom"
						},
						"0.5": {
							"post": [0, 0, 0],
							"lerp_mode": "catmullrom"
						},
						"30.0": {
							"post": [0, 0, 0],
							"lerp_mode": "catmullrom"
						}
					}
				},
				"left_hole": {
					"rotation": {
						"0.0": [0, 0, -147.5],
						"0.5": [0, 0, 0]
					}
				},
				"left_bottom": {
					"rotation": {
						"0.0": [0, 0, -80],
						"0.5": [0, 0, 0]
					}
				},
				"right_bottom": {
					"rotation": {
						"0.0": [0, 0, 80],
						"0.5": [0, 0, 0]
					}
				},
				"right_hole": {
					"rotation": {
						"0.0": [0, 0, 147.5],
						"0.5": [0, 0, 0]
					}
				},
				"lid": {
					"rotation": {
						"0.0": [137.5, 0, 0],
						"0.5": [0, 0, 0]
					}
				},
				"leftArm": {
					"rotation": {
						"0.0": [0, 0, -47.5],
						"0.5": [-57.5, 0, 0]
					},
					"position": {
						"0.0": [-19, 0, 0],
						"0.5": [0, 0, 0]
					}
				},
				"leftArm2": {
					"rotation": {
						"0.0": [0, 0, -15],
						"0.5": [-30, 0, 0]
					},
					"position": {
						"0.0": [-7, 8, 0],
						"0.5": [0, 0, 0]
					}
				},
				"leftArm3": {
					"rotation": {
						"0.0": [55, 0, 0],
						"0.5": [0, 0, 0]
					}
				},
				"rightArm": {
					"rotation": {
						"0.0": [0, 0, 47.5],
						"0.5": [-67.5, 0, 0]
					},
					"position": {
						"0.0": [18, 0, 0],
						"0.5": [0, 0, 0]
					}
				},
				"rightArm2": {
					"rotation": {
						"0.0": [0, 0, 15],
						"0.5": [0, 0, 0]
					},
					"position": {
						"0.0": [7, 8, 0],
						"0.5": [0, 0, 0]
					}
				},
				"rightArm3": {
					"rotation": {
						"0.0": [67.5, 0, 0],
						"0.5": [0, 0, 0]
					}
				},
				"head": {
					"rotation": {
						"0.0": [-5, 0, 0],
						"0.5": [10, 0, 0]
					},
					"position": {
						"0.0": [0, -16, 3],
						"0.5": [0, 0, 0]
					}
				},
				"head2": {
					"rotation": {
						"0.0": [-82.5, 0, 0],
						"0.5": [25, 0, 0]
					},
					"position": {
						"0.0": [0, -10, -11],
						"0.5": [0, 0, 0]
					}
				},
				"head3": {
					"rotation": {
						"0.0": [0, 0, 0],
						"0.5": [27.5, 0, 0]
					}
				},
				"lever": {
					"rotation": {
						"0.0": {
							"post": [0, 0, 0],
							"lerp_mode": "catmullrom"
						},
						"0.5": {
							"post": [0, 0, 0],
							"lerp_mode": "catmullrom"
						}
					}
				},
				"leftLeg": {
					"rotation": {
						"0.0": {
							"post": [0, 0, 7.5],
							"lerp_mode": "catmullrom"
						},
						"0.5": {
							"post": [-25, 0, 0],
							"lerp_mode": "catmullrom"
						}
					},
					"position": {
						"0.0": {
							"post": [0, 17, 0],
							"lerp_mode": "catmullrom"
						},
						"0.5": {
							"post": [0, 0, 0],
							"lerp_mode": "catmullrom"
						}
					}
				},
				"leftLeg2": {
					"rotation": {
						"0.0": {
							"post": [0, 0, -5],
							"lerp_mode": "catmullrom"
						},
						"0.5": {
							"post": [40, 0, 0],
							"lerp_mode": "catmullrom"
						}
					},
					"position": {
						"0.0": {
							"post": [-2, 14, 0],
							"lerp_mode": "catmullrom"
						},
						"0.5": {
							"post": [0, 0, 0],
							"lerp_mode": "catmullrom"
						}
					}
				},
				"rightLeg": {
					"rotation": {
						"0.0": {
							"post": [0, 0, -7.5],
							"lerp_mode": "catmullrom"
						},
						"0.5": {
							"post": [-17.5, 0, 0],
							"lerp_mode": "catmullrom"
						}
					},
					"position": {
						"0.0": {
							"post": [0, 17, 0],
							"lerp_mode": "catmullrom"
						},
						"0.5": {
							"post": [0, 0, 0],
							"lerp_mode": "catmullrom"
						}
					}
				},
				"rightLeg2": {
					"rotation": {
						"0.0": {
							"post": [0, 0, 5],
							"lerp_mode": "catmullrom"
						},
						"0.5": {
							"post": [35, 0, 0],
							"lerp_mode": "catmullrom"
						}
					},
					"position": {
						"0.0": {
							"post": [2, 14, 0],
							"lerp_mode": "catmullrom"
						},
						"0.5": {
							"post": [0, 0, 0],
							"lerp_mode": "catmullrom"
						}
					}
				},
				"rightLeg3": {
					"rotation": [0, 0, 0]
				}
			}
		}
	}
}