{
	"format_version": "1.8.0",
	"animations": {
		"animation.ic_boxy.open": {
			"animation_length": 30,
			"anim_time_update": "query.anim_time + query.delta_time * 0.9",
			"bones": {
				"root": {
					"rotation": {
						"25.0": [0, 0, 0],
						"30.0": [0, 0, 0]
					},
					"position": {
						"0.0": [0, -30, 0],
						"15.5": [0, -30, 0],
						"15.75": [0, -20.97, 0],
						"16.25": [0, -20.6, 0],
						"16.5": [0, -15.23, 0],
						"25.0": [0, 0, 0],
						"30.0": [0, 0, 0]
					}
				},
				"waist": {
					"rotation": {
						"15.5": {
							"pre": [0, 0, 0],
							"post": [0, 0, 0],
							"lerp_mode": "catmullrom"
						},
						"15.75": {
							"post": [0, 0, -7.5],
							"lerp_mode": "catmullrom"
						},
						"16.25": {
							"post": [0, 0, -7.5],
							"lerp_mode": "catmullrom"
						},
						"16.5": {
							"post": [-4.19516, -1.49299, 7.14225],
							"lerp_mode": "catmullrom"
						},
						"18.0": {
							"post": [0, 0, 0],
							"lerp_mode": "catmullrom"
						},
						"25.0": {
							"post": [0, 0, 0],
							"lerp_mode": "catmullrom"
						},
						"30.0": {
							"post": [0, 0, 0],
							"lerp_mode": "catmullrom"
						}
					}
				},
				"left_hole": {
					"rotation": {
						"0.0": [0, 0, -147.5],
						"10.0": [0, 0, -147.5],
						"10.125": [0, 0, -12.5],
						"10.2083": [0, 0, -22.5],
						"10.2917": [0, 0, -12.5],
						"25.0": [0, 0, 0],
						"30.0": [0, 0, 0]
					}
				},
				"left_bottom": {
					"rotation": {
						"0.0": [0, 0, -80],
						"15.5": [0, 0, -80],
						"15.6667": [0, 0, -29.08],
						"15.7917": [0, 0, 18.59],
						"25.0": [0, 0, 0],
						"30.0": [0, 0, 0]
					}
				},
				"right_bottom": {
					"rotation": {
						"0.0": [0, 0, 80],
						"16.25": [0, 0, 80],
						"16.4167": [0, 0, -18.95],
						"16.5": [0, 0, -8.95],
						"16.5833": [0, 0, -18.95],
						"25.0": [0, 0, 0],
						"30.0": [0, 0, 0]
					}
				},
				"right_hole": {
					"rotation": {
						"0.0": [0, 0, 147.5],
						"14.75": [0, 0, 147.5],
						"15.0": [0, 0, 6.69],
						"15.0833": [0, 0, 11.65],
						"15.1667": [0, 0, 6.59],
						"25.0": [0, 0, 0],
						"30.0": [0, 0, 0]
					}
				},
				"lid": {
					"rotation": {
						"0.0": [137.5, 0, 0],
						"17.5": [137.5, 0, 0],
						"17.6667": [0, 0, 0],
						"17.75": [10, 0, 0],
						"17.8333": [0, 0, 0],
						"25.0": [0, 0, 0],
						"30.0": [0, 0, 0]
					}
				},
				"leftArm": {
					"rotation": {
						"0.0": [0, 0, -47.5],
						"10.75": {
							"pre": [0, 0, -47.5],
							"post": [0, 0, -47.5],
							"lerp_mode": "catmullrom"
						},
						"14.0": [0, 0, -27.5],
						"15.5": [0, 0, -27.5],
						"20.0": [0, 0, 0],
						"25.0": [0, 0, 0],
						"30.0": [0, 0, 0]
					},
					"position": {
						"0.0": [-19, 0, 0],
						"10.75": {
							"pre": [-19, 0, 0],
							"post": [-19, 0, 0],
							"lerp_mode": "catmullrom"
						},
						"14.0": [2, 0, 0],
						"15.5": [2, 0, 0],
						"20.0": [0, 0, 0],
						"25.0": [0, 0, 0],
						"30.0": [0, 0, 0]
					}
				},
				"leftArm2": {
					"rotation": {
						"0.0": [0, 0, -15],
						"10.75": {
							"pre": [0, 0, -15],
							"post": [0, 0, -15],
							"lerp_mode": "catmullrom"
						},
						"14.0": [0, 0, 0],
						"15.5": [0, 0, 0],
						"20.0": [0, 0, 0],
						"25.0": [0, 0, 0],
						"30.0": [0, 0, 0]
					},
					"position": {
						"0.0": [-7, 8, 0],
						"10.75": {
							"pre": [-7, 8, 0],
							"post": [-7, 8, 0],
							"lerp_mode": "catmullrom"
						},
						"14.0": [0, 0, 0],
						"15.5": [0, 0, 0],
						"20.0": [0, 0, 0],
						"25.0": [0, 0, 0],
						"30.0": [0, 0, 0]
					}
				},
				"leftArm3": {
					"rotation": {
						"0.0": [55, 0, 0],
						"10.75": {
							"pre": [-30, 0, 0],
							"post": [-30, 0, 0],
							"lerp_mode": "catmullrom"
						},
						"12.25": [-72.5, 0, 0],
						"14.0": [-3.51251, -13.17506, -63.13361],
						"15.5": [-3.51251, -13.17506, -63.13361],
						"20.0": [0, 0, 0],
						"25.0": [0, 0, 0],
						"30.0": [0, 0, 0]
					},
					"position": {
						"0.0": {
							"post": [-2, 5, 0],
							"lerp_mode": "catmullrom"
						},
						"10.75": {
							"post": [-4, 9, 0],
							"lerp_mode": "catmullrom"
						},
						"12.25": [0, 0, 0]
					}
				},
				"rightArm": {
					"rotation": {
						"0.0": [0, 0, 47.5],
						"14.75": {
							"pre": [0, 0, 47.5],
							"post": [0, 0, 47.5],
							"lerp_mode": "catmullrom"
						},
						"14.9583": [0, 0, 30],
						"15.5": [0, 0, 30],
						"20.0": [0, 0, 0],
						"25.0": [0, 0, 0],
						"30.0": [0, 0, 0]
					},
					"position": {
						"0.0": [18, 0, 0],
						"14.75": {
							"pre": [18, 0, 0],
							"post": [18, 0, 0],
							"lerp_mode": "catmullrom"
						},
						"14.9583": [0, 0, 0],
						"15.5": [0, 0, 0],
						"20.0": [0, 0, 0],
						"25.0": [0, 0, 0],
						"30.0": [0, 0, 0]
					}
				},
				"rightArm2": {
					"rotation": {
						"0.0": [0, 0, 15],
						"14.75": {
							"pre": [0, 0, 15],
							"post": [0, 0, 15],
							"lerp_mode": "catmullrom"
						},
						"14.9583": [0, 0, -7.5],
						"15.5": [0, 0, -7.5],
						"20.0": [0, 0, 0],
						"25.0": [0, 0, 0],
						"30.0": [0, 0, 0]
					},
					"position": {
						"0.0": [7, 8, 0],
						"14.75": {
							"pre": [7, 8, 0],
							"post": [7, 8, 0],
							"lerp_mode": "catmullrom"
						},
						"14.9583": [0, 0, 0],
						"15.5": [0, 0, 0],
						"20.0": [0, 0, 0],
						"25.0": [0, 0, 0],
						"30.0": [0, 0, 0]
					}
				},
				"rightArm3": {
					"rotation": {
						"0.0": [67.5, 0, 0],
						"14.75": {
							"pre": [-17.5, 0, 0],
							"post": [-17.5, 0, 0],
							"lerp_mode": "catmullrom"
						},
						"14.9583": [-6.33024, 14.0269, 62.65946],
						"15.5": [-6.33024, 14.0269, 62.65946],
						"20.0": [0, 0, 0],
						"25.0": [0, 0, 0],
						"30.0": [0, 0, 0]
					},
					"position": {
						"0.0": {
							"post": [2, 8, 0],
							"lerp_mode": "catmullrom"
						},
						"14.75": {
							"post": [4, 10, 0],
							"lerp_mode": "catmullrom"
						},
						"14.9583": [0, 0, 0],
						"15.5": [0, 0, 0]
					}
				},
				"head": {
					"rotation": {
						"19.0": {
							"pre": [-5, 0, 0],
							"post": [-5, 0, 0],
							"lerp_mode": "catmullrom"
						},
						"21.0": {
							"post": [-10.84, 0, 0],
							"lerp_mode": "catmullrom"
						},
						"23.0": {
							"post": [18.33, 0, 0],
							"lerp_mode": "catmullrom"
						},
						"24.0": {
							"post": [18.33, 0, 0],
							"lerp_mode": "catmullrom"
						},
						"25.0": {
							"post": [0, 0, 0],
							"lerp_mode": "catmullrom"
						},
						"30.0": {
							"post": [0, 0, 0],
							"lerp_mode": "catmullrom"
						}
					},
					"position": {
						"19.0": {
							"pre": [0, -23, 7],
							"post": [0, -23, 7],
							"lerp_mode": "catmullrom"
						},
						"21.0": {
							"post": [0, 0, 3.33],
							"lerp_mode": "catmullrom"
						},
						"23.0": {
							"post": [0, 0, -1.33],
							"lerp_mode": "catmullrom"
						},
						"24.0": {
							"post": [0, 0, -1.33],
							"lerp_mode": "catmullrom"
						},
						"25.0": {
							"post": [0, 0, 0],
							"lerp_mode": "catmullrom"
						},
						"30.0": {
							"post": [0, 0, 0],
							"lerp_mode": "catmullrom"
						}
					}
				},
				"head2": {
					"rotation": {
						"19.0": {
							"pre": [-82.5, 0, 0],
							"post": [-82.5, 0, 0],
							"lerp_mode": "catmullrom"
						},
						"21.0": {
							"post": [-32.5, 0, 0],
							"lerp_mode": "catmullrom"
						},
						"23.0": {
							"post": [29.92854, -6.14736, -21.68602],
							"lerp_mode": "catmullrom"
						},
						"24.0": {
							"post": [29.92854, -6.14736, -21.68602],
							"lerp_mode": "catmullrom"
						},
						"25.0": {
							"post": [0, 0, 0],
							"lerp_mode": "catmullrom"
						},
						"30.0": {
							"post": [0, 0, 0],
							"lerp_mode": "catmullrom"
						}
					},
					"position": {
						"19.0": {
							"pre": [0, -3, -14],
							"post": [0, -3, -14],
							"lerp_mode": "catmullrom"
						},
						"21.0": {
							"post": [0, -2.56, -4.25],
							"lerp_mode": "catmullrom"
						},
						"23.0": {
							"post": [0, -1.28, -2.12],
							"lerp_mode": "catmullrom"
						},
						"24.0": {
							"post": [0, -1.28, -2.12],
							"lerp_mode": "catmullrom"
						},
						"25.0": {
							"post": [0, 0, 0],
							"lerp_mode": "catmullrom"
						},
						"30.0": {
							"post": [0, 0, 0],
							"lerp_mode": "catmullrom"
						}
					}
				},
				"head3": {
					"rotation": {
						"21.0": {
							"pre": [0, 0, 0],
							"post": [0, 0, 0],
							"lerp_mode": "catmullrom"
						},
						"23.0": {
							"post": [30, 0, 0],
							"lerp_mode": "catmullrom"
						},
						"24.0": {
							"post": [30, 0, 0],
							"lerp_mode": "catmullrom"
						},
						"25.0": {
							"post": [0, 0, 0],
							"lerp_mode": "catmullrom"
						},
						"30.0": {
							"post": [0, 0, 0],
							"lerp_mode": "catmullrom"
						}
					}
				},
				"lever": {
					"rotation": {
						"0.0": [0, 0, 0],
						"1.5": [90, 0, 0],
						"2.5": [180, 0, 0],
						"10.0": {
							"pre": [1080, 0, 0],
							"post": [1080, 0, 0],
							"lerp_mode": "catmullrom"
						},
						"30.0": [1080, 0, 0]
					}
				},
				"leftLeg": {
					"rotation": {
						"0.0": {
							"post": [0, 0, 7.5],
							"lerp_mode": "catmullrom"
						},
						"15.5": {
							"post": [0, 0, 7.5],
							"lerp_mode": "catmullrom"
						},
						"15.75": {
							"post": [0, 0, 0],
							"lerp_mode": "catmullrom"
						},
						"16.25": {
							"post": [0, 0, 0],
							"lerp_mode": "catmullrom"
						},
						"16.5": {
							"post": [0, 0, 0],
							"lerp_mode": "catmullrom"
						},
						"25.0": {
							"post": [0, 0, 0],
							"lerp_mode": "catmullrom"
						},
						"30.0": {
							"post": [0, 0, 0],
							"lerp_mode": "catmullrom"
						}
					},
					"position": {
						"0.0": {
							"post": [0, 17, 0],
							"lerp_mode": "catmullrom"
						},
						"15.5": {
							"post": [0, 17, 0],
							"lerp_mode": "catmullrom"
						},
						"15.75": {
							"post": [0, 7.71, 0],
							"lerp_mode": "catmullrom"
						},
						"16.25": {
							"post": [0, 7.71, 0],
							"lerp_mode": "catmullrom"
						},
						"16.5": {
							"post": [0, 7.71, 0],
							"lerp_mode": "catmullrom"
						},
						"25.0": {
							"post": [0, 0, 0],
							"lerp_mode": "catmullrom"
						},
						"30.0": {
							"post": [0, 0, 0],
							"lerp_mode": "catmullrom"
						}
					}
				},
				"leftLeg2": {
					"rotation": {
						"0.0": {
							"post": [0, 0, -5],
							"lerp_mode": "catmullrom"
						},
						"15.5": {
							"post": [0, 0, -5],
							"lerp_mode": "catmullrom"
						},
						"15.75": {
							"post": [0, 0, 0.09],
							"lerp_mode": "catmullrom"
						},
						"16.25": {
							"post": [0, 0, 0.09],
							"lerp_mode": "catmullrom"
						},
						"16.5": {
							"post": [0, 0, 0.09],
							"lerp_mode": "catmullrom"
						},
						"25.0": {
							"post": [0, 0, 0],
							"lerp_mode": "catmullrom"
						},
						"30.0": {
							"post": [0, 0, 0],
							"lerp_mode": "catmullrom"
						}
					},
					"position": {
						"0.0": {
							"post": [-2, 14, 0],
							"lerp_mode": "catmullrom"
						},
						"15.5": {
							"post": [-2, 14, 0],
							"lerp_mode": "catmullrom"
						},
						"15.75": {
							"post": [-1.97, 13.26, 0],
							"lerp_mode": "catmullrom"
						},
						"16.25": {
							"post": [-1.97, 13.26, 0],
							"lerp_mode": "catmullrom"
						},
						"16.5": {
							"post": [-0.97, 7.26, 0],
							"lerp_mode": "catmullrom"
						},
						"25.0": {
							"post": [0, 0, 0],
							"lerp_mode": "catmullrom"
						},
						"30.0": {
							"post": [0, 0, 0],
							"lerp_mode": "catmullrom"
						}
					}
				},
				"leftLeg3": {
					"rotation": {
						"25.0": {
							"pre": [0, 0, 0],
							"post": [0, 0, 0],
							"lerp_mode": "catmullrom"
						},
						"30.0": {
							"post": [0, 0, 0],
							"lerp_mode": "catmullrom"
						}
					},
					"position": [0, 0, 3]
				},
				"rightLeg": {
					"rotation": {
						"0.0": {
							"post": [0, 0, -7.5],
							"lerp_mode": "catmullrom"
						},
						"16.25": {
							"post": [0, 0, -7.5],
							"lerp_mode": "catmullrom"
						},
						"16.5": {
							"post": [0, 0, 0],
							"lerp_mode": "catmullrom"
						},
						"25.0": {
							"post": [0, 0, 0],
							"lerp_mode": "catmullrom"
						},
						"30.0": {
							"post": [0, 0, 0],
							"lerp_mode": "catmullrom"
						}
					},
					"position": {
						"0.0": {
							"post": [0, 17, 0],
							"lerp_mode": "catmullrom"
						},
						"16.25": {
							"post": [0, 17, 0],
							"lerp_mode": "catmullrom"
						},
						"16.5": {
							"post": [0, 3, 0],
							"lerp_mode": "catmullrom"
						},
						"25.0": {
							"post": [0, 0, 0],
							"lerp_mode": "catmullrom"
						},
						"30.0": {
							"post": [0, 0, 0],
							"lerp_mode": "catmullrom"
						}
					}
				},
				"rightLeg2": {
					"rotation": {
						"0.0": {
							"post": [0, 0, 5],
							"lerp_mode": "catmullrom"
						},
						"16.25": {
							"post": [0, 0, 5],
							"lerp_mode": "catmullrom"
						},
						"16.5": {
							"post": [0, 0, 0],
							"lerp_mode": "catmullrom"
						},
						"25.0": {
							"post": [0, 0, 0],
							"lerp_mode": "catmullrom"
						},
						"30.0": {
							"post": [0, 0, 0],
							"lerp_mode": "catmullrom"
						}
					},
					"position": {
						"0.0": {
							"post": [2, 14, 0],
							"lerp_mode": "catmullrom"
						},
						"16.25": {
							"post": [2, 14, 0],
							"lerp_mode": "catmullrom"
						},
						"16.5": {
							"post": [0.96, 11.75, 0],
							"lerp_mode": "catmullrom"
						},
						"25.0": {
							"post": [0, 0, 0],
							"lerp_mode": "catmullrom"
						},
						"30.0": {
							"post": [0, 0, 0],
							"lerp_mode": "catmullrom"
						}
					}
				},
				"rightLeg3": {
					"rotation": {
						"0.0": [0, 0, 0],
						"16.25": {
							"pre": [0, 0, 0],
							"post": [0, 0, 0],
							"lerp_mode": "catmullrom"
						},
						"25.0": {
							"post": [0, 0, 0],
							"lerp_mode": "catmullrom"
						},
						"30.0": {
							"post": [0, 0, 0],
							"lerp_mode": "catmullrom"
						}
					},
					"position": [0, 0, 2]
				},
				"left_hole2": {
					"rotation": {
						"0.0": [0, 0, 125],
						"10.0": [0, 0, 125],
						"10.125": [0, 0, 0],
						"10.2083": [0, 0, 12.5],
						"10.2917": [0, 0, 0]
					}
				},
				"right_hole2": {
					"rotation": {
						"0.0": [0, 0, -125],
						"14.75": [0, 0, -125],
						"14.875": [0, 0, 0],
						"14.9583": [0, 0, -12.5],
						"15.0417": [0, 0, 0]
					}
				}
			}
		}
	}
}