{
	"format_version": "1.8.0",
	"animations": {
		"animation.ic_boxy.wait": {
			"animation_length": 10,
			"anim_time_update": "query.anim_time + query.delta_time * 2.0",
			"bones": {
				"root": {
					"position": {
						"0.0": [0, 30, 0],
						"0.1667": [0, 20.38, 0],
						"0.3333": [0, 20.38, 0],
						"0.5": [0, 12.94, 0],
						"0.75": [0, 4.51, 0],
						"1.0": [0, 0, 0],
						"10.0": [0, 0, 0]
					}
				},
				"waist": {
					"rotation": {
						"0.0": [0, 0, 0],
						"0.25": [3.13388, -17.22575, -10.47479],
						"0.5": [0, 7.5, 12.5],
						"0.75": [3.13388, -17.22575, -10.47479],
						"1.0": [0, 0, 0],
						"10.0": [0, 0, 0]
					},
					"position": [0, 0, 0]
				},
				"left_hole": {
					"rotation": [0, 0, 0]
				},
				"left_bottom": {
					"rotation": {
						"0.5": [0, 0, 66.66],
						"0.75": [0, 0, 0],
						"10.0": [0, 0, 0]
					}
				},
				"right_bottom": {
					"rotation": {
						"0.25": [0, 0, -80],
						"0.5": [0, 0, 0],
						"10.0": [0, 0, 0]
					}
				},
				"right_hole": {
					"rotation": [0, 0, 0]
				},
				"lid": {
					"rotation": {
						"0.0": {
							"post": [-137.5, 0, 0],
							"lerp_mode": "catmullrom"
						},
						"0.75": {
							"post": [-124.61, 0, 0],
							"lerp_mode": "catmullrom"
						},
						"1.0": {
							"post": [0, 0, 0],
							"lerp_mode": "catmullrom"
						},
						"1.0417": {
							"post": [-5, 0, 0],
							"lerp_mode": "catmullrom"
						},
						"1.0833": {
							"post": [0, 0, 0],
							"lerp_mode": "catmullrom"
						},
						"10.0": {
							"post": [0, 0, 0],
							"lerp_mode": "catmullrom"
						}
					}
				},
				"leftArm": {
					"rotation": {
						"10.0": {
							"pre": [0, 0, 0],
							"post": [0, 0, 0],
							"lerp_mode": "catmullrom"
						}
					},
					"position": {
						"10.0": {
							"pre": [0, 0, 0],
							"post": [0, 0, 0],
							"lerp_mode": "catmullrom"
						}
					}
				},
				"leftArm2": {
					"rotation": [0, 0, 0],
					"position": [0, 0, 0]
				},
				"leftArm3": {
					"rotation": [0, 0, 0]
				},
				"rightArm": {
					"rotation": [0, 0, 0],
					"position": [0, 0, 0]
				},
				"rightArm2": {
					"rotation": [0, 0, 0],
					"position": [0, 0, 0]
				},
				"rightArm3": {
					"rotation": [0, 0, 0]
				},
				"head": {
					"rotation": {
						"0.0": [2.5, 0, 0],
						"0.25": [2.5, 0, 0],
						"0.75": [0, 0, 0],
						"10.0": [0, 0, 0]
					},
					"position": {
						"0.0": [0, 13, 0],
						"0.25": [0, 13, 0],
						"0.75": [0, 11.78, 0],
						"1.0": [0, 3.37, 0],
						"10.0": [0, 3.37, 0]
					}
				},
				"head2": {
					"rotation": {
						"0.0": [70, 0, 0],
						"0.25": [70, 0, 0],
						"0.4583": [13.51, 0, 0],
						"0.75": [0.49, 0, 0],
						"10.0": [0.49, 0, 0]
					},
					"position": {
						"0.0": [0, 10, 3],
						"0.25": [0, 10, 3],
						"0.4583": [0, 11.32, 0.42],
						"0.75": [0, 4.88, -1.4],
						"1.0": [0, -1.5, 1.06],
						"10.0": [0, -1.5, 1.06]
					}
				},
				"leftLeg": {
					"rotation": {
						"0.0": [0, 0, -7.5],
						"0.75": [0, -15, -19.3],
						"10.0": [0, -15, -19.3]
					},
					"position": {
						"0.0": [0, -18, 0],
						"0.25": [0, -7.44, 0],
						"0.5": [0, -7.44, 0],
						"0.75": [-8, 2.04, 0],
						"10.0": [-8, 2.04, 0]
					}
				},
				"leftLeg2": {
					"rotation": {
						"0.0": [0, 0, 5],
						"10.0": [0, 0, 0]
					},
					"position": {
						"0.0": [2, -15, 0],
						"0.25": [1.94, -8.53, 0],
						"0.5": [1.94, -8.53, 0],
						"0.75": [1.81, -2.98, 0],
						"10.0": [0, 0, 0]
					}
				},
				"leftLeg3": {
					"position": {
						"0.0": [0, 0.5, 0],
						"10.0": [0, 0.5, 0]
					}
				},
				"rightLeg": {
					"rotation": {
						"0.0": [0, 0, 7.5],
						"0.3333": [0, 0, 7.19],
						"0.5": [0, 0, 22.03],
						"10.0": [0, 0, 22.03]
					},
					"position": {
						"0.0": [0, -18, 0],
						"0.1667": [0, -12.54, 0],
						"0.3333": [0, -12.27, 0],
						"0.5": [12, -2, 0],
						"0.75": [11.68, -0.95, 0],
						"10.0": [11.68, -0.95, 0]
					}
				},
				"rightLeg2": {
					"rotation": {
						"0.0": [0, 0, -5],
						"0.3333": [0, 0, -4.79],
						"0.5": [0, 0, -4.69],
						"10.0": [0, 0, 0]
					},
					"position": {
						"0.0": [-1, -14, 0],
						"0.3333": [-0.94, -8.44, 0],
						"0.5": [-0.94, 1.56, 0],
						"10.0": [0, 0, 0]
					}
				},
				"rightLeg3": {
					"position": [0, 0, 0]
				}
			}
		}
	}
}