{
	"format_version": "1.8.0",
	"animations": {
		"animation.ic_boxy.wait1": {
			"loop": true,
			"anim_time_update": "query.anim_time + query.delta_time * 1.0",
			"bones": {
				"root": {
					"position": [0, -30, 0]
				},
				"waist": {
					"rotation": {
						"0.0": {
							"post": [0, 0, 0],
							"lerp_mode": "catmullrom"
						},
						"30.0": {
							"post": [0, 0, 0],
							"lerp_mode": "catmullrom"
						}
					}
				},
				"left_hole": {
					"rotation": [0, 0, -147.5]
				},
				"left_bottom": {
					"rotation": [0, 0, -80]
				},
				"right_bottom": {
					"rotation": [0, 0, 80]
				},
				"right_hole": {
					"rotation": [0, 0, 147.5]
				},
				"lid": {
					"rotation": [137.5, 0, 0]
				},
				"leftArm": {
					"rotation": [0, 0, -47.5],
					"position": [-19, 0, 0]
				},
				"leftArm2": {
					"rotation": [0, 0, -15],
					"position": [-7, 8, 0]
				},
				"leftArm3": {
					"rotation": [55, 0, 0]
				},
				"rightArm": {
					"rotation": [0, 0, 47.5],
					"position": [18, 0, 0]
				},
				"rightArm2": {
					"rotation": [0, 0, 15],
					"position": [7, 8, 0]
				},
				"rightArm3": {
					"rotation": [67.5, 0, 0]
				},
				"head": {
					"rotation": [-5, 0, 0],
					"position": [0, -16, 3]
				},
				"head2": {
					"rotation": [-82.5, 0, 0],
					"position": [0, -10, -11]
				},
				"lever": {
					"rotation": {
						"0.0": {
							"post": [0, 0, 0],
							"lerp_mode": "catmullrom"
						}
					}
				},
				"leftLeg": {
					"rotation": {
						"0.0": {
							"post": [0, 0, 7.5],
							"lerp_mode": "catmullrom"
						}
					},
					"position": {
						"0.0": {
							"post": [0, 17, 0],
							"lerp_mode": "catmullrom"
						}
					}
				},
				"leftLeg2": {
					"rotation": {
						"0.0": {
							"post": [0, 0, -5],
							"lerp_mode": "catmullrom"
						}
					},
					"position": {
						"0.0": {
							"post": [-2, 14, 0],
							"lerp_mode": "catmullrom"
						}
					}
				},
				"rightLeg": {
					"rotation": {
						"0.0": {
							"post": [0, 0, -7.5],
							"lerp_mode": "catmullrom"
						}
					},
					"position": {
						"0.0": {
							"post": [0, 17, 0],
							"lerp_mode": "catmullrom"
						}
					}
				},
				"rightLeg2": {
					"rotation": {
						"0.0": {
							"post": [0, 0, 5],
							"lerp_mode": "catmullrom"
						}
					},
					"position": {
						"0.0": {
							"post": [2, 14, 0],
							"lerp_mode": "catmullrom"
						}
					}
				},
				"rightLeg3": {
					"rotation": [0, 0, 0]
				},
				"left_hole2": {
					"rotation": [0, 0, 125]
				},
				"right_hole2": {
					"rotation": [0, 0, -125]
				}
			}
		}
	}
}