{
	"format_version": "1.8.0",
	"animations": {
		"animation.ic_boxy.close": {
			"animation_length": 10,
			"anim_time_update": "query.anim_time + query.delta_time * 1.0",
			"bones": {
				"root": {
					"rotation": [0, 0, 0],
					"position": {
						"0.0": [0, 30, 0],
						"2.0": [0, 30, 0],
						"2.1667": [0, 20.38, 0],
						"2.3333": [0, 20.38, 0],
						"2.5": [0, 12.94, 0],
						"2.75": [0, 4.51, 0],
						"3.0": [0, 0, 0],
						"10.0": [0, 0, 0]
					}
				},
				"waist": {
					"rotation": {
						"0.0": {
							"post": [0, 0, 0],
							"lerp_mode": "catmullrom"
						},
						"0.25": {
							"post": [0, 0, -10],
							"lerp_mode": "catmullrom"
						},
						"1.0": {
							"post": [0, 0, -10],
							"lerp_mode": "catmullrom"
						},
						"1.4583": {
							"post": [0, 7.5, 10.28],
							"lerp_mode": "catmullrom"
						},
						"2.0": {
							"post": [0, 0, 0],
							"lerp_mode": "catmullrom"
						},
						"2.25": {
							"post": [3.13388, -17.22575, -10.47479],
							"lerp_mode": "catmullrom"
						},
						"2.5": {
							"post": [0, 7.5, 12.5],
							"lerp_mode": "catmullrom"
						},
						"2.75": {
							"post": [3.13388, -17.22575, -10.47479],
							"lerp_mode": "catmullrom"
						},
						"3.0": {
							"post": [0, 0, 0],
							"lerp_mode": "catmullrom"
						},
						"10.0": {
							"post": [0, 0, 0],
							"lerp_mode": "catmullrom"
						}
					},
					"position": {
						"10.0": {
							"pre": [0, 0, 0],
							"post": [0, 0, 0],
							"lerp_mode": "catmullrom"
						}
					}
				},
				"left_hole": {
					"rotation": {
						"0.0": [0, 0, 147.5],
						"0.5": [0, 0, 147.5],
						"0.75": [0, 0, 0],
						"10.0": [0, 0, 0]
					}
				},
				"left_bottom": {
					"rotation": {
						"0.0": [0, 0, 80],
						"1.0": [0, 0, 80],
						"2.5": [0, 0, 66.66],
						"2.75": [0, 0, 0],
						"10.0": [0, 0, 0]
					}
				},
				"right_bottom": {
					"rotation": {
						"0.0": [0, 0, -80],
						"2.25": [0, 0, -80],
						"2.5": [0, 0, 0],
						"10.0": [0, 0, 0]
					}
				},
				"right_hole": {
					"rotation": {
						"0.0": [0, 0, -147.5],
						"1.0": [0, 0, -147.5],
						"1.5": [0, 0, -139.31],
						"1.75": [0, 0, 0],
						"10.0": [0, 0, 0]
					}
				},
				"lid": {
					"rotation": {
						"0.0": {
							"post": [-137.5, 0, 0],
							"lerp_mode": "catmullrom"
						},
						"2.0": {
							"post": [-137.5, 0, 0],
							"lerp_mode": "catmullrom"
						},
						"2.75": {
							"post": [-124.61, 0, 0],
							"lerp_mode": "catmullrom"
						},
						"3.0": {
							"post": [0, 0, 0],
							"lerp_mode": "catmullrom"
						},
						"3.0417": {
							"post": [-5, 0, 0],
							"lerp_mode": "catmullrom"
						},
						"3.0833": {
							"post": [0, 0, 0],
							"lerp_mode": "catmullrom"
						},
						"10.0": {
							"post": [0, 0, 0],
							"lerp_mode": "catmullrom"
						}
					}
				},
				"leftArm": {
					"rotation": {
						"0.0": {
							"post": [0, 0, 45],
							"lerp_mode": "catmullrom"
						},
						"0.25": {
							"post": [0, 0, 0],
							"lerp_mode": "catmullrom"
						},
						"0.5": {
							"post": [0, 0, 0],
							"lerp_mode": "catmullrom"
						},
						"0.75": {
							"post": [0, 0, 0],
							"lerp_mode": "catmullrom"
						},
						"10.0": {
							"post": [0, 0, 0],
							"lerp_mode": "catmullrom"
						}
					},
					"position": {
						"0.0": {
							"post": [18, 0, 0],
							"lerp_mode": "catmullrom"
						},
						"0.25": {
							"post": [18, 0, 0],
							"lerp_mode": "catmullrom"
						},
						"0.5": {
							"post": [18, 0, 0],
							"lerp_mode": "catmullrom"
						},
						"0.75": {
							"post": [1, 0, 0],
							"lerp_mode": "catmullrom"
						},
						"10.0": {
							"post": [0, 0, 0],
							"lerp_mode": "catmullrom"
						}
					}
				},
				"leftArm2": {
					"rotation": {
						"0.0": {
							"post": [0, 0, 27.5],
							"lerp_mode": "catmullrom"
						},
						"0.25": {
							"post": [0, 0, 0],
							"lerp_mode": "catmullrom"
						},
						"0.5": {
							"post": [0, 0, 0],
							"lerp_mode": "catmullrom"
						},
						"0.75": {
							"post": [0, 0, 0],
							"lerp_mode": "catmullrom"
						},
						"10.0": [0, 0, 0]
					},
					"position": {
						"0.0": {
							"post": [10, -13, 0],
							"lerp_mode": "catmullrom"
						},
						"0.25": {
							"post": [3, -5, 0],
							"lerp_mode": "catmullrom"
						},
						"0.5": {
							"post": [3, -5, 0],
							"lerp_mode": "catmullrom"
						},
						"0.75": {
							"post": [0, 0, 0],
							"lerp_mode": "catmullrom"
						},
						"10.0": [0, 0, 0]
					}
				},
				"leftArm3": {
					"rotation": {
						"0.0": {
							"post": [-105, 0, 0],
							"lerp_mode": "catmullrom"
						},
						"0.25": {
							"post": [-142.5, 0, 0],
							"lerp_mode": "catmullrom"
						},
						"0.5": {
							"post": [-142.5, 0, 0],
							"lerp_mode": "catmullrom"
						},
						"0.75": {
							"post": [0, 0, 0],
							"lerp_mode": "catmullrom"
						},
						"10.0": [0, 0, 0]
					}
				},
				"rightArm": {
					"rotation": {
						"0.0": {
							"post": [0, 0, -45],
							"lerp_mode": "catmullrom"
						},
						"1.0": {
							"post": [0, 0, -45],
							"lerp_mode": "catmullrom"
						},
						"1.375": {
							"post": [0, 0, 0],
							"lerp_mode": "catmullrom"
						},
						"1.75": [0, 0, 0],
						"10.0": [0, 0, 0]
					},
					"position": {
						"0.0": {
							"post": [-14, 0, 0],
							"lerp_mode": "catmullrom"
						},
						"1.0": {
							"post": [-14, 0, 0],
							"lerp_mode": "catmullrom"
						},
						"1.375": {
							"post": [-13.42, 0, 0],
							"lerp_mode": "catmullrom"
						},
						"1.75": [1, 0, 0],
						"10.0": [0, 0, 0]
					}
				},
				"rightArm2": {
					"rotation": {
						"0.0": {
							"post": [0, 0, -27.5],
							"lerp_mode": "catmullrom"
						},
						"1.0": {
							"post": [0, 0, -27.5],
							"lerp_mode": "catmullrom"
						},
						"1.375": {
							"post": [0, 0, -17.5],
							"lerp_mode": "catmullrom"
						},
						"1.75": {
							"post": [0, 0, 0],
							"lerp_mode": "catmullrom"
						},
						"10.0": [0, 0, 0]
					},
					"position": {
						"0.0": {
							"post": [-11, -12, 0],
							"lerp_mode": "catmullrom"
						},
						"1.0": {
							"post": [-11, -12, 0],
							"lerp_mode": "catmullrom"
						},
						"1.375": {
							"post": [-9.54, -9.5, 0],
							"lerp_mode": "catmullrom"
						},
						"1.75": {
							"post": [0, 0, 0],
							"lerp_mode": "catmullrom"
						},
						"10.0": [0, 0, 0]
					}
				},
				"rightArm3": {
					"rotation": {
						"0.0": {
							"post": [-90, 0, 0],
							"lerp_mode": "catmullrom"
						},
						"1.0": {
							"post": [-90, 0, 0],
							"lerp_mode": "catmullrom"
						},
						"1.375": {
							"post": [-128.75, 0, 0],
							"lerp_mode": "catmullrom"
						},
						"1.75": {
							"post": [-97.5, 0, 0],
							"lerp_mode": "catmullrom"
						},
						"10.0": [0, 0, 0]
					},
					"position": {
						"1.375": {
							"pre": [0, 0, 0],
							"post": [0, 0, 0],
							"lerp_mode": "catmullrom"
						},
						"1.75": {
							"post": [5, 7, 0],
							"lerp_mode": "catmullrom"
						}
					}
				},
				"head": {
					"rotation": {
						"2.0": {
							"pre": [0, 0, 0],
							"post": [0, 0, 0],
							"lerp_mode": "catmullrom"
						},
						"2.25": {
							"post": [0, 0, 0],
							"lerp_mode": "catmullrom"
						},
						"2.75": [0, 0, 0],
						"10.0": [0, 0, 0]
					},
					"position": {
						"0.0": {
							"post": [0, 13, 0],
							"lerp_mode": "catmullrom"
						},
						"2.0": {
							"post": [0, 13, 0],
							"lerp_mode": "catmullrom"
						},
						"2.25": {
							"post": [0, 12.59, 0],
							"lerp_mode": "catmullrom"
						},
						"2.75": [0, 11.78, 0],
						"3.0": [0, 1.37, 0],
						"10.0": [0, 1.37, 0]
					}
				},
				"head2": {
					"rotation": {
						"2.0": {
							"pre": [0, 0, 0],
							"post": [0, 0, 0],
							"lerp_mode": "catmullrom"
						},
						"2.25": {
							"post": [-37.5, 0, 0],
							"lerp_mode": "catmullrom"
						},
						"2.4583": {
							"post": [13.51, 0, 0],
							"lerp_mode": "catmullrom"
						},
						"2.75": [-89.51, 0, 0],
						"10.0": [-89.51, 0, 0]
					},
					"position": {
						"0.0": {
							"post": [0, 12, -5],
							"lerp_mode": "catmullrom"
						},
						"2.0": {
							"post": [0, 12, -5],
							"lerp_mode": "catmullrom"
						},
						"2.25": {
							"post": [0, 11.63, -9.84],
							"lerp_mode": "catmullrom"
						},
						"2.4583": {
							"post": [0, 11.32, -4.58],
							"lerp_mode": "catmullrom"
						},
						"2.75": [0, 10.88, -13.4],
						"3.0": [0, 0.5, -11.94],
						"10.0": [0, 0.5, -11.94]
					}
				},
				"leftLeg": {
					"rotation": {
						"0.0": [0, 0, -7.5],
						"2.0": [0, 0, -7.5],
						"2.75": [0, -15, -19.3],
						"10.0": [0, 0, 0]
					},
					"position": {
						"0.0": [0, -18, 0],
						"2.0": [0, -18, 0],
						"2.25": [0, -7.44, 0],
						"2.5": [0, -7.44, 0],
						"2.75": [-8, 1.04, 0],
						"10.0": [0, 0, 0]
					}
				},
				"leftLeg2": {
					"rotation": {
						"0.0": [0, 0, 5],
						"2.0": [0, 0, 5],
						"10.0": [0, 0, 0]
					},
					"position": {
						"0.0": [2, -15, 0],
						"2.0": [2, -15, 0],
						"2.25": [1.94, -8.53, 0],
						"2.5": [1.94, -8.53, 0],
						"2.75": [1.81, -2.98, 0],
						"10.0": [0, 0, 0]
					}
				},
				"leftLeg3": {
					"rotation": {
						"0.0": [85, 0, 0],
						"2.5": [85, 0, 0],
						"3.0": [0, 0, 0]
					},
					"position": {
						"0.0": [0, 0.5, 0],
						"2.0": [0, 0.5, 0]
					}
				},
				"rightLeg": {
					"rotation": {
						"0.0": [0, 0, 7.5],
						"2.0": [0, 0, 7.5],
						"2.3333": [0, 0, 7.19],
						"2.5": [0, 0, 22.03],
						"10.0": [0, 0, 0]
					},
					"position": {
						"0.0": [0, -22, 0],
						"2.0": [0, -22, 0],
						"2.1667": [0, -12.54, 0],
						"2.3333": [0, -12.27, 0],
						"2.5": [12, -2, 0],
						"10.0": [0, 0, 0]
					}
				},
				"rightLeg2": {
					"rotation": {
						"0.0": [0, 0, -5],
						"2.0": [0, 0, -5],
						"2.3333": [0, 0, -4.79],
						"2.5": [0, 0, -4.69],
						"10.0": [0, 0, 0]
					},
					"position": {
						"0.0": [-1, -10, 0],
						"2.0": [-1, -9, 0],
						"2.3333": [-0.94, -8.44, 0],
						"2.5": [-0.94, 1.56, 0],
						"10.0": [0, 0, 0]
					}
				},
				"rightLeg3": {
					"rotation": {
						"0.0": [72.5, 0, 0],
						"2.4167": [72.5, 0, 0],
						"2.5": [0, 0, 0]
					},
					"position": {
						"0.0": [0, 0, 0],
						"2.0": [0, 0, 0],
						"2.4167": [0, 0, 0]
					}
				}
			}
		}
	}
}