{
  "resource_pack_name": "vanilla",
  "texture_name": "atlas.items",
  "texture_data": {
  "ic:reset": {
      "textures": "textures/items/pamobile/ic_reset"
    }, 
    "ic:web_shooter": {
      "textures": "textures/items/pamobile/ic_web_shooter"
    }, 
    "ic:boxy_jump": {
      "textures": "textures/items/pamobile/ic_boxy_jump"
    }, 
  "ic:boxy": {
      "textures": "textures/items/pamobile/ic_boxy"
    },
    "ic:huggy": {
      "textures": "textures/items/pamobile/ic_huggy_evil"
    },
    "ic:huggy_vent": {
      "textures": "textures/items/pamobile/ic_huggy_evil"
    },
    "ic:huggy_statue": {
      "textures": "textures/items/pamobile/ic_huggy"
    },
    "ic:lounge": {
      "textures": "textures/items/pamobile/ic_lounge"
    },
    "ic:boxy_closed": {
      "textures": "textures/items/pamobile/ic_boxy_closed"
    },
    "ic:longlegs": {
      "textures": "textures/items/pamobile/ic_longlegs"
    },
    "ic:longlegs_mad": {
      "textures": "textures/items/pamobile/ic_longlegs_mad"
    },
    "ic:boogie": {
      "textures": "textures/items/pamobile/ic_boogie"
    },
    "ic:bron": {
      "textures": "textures/items/pamobile/ic_bron"
    },
    "ic:petrock": {
      "textures": "textures/items/pamobile/ic_petrock"
    },
    "ic:hare": {
      "textures": "textures/items/pamobile/ic_hare"
    },
    "ic:kmp": {
      "textures": "textures/items/pamobile/ic_kmp"
    },
    "ic:catbee": {
      "textures": "textures/items/pamobile/ic_catbee"
    },
    "ic:bunzo": {
      "textures": "textures/items/pamobile/ic_bunzo"
    },
    "ic:barry": {
      "textures": "textures/items/pamobile/ic_barry"
    },
    "ic:candy": {
      "textures": "textures/items/pamobile/ic_candy"
    },
    "ic:daisy": {
      "textures": "textures/items/pamobile/ic_daisy"
    },
    "ic:daisy_puppet": {
      "textures": "textures/items/pamobile/ic_daisy_puppet"
    },
    "ic:huggy_barrels": {
      "textures": "textures/items/pamobile/ic_huggy_barrels"
    },
    "ic:owen": {
      "textures": "textures/items/pamobile/ic_owen"
    },
    "ic:sir_poops": {
      "textures": "textures/items/pamobile/ic_sir_poops"
    },
    "ic:missy": {
      "textures": "textures/items/pamobile/ic_missy"
    },
    "ic:poppy": {
      "textures": "textures/items/pamobile/ic_poppy"
    },
    "ic:wuggy_green": {
      "textures": "textures/items/pamobile/ic_wuggy_green"
    },
    "ic:wuggy_blue": {
      "textures": "textures/items/pamobile/ic_wuggy_blue"
    },
    "ic:wuggy_purple": {
      "textures": "textures/items/pamobile/ic_wuggy_purple"
    },
    "ic:wuggy_red": {
      "textures": "textures/items/pamobile/ic_wuggy_red"
    },
    "ic:wuggy_yellow": {
      "textures": "textures/items/pamobile/ic_wuggy_yellow"
    },
    "ic:handle": {
      "textures": "textures/items/pamobile/ic_handle"
    },
    "ic:ring": {
      "textures": "textures/items/pamobile/ic_ring"
    },
    "ic:pugpillar": {
      "textures": "textures/items/pamobile/ic_pugpillar"
    }, 
    "ic:cutout_huggy": {
      "textures": "textures/items/pamobile/ic_cutout_huggy"
    }, 
    "ic:cutout_bunzo": {
      "textures": "textures/items/pamobile/ic_cutout_bunzo"
    }, 
    "ic:cutout_boogie": {
      "textures": "textures/items/pamobile/ic_cutout_boogie"
    }, 
    "ic:cutout_bron": {
      "textures": "textures/items/pamobile/ic_cutout_bron"
    }, 
    "ic:cutout_candy": {
      "textures": "textures/items/pamobile/ic_cutout_candy"
    }, 
    "ic:cutout_catbee": {
      "textures": "textures/items/pamobile/ic_cutout_catbee"
    }, 
    "ic:cutout_daisy": {
      "textures": "textures/items/pamobile/ic_cutout_daisy"
    }, 
    "ic:cutout_longlegs": {
      "textures": "textures/items/pamobile/ic_cutout_longlegs"
    }, 
    "ic:cutout_missy": {
      "textures": "textures/items/pamobile/ic_cutout_missy"
    }, 
    "ic:cutout_pj": {
      "textures": "textures/items/pamobile/ic_cutout_pj"
    }, 
    "ic:generator": {
      "textures": "textures/items/pamobile/ic_green_source"
    }, 
    "ic:receiver": {
      "textures": "textures/items/pamobile/ic_green_receiver"
    }, 
    "ic:door_blue": {
      "textures": "textures/items/pamobile/ic_small_door_blue"
    }, 
    "ic:door_pull": {
      "textures": "textures/items/pamobile/ic_small_door_empty"
    }, 
    "ic:door_red": {
      "textures": "textures/items/pamobile/ic_small_door_red"
    }, 
    "ic:door_fixer": {
      "textures": "textures/items/pamobile/ic_door_fixer"
    }, 
    "ic:door_both": {
      "textures": "textures/items/pamobile/ic_small_door_both"
    }, 
    "ic:vent_door": {
      "textures": "textures/items/pamobile/ic_vent_door"
    }, 
    "ic:vent_door_both": {
      "textures": "textures/items/pamobile/ic_vent_door_both"
    }, 
    "ic:gate": {
      "textures": "textures/items/pamobile/ic_gate"
    }, 
    "ic:grabpackbluegreen": {
      "textures": "textures/items/pamobile/ic_grabpack_bluegreen"
    }, 
    "ic:grabpackblueonly": {
      "textures": "textures/items/pamobile/ic_grabpack_blueonly"
    }, 
    "ic:grabpackbluered": {
      "textures": "textures/items/pamobile/ic_grabpack_bluered"
    }, 
    "ic:grabpackgreen": {
      "textures": "textures/items/pamobile/ic_grabpack"
    }, 
    "ic:grabpackblue": {
      "textures": "textures/items/pamobile/ic_grabpackblue"
    }, 
    "ic:grabpackred": {
      "textures": "textures/items/pamobile/ic_grabpackred"
    } 
  } 
}