{
	"format_version": "1.8.0",
	"animations": {
		"animation.ic_huggywalk": {
			"loop": true,
			"animation_length": 1.5,
			"anim_time_update": "query.anim_time + query.delta_time * (query.ground_speed / 2)",
			"blend_weight" : "query.ground_speed <= 3.7 ? 1.0 : 0.0",
			"bones": {
				"body": {
					"rotation": {
						"0.0": {
							"post": [12.5, 0, -5],
							"lerp_mode": "catmullrom"
						},
						"0.375": {
							"post": [7.5, 0, 0],
							"lerp_mode": "catmullrom"
						},
						"0.75": {
							"post": [17.43745, -1.50179, 4.76968],
							"lerp_mode": "catmullrom"
						},
						"1.125": {
							"post": [7.5, 0, 0],
							"lerp_mode": "catmullrom"
						},
						"1.5": {
							"post": [12.5, 0, -5],
							"lerp_mode": "catmullrom"
						}
					},
					"position": {
						"0.0": {
							"post": [-1, -4, -1],
							"lerp_mode": "catmullrom"
						},
						"0.1875": {
							"post": [-1, -3, 0],
							"lerp_mode": "catmullrom"
						},
						"0.375": {
							"post": [0, -3, -1],
							"lerp_mode": "catmullrom"
						},
						"0.5625": {
							"post": [2, -3, 0],
							"lerp_mode": "catmullrom"
						},
						"0.75": {
							"post": [2, -4, -1],
							"lerp_mode": "catmullrom"
						},
						"0.9375": {
							"post": [2, -3, 0],
							"lerp_mode": "catmullrom"
						},
						"1.125": {
							"post": [0, -3, -1],
							"lerp_mode": "catmullrom"
						},
						"1.3125": {
							"post": [-1, -3, 0],
							"lerp_mode": "catmullrom"
						},
						"1.5": {
							"post": [-1, -4, -1],
							"lerp_mode": "catmullrom"
						}
					}
				},
				"head": {
					"rotation": {
						"0.0": {
							"post": [0, 0, 0],
							"lerp_mode": "catmullrom"
						},
						"1.5": {
							"post": [0, 0, 0],
							"lerp_mode": "catmullrom"
						}
					}
				},
				"rightArm": {
					"rotation": {
						"0.0": {
							"post": [-11.93845, 3.73171, 17.10967],
							"lerp_mode": "catmullrom"
						},
						"0.375": {
							"post": [-12.39638, 1.61888, 7.32417],
							"lerp_mode": "catmullrom"
						},
						"0.75": {
							"post": [-12.48848, -0.54093, -2.44081],
							"lerp_mode": "catmullrom"
						},
						"1.125": {
							"post": [-12.39638, 1.61888, 7.32417],
							"lerp_mode": "catmullrom"
						},
						"1.5": {
							"post": [-11.93845, 3.73171, 17.10967],
							"lerp_mode": "catmullrom"
						}
					}
				},
				"rightArm2": {
					"rotation": {
						"0.0": {
							"post": [0, 0, -17.5],
							"lerp_mode": "catmullrom"
						},
						"0.375": {
							"post": [0, 0, -15],
							"lerp_mode": "catmullrom"
						},
						"0.75": {
							"post": [0, 0, 10],
							"lerp_mode": "catmullrom"
						},
						"1.125": {
							"post": [0, 0, -15],
							"lerp_mode": "catmullrom"
						},
						"1.5": {
							"post": [0, 0, -17.5],
							"lerp_mode": "catmullrom"
						}
					}
				},
				"rightArm3": {
					"rotation": {
						"0.0": {
							"post": [0, 0, 2.5],
							"lerp_mode": "catmullrom"
						},
						"0.375": {
							"post": [0, 0, 10],
							"lerp_mode": "catmullrom"
						},
						"0.75": {
							"post": [0, 0, -20],
							"lerp_mode": "catmullrom"
						},
						"1.125": {
							"post": [0, 0, 10],
							"lerp_mode": "catmullrom"
						},
						"1.5": {
							"post": [0, 0, 2.5],
							"lerp_mode": "catmullrom"
						}
					}
				},
				"rightArm4": {
					"rotation": {
						"0.0": {
							"post": [0, 0, 12.5],
							"lerp_mode": "catmullrom"
						},
						"0.375": {
							"post": [0, 0, -2.5],
							"lerp_mode": "catmullrom"
						},
						"0.75": {
							"post": [0, 0, -12.5],
							"lerp_mode": "catmullrom"
						},
						"1.125": {
							"post": [0, 0, -5],
							"lerp_mode": "catmullrom"
						},
						"1.5": {
							"post": [0, 0, 12.5],
							"lerp_mode": "catmullrom"
						}
					}
				},
				"rightArm5": {
					"rotation": {
						"0.0": {
							"post": [0, 0, 5],
							"lerp_mode": "catmullrom"
						},
						"0.375": {
							"post": [0, 0, 5],
							"lerp_mode": "catmullrom"
						},
						"0.75": {
							"post": [0, 0, 0],
							"lerp_mode": "catmullrom"
						},
						"1.125": {
							"post": [0, 0, 2.5],
							"lerp_mode": "catmullrom"
						},
						"1.5": {
							"post": [0, 0, 5],
							"lerp_mode": "catmullrom"
						}
					}
				},
				"rightArm6": {
					"rotation": {
						"0.0": {
							"post": [0, 0, -17.5],
							"lerp_mode": "catmullrom"
						},
						"0.375": {
							"post": [0, 0, -14.06],
							"lerp_mode": "catmullrom"
						},
						"0.75": {
							"post": [0, 0, -27.5],
							"lerp_mode": "catmullrom"
						},
						"1.125": {
							"post": [0, 0, -14.06],
							"lerp_mode": "catmullrom"
						},
						"1.5": {
							"post": [0, 0, -17.5],
							"lerp_mode": "catmullrom"
						}
					}
				},
				"leftArm": {
					"rotation": {
						"0.0": {
							"post": [-17.48436, -0.75155, -2.38443],
							"lerp_mode": "catmullrom"
						},
						"0.375": {
							"post": [-17.35932, -2.24944, -7.15656],
							"lerp_mode": "catmullrom"
						},
						"0.75": {
							"post": [-16.73634, -5.188, -16.73634],
							"lerp_mode": "catmullrom"
						},
						"1.125": {
							"post": [-17.35932, -2.24944, -7.15656],
							"lerp_mode": "catmullrom"
						},
						"1.5": {
							"post": [-17.48436, -0.75155, -2.38443],
							"lerp_mode": "catmullrom"
						}
					}
				},
				"leftArm2": {
					"rotation": {
						"0.0": {
							"post": [0, 0, 10],
							"lerp_mode": "catmullrom"
						},
						"0.375": {
							"post": [0, 0, 7.5],
							"lerp_mode": "catmullrom"
						},
						"0.75": {
							"post": [0, 0, 10],
							"lerp_mode": "catmullrom"
						},
						"1.125": {
							"post": [0, 0, 7.5],
							"lerp_mode": "catmullrom"
						},
						"1.5": {
							"post": [0, 0, 10],
							"lerp_mode": "catmullrom"
						}
					}
				},
				"leftArm3": {
					"rotation": {
						"0.0": {
							"post": [0, 0, -5],
							"lerp_mode": "catmullrom"
						},
						"0.375": {
							"post": [0, 0, -2.5],
							"lerp_mode": "catmullrom"
						},
						"0.75": {
							"post": [0, 0, -20],
							"lerp_mode": "catmullrom"
						},
						"1.125": {
							"post": [0, 0, -2.5],
							"lerp_mode": "catmullrom"
						},
						"1.5": {
							"post": [0, 0, -5],
							"lerp_mode": "catmullrom"
						}
					}
				},
				"leftArm4": {
					"rotation": {
						"0.0": {
							"post": [0, 0, 17.5],
							"lerp_mode": "catmullrom"
						},
						"0.375": {
							"post": [0, 0, 10],
							"lerp_mode": "catmullrom"
						},
						"0.75": {
							"post": [0, 0, 22.5],
							"lerp_mode": "catmullrom"
						},
						"1.125": {
							"post": [0, 0, 10],
							"lerp_mode": "catmullrom"
						},
						"1.5": {
							"post": [0, 0, 17.5],
							"lerp_mode": "catmullrom"
						}
					}
				},
				"leftArm5": {
					"rotation": {
						"0.0": {
							"post": [0, 0, -12.5],
							"lerp_mode": "catmullrom"
						},
						"0.375": {
							"post": [0, 0, -15],
							"lerp_mode": "catmullrom"
						},
						"0.75": {
							"post": [0, 0, -10],
							"lerp_mode": "catmullrom"
						},
						"1.125": {
							"post": [0, 0, -15],
							"lerp_mode": "catmullrom"
						},
						"1.5": {
							"post": [0, 0, -12.5],
							"lerp_mode": "catmullrom"
						}
					}
				},
				"leftArm6": {
					"rotation": {
						"0.0": {
							"post": [0, 0, 22.5],
							"lerp_mode": "catmullrom"
						},
						"0.375": {
							"post": [0, 0, 10],
							"lerp_mode": "catmullrom"
						},
						"0.75": {
							"post": [0, 0, -7.5],
							"lerp_mode": "catmullrom"
						},
						"1.125": {
							"post": [0, 0, 10],
							"lerp_mode": "catmullrom"
						},
						"1.5": {
							"post": [0, 0, 22.5],
							"lerp_mode": "catmullrom"
						}
					}
				},
				"leftLeg": {
					"rotation": {
						"0.0": {
							"post": [5, 0, 0],
							"lerp_mode": "catmullrom"
						},
						"0.375": {
							"post": [-19.9299, -1.70818, -4.69986],
							"lerp_mode": "catmullrom"
						},
						"0.75": {
							"post": [-17.32648, -2.86313, -6.93488],
							"lerp_mode": "catmullrom"
						},
						"1.125": {
							"post": [-2.47864, -0.32621, -7.49294],
							"lerp_mode": "catmullrom"
						},
						"1.5": {
							"post": [5, 0, 0],
							"lerp_mode": "catmullrom"
						}
					},
					"position": {
						"0.0": {
							"post": [-1, 0, -1],
							"lerp_mode": "catmullrom"
						},
						"0.375": {
							"post": [0, 1, -1],
							"lerp_mode": "catmullrom"
						},
						"0.75": {
							"post": [2, 0, -1],
							"lerp_mode": "catmullrom"
						},
						"1.125": {
							"post": [0, 0, 0],
							"lerp_mode": "catmullrom"
						},
						"1.5": {
							"post": [-1, 0, -1],
							"lerp_mode": "catmullrom"
						}
					}
				},
				"leftLeg2": {
					"rotation": {
						"0.0": {
							"post": [12.31594, 2.15393, -9.76758],
							"lerp_mode": "catmullrom"
						},
						"0.375": {
							"post": [2.4905, 0.21782, -4.99527],
							"lerp_mode": "catmullrom"
						},
						"0.75": {
							"post": [-4.99527, 0.21782, 2.4905],
							"lerp_mode": "catmullrom"
						},
						"1.125": {
							"post": [2.47864, -0.32621, 7.49294],
							"lerp_mode": "catmullrom"
						},
						"1.5": {
							"post": [12.31594, 2.15393, -9.76758],
							"lerp_mode": "catmullrom"
						}
					}
				},
				"leftLeg3": {
					"rotation": {
						"0.0": {
							"post": [-7.32417, 1.61888, 12.39638],
							"lerp_mode": "catmullrom"
						},
						"0.375": {
							"post": [-4.95744, 0.65182, 7.47178],
							"lerp_mode": "catmullrom"
						},
						"0.75": {
							"post": [2.47864, -0.32621, 7.49294],
							"lerp_mode": "catmullrom"
						},
						"1.125": {
							"post": [-2.4905, 0.21782, 4.99527],
							"lerp_mode": "catmullrom"
						},
						"1.5": {
							"post": [-7.32417, 1.61888, 12.39638],
							"lerp_mode": "catmullrom"
						}
					}
				},
				"leftLeg4": {
					"rotation": {
						"0.0": {
							"post": [9.76758, 2.15393, -12.31594],
							"lerp_mode": "catmullrom"
						},
						"0.375": {
							"post": [14.94548, -1.29256, 4.83045],
							"lerp_mode": "catmullrom"
						},
						"0.75": {
							"post": [12.2127, 2.68507, -12.2127],
							"lerp_mode": "catmullrom"
						},
						"1.125": {
							"post": [7.43656, 0.9762, -7.43656],
							"lerp_mode": "catmullrom"
						},
						"1.5": {
							"post": [9.76758, 2.15393, -12.31594],
							"lerp_mode": "catmullrom"
						}
					}
				},
				"leftLeg5": {
					"rotation": {
						"0.0": {
							"post": [-2.47864, -0.32621, -7.49294],
							"lerp_mode": "catmullrom"
						},
						"0.375": {
							"post": [4.95744, 0.65182, -7.47178],
							"lerp_mode": "catmullrom"
						},
						"0.75": {
							"post": [-7.43656, 0.9762, 7.43656],
							"lerp_mode": "catmullrom"
						},
						"1.125": {
							"post": [0, 0, 2.5],
							"lerp_mode": "catmullrom"
						},
						"1.5": {
							"post": [-2.47864, -0.32621, -7.49294],
							"lerp_mode": "catmullrom"
						}
					}
				},
				"leftLeg6": {
					"rotation": {
						"0.0": {
							"post": [9.70913, -2.37506, 15.10828],
							"lerp_mode": "catmullrom"
						},
						"0.375": {
							"post": [22.39696, 2.1152, -4.29404],
							"lerp_mode": "catmullrom"
						},
						"0.75": {
							"post": [2.60753, -1.09665, -14.6162],
							"lerp_mode": "catmullrom"
						},
						"1.125": {
							"post": [-7.43193, -1.09816, -9.58723],
							"lerp_mode": "catmullrom"
						},
						"1.5": {
							"post": [9.70913, -2.37506, 15.10828],
							"lerp_mode": "catmullrom"
						}
					}
				},
				"leftLeg7": {
					"rotation": {
						"0.0": {
							"post": [15, 0, 0],
							"lerp_mode": "catmullrom"
						},
						"0.375": {
							"post": [24.97911, -1.05627, 2.26603],
							"lerp_mode": "catmullrom"
						},
						"0.75": {
							"post": [2.41492, -0.64686, 14.98637],
							"lerp_mode": "catmullrom"
						},
						"1.125": {
							"post": [7.3, -0.3, 8.29],
							"lerp_mode": "catmullrom"
						},
						"1.5": {
							"post": [15, 0, 0],
							"lerp_mode": "catmullrom"
						}
					}
				},
				"rightLeg": {
					"rotation": {
						"0.0": {
							"post": [-7.47178, 0.65182, 4.95744],
							"lerp_mode": "catmullrom"
						},
						"0.375": {
							"post": [0, 0, 0],
							"lerp_mode": "catmullrom"
						},
						"0.75": {
							"post": [9.91615, -1.29876, 7.38733],
							"lerp_mode": "catmullrom"
						},
						"1.125": {
							"post": [-14.98637, 0.64686, 2.41492],
							"lerp_mode": "catmullrom"
						},
						"1.5": {
							"post": [-7.47178, 0.65182, 4.95744],
							"lerp_mode": "catmullrom"
						}
					},
					"position": {
						"0.0": {
							"post": [-1, 0, -1],
							"lerp_mode": "catmullrom"
						},
						"0.375": {
							"post": [0, 0, 0],
							"lerp_mode": "catmullrom"
						},
						"0.75": {
							"post": [2, 0, -2],
							"lerp_mode": "catmullrom"
						},
						"1.125": {
							"post": [0, 1, -2],
							"lerp_mode": "catmullrom"
						},
						"1.5": {
							"post": [-1, 0, -1],
							"lerp_mode": "catmullrom"
						}
					}
				},
				"rightLeg2": {
					"rotation": {
						"0.0": {
							"post": [-7.38733, 1.29876, 9.91615],
							"lerp_mode": "catmullrom"
						},
						"0.375": {
							"post": [7.47178, -0.65182, 4.95744],
							"lerp_mode": "catmullrom"
						},
						"0.75": {
							"post": [0, 0, 10],
							"lerp_mode": "catmullrom"
						},
						"1.125": {
							"post": [-17.43745, -1.50179, -4.76968],
							"lerp_mode": "catmullrom"
						},
						"1.5": {
							"post": [-7.38733, 1.29876, 9.91615],
							"lerp_mode": "catmullrom"
						}
					}
				},
				"rightLeg3": {
					"rotation": {
						"0.0": {
							"post": [4.92442, 0.86717, -9.96271],
							"lerp_mode": "catmullrom"
						},
						"0.375": {
							"post": [-4.95744, -0.65182, -7.47178],
							"lerp_mode": "catmullrom"
						},
						"0.75": {
							"post": [-9.85108, -1.72794, -9.85108],
							"lerp_mode": "catmullrom"
						},
						"1.125": {
							"post": [9.96271, -0.86717, 4.92442],
							"lerp_mode": "catmullrom"
						},
						"1.5": {
							"post": [4.92442, 0.86717, -9.96271],
							"lerp_mode": "catmullrom"
						}
					}
				},
				"rightLeg4": {
					"rotation": {
						"0.0": {
							"post": [9.85108, 1.72794, -9.85108],
							"lerp_mode": "catmullrom"
						},
						"0.375": {
							"post": [-4.95744, 0.65182, 7.47178],
							"lerp_mode": "catmullrom"
						},
						"0.75": {
							"post": [17.35932, 2.24944, -7.15656],
							"lerp_mode": "catmullrom"
						},
						"1.125": {
							"post": [2.4905, 0.21782, -4.99527],
							"lerp_mode": "catmullrom"
						},
						"1.5": {
							"post": [9.85108, 1.72794, -9.85108],
							"lerp_mode": "catmullrom"
						}
					}
				},
				"rightLeg5": {
					"rotation": {
						"0.0": {
							"post": [-7.38733, 1.29876, 9.91615],
							"lerp_mode": "catmullrom"
						},
						"0.375": {
							"post": [0, 0, 12.5],
							"lerp_mode": "catmullrom"
						},
						"0.75": {
							"post": [4.95744, 0.65182, -7.47178],
							"lerp_mode": "catmullrom"
						},
						"1.125": {
							"post": [9.96271, -0.86717, 4.92442],
							"lerp_mode": "catmullrom"
						},
						"1.5": {
							"post": [-7.38733, 1.29876, 9.91615],
							"lerp_mode": "catmullrom"
						}
					}
				},
				"rightLeg6": {
					"rotation": {
						"0.0": {
							"post": [-4.88206, 1.08089, 12.45392],
							"lerp_mode": "catmullrom"
						},
						"0.375": {
							"post": [7.47178, 0.65182, -4.95744],
							"lerp_mode": "catmullrom"
						},
						"0.75": {
							"post": [12.2127, -2.68507, 12.2127],
							"lerp_mode": "catmullrom"
						},
						"1.125": {
							"post": [0, 0, 7.5],
							"lerp_mode": "catmullrom"
						},
						"1.5": {
							"post": [-4.88206, 1.08089, 12.45392],
							"lerp_mode": "catmullrom"
						}
					}
				},
				"rightLeg7": {
					"rotation": {
						"0.0": {
							"post": [-7.15656, -2.24944, -17.35932],
							"lerp_mode": "catmullrom"
						},
						"0.375": {
							"post": [-2.44081, -0.54094, -12.48848],
							"lerp_mode": "catmullrom"
						},
						"0.75": {
							"post": [14.94548, 1.29256, -4.83045],
							"lerp_mode": "catmullrom"
						},
						"1.125": {
							"post": [0, 0, -7.5],
							"lerp_mode": "catmullrom"
						},
						"1.5": {
							"post": [-7.15656, -2.24944, -17.35932],
							"lerp_mode": "catmullrom"
						}
					}
				},
				"main": {
					"position": {
						"0.0": {
							"post": [0, -1, 0],
							"lerp_mode": "catmullrom"
						},
						"0.375": {
							"post": [0, 0, 0],
							"lerp_mode": "catmullrom"
						},
						"0.75": {
							"post": [0, -1, 0],
							"lerp_mode": "catmullrom"
						},
						"1.125": {
							"post": [0, 0, 0],
							"lerp_mode": "catmullrom"
						},
						"1.5": {
							"post": [0, -1, 0],
							"lerp_mode": "catmullrom"
						}
					}
				}
			}
		},
		"animation.ic_huggy_morph_walk": {
			"loop": true,
			"animation_length": 1.5,
			"anim_time_update": "query.anim_time + query.delta_time * (query.ground_speed / 2)",
			"blend_weight" : "(query.is_sneaking || query.is_sprinting) ? 0.0 : 1.0",
			"bones": {
				"body": {
					"rotation": {
						"0.0": {
							"post": [12.5, 0, -5],
							"lerp_mode": "catmullrom"
						},
						"0.375": {
							"post": [7.5, 0, 0],
							"lerp_mode": "catmullrom"
						},
						"0.75": {
							"post": [17.43745, -1.50179, 4.76968],
							"lerp_mode": "catmullrom"
						},
						"1.125": {
							"post": [7.5, 0, 0],
							"lerp_mode": "catmullrom"
						},
						"1.5": {
							"post": [12.5, 0, -5],
							"lerp_mode": "catmullrom"
						}
					},
					"position": {
						"0.0": {
							"post": [-1, -4, -1],
							"lerp_mode": "catmullrom"
						},
						"0.1875": {
							"post": [-1, -3, 0],
							"lerp_mode": "catmullrom"
						},
						"0.375": {
							"post": [0, -3, -1],
							"lerp_mode": "catmullrom"
						},
						"0.5625": {
							"post": [2, -3, 0],
							"lerp_mode": "catmullrom"
						},
						"0.75": {
							"post": [2, -4, -1],
							"lerp_mode": "catmullrom"
						},
						"0.9375": {
							"post": [2, -3, 0],
							"lerp_mode": "catmullrom"
						},
						"1.125": {
							"post": [0, -3, -1],
							"lerp_mode": "catmullrom"
						},
						"1.3125": {
							"post": [-1, -3, 0],
							"lerp_mode": "catmullrom"
						},
						"1.5": {
							"post": [-1, -4, -1],
							"lerp_mode": "catmullrom"
						}
					}
				},
				"head": {
					"rotation": {
						"0.0": {
							"post": [0, 0, 0],
							"lerp_mode": "catmullrom"
						},
						"1.5": {
							"post": [0, 0, 0],
							"lerp_mode": "catmullrom"
						}
					}
				},
				"rightArm": {
					"rotation": {
						"0.0": {
							"post": [-11.93845, 3.73171, 17.10967],
							"lerp_mode": "catmullrom"
						},
						"0.375": {
							"post": [-12.39638, 1.61888, 7.32417],
							"lerp_mode": "catmullrom"
						},
						"0.75": {
							"post": [-12.48848, -0.54093, -2.44081],
							"lerp_mode": "catmullrom"
						},
						"1.125": {
							"post": [-12.39638, 1.61888, 7.32417],
							"lerp_mode": "catmullrom"
						},
						"1.5": {
							"post": [-11.93845, 3.73171, 17.10967],
							"lerp_mode": "catmullrom"
						}
					}
				},
				"rightArm2": {
					"rotation": {
						"0.0": {
							"post": [0, 0, -17.5],
							"lerp_mode": "catmullrom"
						},
						"0.375": {
							"post": [0, 0, -15],
							"lerp_mode": "catmullrom"
						},
						"0.75": {
							"post": [0, 0, 10],
							"lerp_mode": "catmullrom"
						},
						"1.125": {
							"post": [0, 0, -15],
							"lerp_mode": "catmullrom"
						},
						"1.5": {
							"post": [0, 0, -17.5],
							"lerp_mode": "catmullrom"
						}
					}
				},
				"rightArm3": {
					"rotation": {
						"0.0": {
							"post": [0, 0, 2.5],
							"lerp_mode": "catmullrom"
						},
						"0.375": {
							"post": [0, 0, 10],
							"lerp_mode": "catmullrom"
						},
						"0.75": {
							"post": [0, 0, -20],
							"lerp_mode": "catmullrom"
						},
						"1.125": {
							"post": [0, 0, 10],
							"lerp_mode": "catmullrom"
						},
						"1.5": {
							"post": [0, 0, 2.5],
							"lerp_mode": "catmullrom"
						}
					}
				},
				"rightArm4": {
					"rotation": {
						"0.0": {
							"post": [0, 0, 12.5],
							"lerp_mode": "catmullrom"
						},
						"0.375": {
							"post": [0, 0, -2.5],
							"lerp_mode": "catmullrom"
						},
						"0.75": {
							"post": [0, 0, -12.5],
							"lerp_mode": "catmullrom"
						},
						"1.125": {
							"post": [0, 0, -5],
							"lerp_mode": "catmullrom"
						},
						"1.5": {
							"post": [0, 0, 12.5],
							"lerp_mode": "catmullrom"
						}
					}
				},
				"rightArm5": {
					"rotation": {
						"0.0": {
							"post": [0, 0, 5],
							"lerp_mode": "catmullrom"
						},
						"0.375": {
							"post": [0, 0, 5],
							"lerp_mode": "catmullrom"
						},
						"0.75": {
							"post": [0, 0, 0],
							"lerp_mode": "catmullrom"
						},
						"1.125": {
							"post": [0, 0, 2.5],
							"lerp_mode": "catmullrom"
						},
						"1.5": {
							"post": [0, 0, 5],
							"lerp_mode": "catmullrom"
						}
					}
				},
				"rightArm6": {
					"rotation": {
						"0.0": {
							"post": [0, 0, -17.5],
							"lerp_mode": "catmullrom"
						},
						"0.375": {
							"post": [0, 0, -14.06],
							"lerp_mode": "catmullrom"
						},
						"0.75": {
							"post": [0, 0, -27.5],
							"lerp_mode": "catmullrom"
						},
						"1.125": {
							"post": [0, 0, -14.06],
							"lerp_mode": "catmullrom"
						},
						"1.5": {
							"post": [0, 0, -17.5],
							"lerp_mode": "catmullrom"
						}
					}
				},
				"leftArm": {
					"rotation": {
						"0.0": {
							"post": [-17.48436, -0.75155, -2.38443],
							"lerp_mode": "catmullrom"
						},
						"0.375": {
							"post": [-17.35932, -2.24944, -7.15656],
							"lerp_mode": "catmullrom"
						},
						"0.75": {
							"post": [-16.73634, -5.188, -16.73634],
							"lerp_mode": "catmullrom"
						},
						"1.125": {
							"post": [-17.35932, -2.24944, -7.15656],
							"lerp_mode": "catmullrom"
						},
						"1.5": {
							"post": [-17.48436, -0.75155, -2.38443],
							"lerp_mode": "catmullrom"
						}
					}
				},
				"leftArm2": {
					"rotation": {
						"0.0": {
							"post": [0, 0, 10],
							"lerp_mode": "catmullrom"
						},
						"0.375": {
							"post": [0, 0, 7.5],
							"lerp_mode": "catmullrom"
						},
						"0.75": {
							"post": [0, 0, 10],
							"lerp_mode": "catmullrom"
						},
						"1.125": {
							"post": [0, 0, 7.5],
							"lerp_mode": "catmullrom"
						},
						"1.5": {
							"post": [0, 0, 10],
							"lerp_mode": "catmullrom"
						}
					}
				},
				"leftArm3": {
					"rotation": {
						"0.0": {
							"post": [0, 0, -5],
							"lerp_mode": "catmullrom"
						},
						"0.375": {
							"post": [0, 0, -2.5],
							"lerp_mode": "catmullrom"
						},
						"0.75": {
							"post": [0, 0, -20],
							"lerp_mode": "catmullrom"
						},
						"1.125": {
							"post": [0, 0, -2.5],
							"lerp_mode": "catmullrom"
						},
						"1.5": {
							"post": [0, 0, -5],
							"lerp_mode": "catmullrom"
						}
					}
				},
				"leftArm4": {
					"rotation": {
						"0.0": {
							"post": [0, 0, 17.5],
							"lerp_mode": "catmullrom"
						},
						"0.375": {
							"post": [0, 0, 10],
							"lerp_mode": "catmullrom"
						},
						"0.75": {
							"post": [0, 0, 22.5],
							"lerp_mode": "catmullrom"
						},
						"1.125": {
							"post": [0, 0, 10],
							"lerp_mode": "catmullrom"
						},
						"1.5": {
							"post": [0, 0, 17.5],
							"lerp_mode": "catmullrom"
						}
					}
				},
				"leftArm5": {
					"rotation": {
						"0.0": {
							"post": [0, 0, -12.5],
							"lerp_mode": "catmullrom"
						},
						"0.375": {
							"post": [0, 0, -15],
							"lerp_mode": "catmullrom"
						},
						"0.75": {
							"post": [0, 0, -10],
							"lerp_mode": "catmullrom"
						},
						"1.125": {
							"post": [0, 0, -15],
							"lerp_mode": "catmullrom"
						},
						"1.5": {
							"post": [0, 0, -12.5],
							"lerp_mode": "catmullrom"
						}
					}
				},
				"leftArm6": {
					"rotation": {
						"0.0": {
							"post": [0, 0, 22.5],
							"lerp_mode": "catmullrom"
						},
						"0.375": {
							"post": [0, 0, 10],
							"lerp_mode": "catmullrom"
						},
						"0.75": {
							"post": [0, 0, -7.5],
							"lerp_mode": "catmullrom"
						},
						"1.125": {
							"post": [0, 0, 10],
							"lerp_mode": "catmullrom"
						},
						"1.5": {
							"post": [0, 0, 22.5],
							"lerp_mode": "catmullrom"
						}
					}
				},
				"leftLeg": {
					"rotation": {
						"0.0": {
							"post": [5, 0, 0],
							"lerp_mode": "catmullrom"
						},
						"0.375": {
							"post": [-19.9299, -1.70818, -4.69986],
							"lerp_mode": "catmullrom"
						},
						"0.75": {
							"post": [-17.32648, -2.86313, -6.93488],
							"lerp_mode": "catmullrom"
						},
						"1.125": {
							"post": [-2.47864, -0.32621, -7.49294],
							"lerp_mode": "catmullrom"
						},
						"1.5": {
							"post": [5, 0, 0],
							"lerp_mode": "catmullrom"
						}
					},
					"position": {
						"0.0": {
							"post": [-1, 0, -1],
							"lerp_mode": "catmullrom"
						},
						"0.375": {
							"post": [0, 1, -1],
							"lerp_mode": "catmullrom"
						},
						"0.75": {
							"post": [2, 0, -1],
							"lerp_mode": "catmullrom"
						},
						"1.125": {
							"post": [0, 0, 0],
							"lerp_mode": "catmullrom"
						},
						"1.5": {
							"post": [-1, 0, -1],
							"lerp_mode": "catmullrom"
						}
					}
				},
				"leftLeg2": {
					"rotation": {
						"0.0": {
							"post": [12.31594, 2.15393, -9.76758],
							"lerp_mode": "catmullrom"
						},
						"0.375": {
							"post": [2.4905, 0.21782, -4.99527],
							"lerp_mode": "catmullrom"
						},
						"0.75": {
							"post": [-4.99527, 0.21782, 2.4905],
							"lerp_mode": "catmullrom"
						},
						"1.125": {
							"post": [2.47864, -0.32621, 7.49294],
							"lerp_mode": "catmullrom"
						},
						"1.5": {
							"post": [12.31594, 2.15393, -9.76758],
							"lerp_mode": "catmullrom"
						}
					}
				},
				"leftLeg3": {
					"rotation": {
						"0.0": {
							"post": [-7.32417, 1.61888, 12.39638],
							"lerp_mode": "catmullrom"
						},
						"0.375": {
							"post": [-4.95744, 0.65182, 7.47178],
							"lerp_mode": "catmullrom"
						},
						"0.75": {
							"post": [2.47864, -0.32621, 7.49294],
							"lerp_mode": "catmullrom"
						},
						"1.125": {
							"post": [-2.4905, 0.21782, 4.99527],
							"lerp_mode": "catmullrom"
						},
						"1.5": {
							"post": [-7.32417, 1.61888, 12.39638],
							"lerp_mode": "catmullrom"
						}
					}
				},
				"leftLeg4": {
					"rotation": {
						"0.0": {
							"post": [9.76758, 2.15393, -12.31594],
							"lerp_mode": "catmullrom"
						},
						"0.375": {
							"post": [14.94548, -1.29256, 4.83045],
							"lerp_mode": "catmullrom"
						},
						"0.75": {
							"post": [12.2127, 2.68507, -12.2127],
							"lerp_mode": "catmullrom"
						},
						"1.125": {
							"post": [7.43656, 0.9762, -7.43656],
							"lerp_mode": "catmullrom"
						},
						"1.5": {
							"post": [9.76758, 2.15393, -12.31594],
							"lerp_mode": "catmullrom"
						}
					}
				},
				"leftLeg5": {
					"rotation": {
						"0.0": {
							"post": [-2.47864, -0.32621, -7.49294],
							"lerp_mode": "catmullrom"
						},
						"0.375": {
							"post": [4.95744, 0.65182, -7.47178],
							"lerp_mode": "catmullrom"
						},
						"0.75": {
							"post": [-7.43656, 0.9762, 7.43656],
							"lerp_mode": "catmullrom"
						},
						"1.125": {
							"post": [0, 0, 2.5],
							"lerp_mode": "catmullrom"
						},
						"1.5": {
							"post": [-2.47864, -0.32621, -7.49294],
							"lerp_mode": "catmullrom"
						}
					}
				},
				"leftLeg6": {
					"rotation": {
						"0.0": {
							"post": [9.70913, -2.37506, 15.10828],
							"lerp_mode": "catmullrom"
						},
						"0.375": {
							"post": [22.39696, 2.1152, -4.29404],
							"lerp_mode": "catmullrom"
						},
						"0.75": {
							"post": [2.60753, -1.09665, -14.6162],
							"lerp_mode": "catmullrom"
						},
						"1.125": {
							"post": [-7.43193, -1.09816, -9.58723],
							"lerp_mode": "catmullrom"
						},
						"1.5": {
							"post": [9.70913, -2.37506, 15.10828],
							"lerp_mode": "catmullrom"
						}
					}
				},
				"leftLeg7": {
					"rotation": {
						"0.0": {
							"post": [15, 0, 0],
							"lerp_mode": "catmullrom"
						},
						"0.375": {
							"post": [24.97911, -1.05627, 2.26603],
							"lerp_mode": "catmullrom"
						},
						"0.75": {
							"post": [2.41492, -0.64686, 14.98637],
							"lerp_mode": "catmullrom"
						},
						"1.125": {
							"post": [7.3, -0.3, 8.29],
							"lerp_mode": "catmullrom"
						},
						"1.5": {
							"post": [15, 0, 0],
							"lerp_mode": "catmullrom"
						}
					}
				},
				"rightLeg": {
					"rotation": {
						"0.0": {
							"post": [-7.47178, 0.65182, 4.95744],
							"lerp_mode": "catmullrom"
						},
						"0.375": {
							"post": [0, 0, 0],
							"lerp_mode": "catmullrom"
						},
						"0.75": {
							"post": [9.91615, -1.29876, 7.38733],
							"lerp_mode": "catmullrom"
						},
						"1.125": {
							"post": [-14.98637, 0.64686, 2.41492],
							"lerp_mode": "catmullrom"
						},
						"1.5": {
							"post": [-7.47178, 0.65182, 4.95744],
							"lerp_mode": "catmullrom"
						}
					},
					"position": {
						"0.0": {
							"post": [-1, 0, -1],
							"lerp_mode": "catmullrom"
						},
						"0.375": {
							"post": [0, 0, 0],
							"lerp_mode": "catmullrom"
						},
						"0.75": {
							"post": [2, 0, -2],
							"lerp_mode": "catmullrom"
						},
						"1.125": {
							"post": [0, 1, -2],
							"lerp_mode": "catmullrom"
						},
						"1.5": {
							"post": [-1, 0, -1],
							"lerp_mode": "catmullrom"
						}
					}
				},
				"rightLeg2": {
					"rotation": {
						"0.0": {
							"post": [-7.38733, 1.29876, 9.91615],
							"lerp_mode": "catmullrom"
						},
						"0.375": {
							"post": [7.47178, -0.65182, 4.95744],
							"lerp_mode": "catmullrom"
						},
						"0.75": {
							"post": [0, 0, 10],
							"lerp_mode": "catmullrom"
						},
						"1.125": {
							"post": [-17.43745, -1.50179, -4.76968],
							"lerp_mode": "catmullrom"
						},
						"1.5": {
							"post": [-7.38733, 1.29876, 9.91615],
							"lerp_mode": "catmullrom"
						}
					}
				},
				"rightLeg3": {
					"rotation": {
						"0.0": {
							"post": [4.92442, 0.86717, -9.96271],
							"lerp_mode": "catmullrom"
						},
						"0.375": {
							"post": [-4.95744, -0.65182, -7.47178],
							"lerp_mode": "catmullrom"
						},
						"0.75": {
							"post": [-9.85108, -1.72794, -9.85108],
							"lerp_mode": "catmullrom"
						},
						"1.125": {
							"post": [9.96271, -0.86717, 4.92442],
							"lerp_mode": "catmullrom"
						},
						"1.5": {
							"post": [4.92442, 0.86717, -9.96271],
							"lerp_mode": "catmullrom"
						}
					}
				},
				"rightLeg4": {
					"rotation": {
						"0.0": {
							"post": [9.85108, 1.72794, -9.85108],
							"lerp_mode": "catmullrom"
						},
						"0.375": {
							"post": [-4.95744, 0.65182, 7.47178],
							"lerp_mode": "catmullrom"
						},
						"0.75": {
							"post": [17.35932, 2.24944, -7.15656],
							"lerp_mode": "catmullrom"
						},
						"1.125": {
							"post": [2.4905, 0.21782, -4.99527],
							"lerp_mode": "catmullrom"
						},
						"1.5": {
							"post": [9.85108, 1.72794, -9.85108],
							"lerp_mode": "catmullrom"
						}
					}
				},
				"rightLeg5": {
					"rotation": {
						"0.0": {
							"post": [-7.38733, 1.29876, 9.91615],
							"lerp_mode": "catmullrom"
						},
						"0.375": {
							"post": [0, 0, 12.5],
							"lerp_mode": "catmullrom"
						},
						"0.75": {
							"post": [4.95744, 0.65182, -7.47178],
							"lerp_mode": "catmullrom"
						},
						"1.125": {
							"post": [9.96271, -0.86717, 4.92442],
							"lerp_mode": "catmullrom"
						},
						"1.5": {
							"post": [-7.38733, 1.29876, 9.91615],
							"lerp_mode": "catmullrom"
						}
					}
				},
				"rightLeg6": {
					"rotation": {
						"0.0": {
							"post": [-4.88206, 1.08089, 12.45392],
							"lerp_mode": "catmullrom"
						},
						"0.375": {
							"post": [7.47178, 0.65182, -4.95744],
							"lerp_mode": "catmullrom"
						},
						"0.75": {
							"post": [12.2127, -2.68507, 12.2127],
							"lerp_mode": "catmullrom"
						},
						"1.125": {
							"post": [0, 0, 7.5],
							"lerp_mode": "catmullrom"
						},
						"1.5": {
							"post": [-4.88206, 1.08089, 12.45392],
							"lerp_mode": "catmullrom"
						}
					}
				},
				"rightLeg7": {
					"rotation": {
						"0.0": {
							"post": [-7.15656, -2.24944, -17.35932],
							"lerp_mode": "catmullrom"
						},
						"0.375": {
							"post": [-2.44081, -0.54094, -12.48848],
							"lerp_mode": "catmullrom"
						},
						"0.75": {
							"post": [14.94548, 1.29256, -4.83045],
							"lerp_mode": "catmullrom"
						},
						"1.125": {
							"post": [0, 0, -7.5],
							"lerp_mode": "catmullrom"
						},
						"1.5": {
							"post": [-7.15656, -2.24944, -17.35932],
							"lerp_mode": "catmullrom"
						}
					}
				},
				"main": {
					"position": {
						"0.0": {
							"post": [0, -1, 0],
							"lerp_mode": "catmullrom"
						},
						"0.375": {
							"post": [0, 0, 0],
							"lerp_mode": "catmullrom"
						},
						"0.75": {
							"post": [0, -1, 0],
							"lerp_mode": "catmullrom"
						},
						"1.125": {
							"post": [0, 0, 0],
							"lerp_mode": "catmullrom"
						},
						"1.5": {
							"post": [0, -1, 0],
							"lerp_mode": "catmullrom"
						}
					}
				}
			}
		} 
	}
}