{
	"format_version": "1.8.0",
	"animations": {
		"animation.ic_huggy.sprint": {
			"loop": true,
			"animation_length": 1.33333,
			"anim_time_update": "query.anim_time + query.delta_time * (query.ground_speed / 2)",
			"blend_weight" : "query.ground_speed > 3.7 ? 1.0 : 0.0",
			"bones": {
				"main": {
					"position": {
						"0.0": {
							"post": [0, -7, 0],
							"lerp_mode": "catmullrom"
						}
					}
				},
				"root": {
					"rotation": {
						"0.0": {
							"post": [107.64168, 7.15102, 2.26708],
							"lerp_mode": "catmullrom"
						},
						"0.3333": {
							"post": [97.5, 0, 0],
							"lerp_mode": "catmullrom"
						},
						"0.6667": {
							"post": [102.60443, -7.32123, -1.63219],
							"lerp_mode": "catmullrom"
						},
						"1.0": {
							"post": [90, 0, 0],
							"lerp_mode": "catmullrom"
						},
						"1.3333": {
							"post": [107.64168, 7.15102, 2.26708],
							"lerp_mode": "catmullrom"
						}
					},
					"position": {
						"0.0": {
							"post": [0, 1, 4],
							"lerp_mode": "catmullrom"
						},
						"0.3333": {
							"post": [0, 1, 4],
							"lerp_mode": "catmullrom"
						},
						"0.6667": {
							"post": [0, 1, 4],
							"lerp_mode": "catmullrom"
						},
						"1.0": {
							"post": [0, 1, 4],
							"lerp_mode": "catmullrom"
						},
						"1.3333": {
							"post": [0, 1, 4],
							"lerp_mode": "catmullrom"
						}
					}
				},
				"head": {
					"rotation": {
						"0.0": {
							"post": [-92.5, 0, 0],
							"lerp_mode": "catmullrom"
						},
						"0.3333": {
							"post": [-92.5, 0, 0],
							"lerp_mode": "catmullrom"
						},
						"0.6667": {
							"post": [-92.5, 0, 0],
							"lerp_mode": "catmullrom"
						},
						"1.0": {
							"post": [-92.5, 0, 0],
							"lerp_mode": "catmullrom"
						},
						"1.3333": {
							"post": [-92.5, 0, 0],
							"lerp_mode": "catmullrom"
						}
					},
					"position": {
						"0.0": {
							"post": [0, 0, -1],
							"lerp_mode": "catmullrom"
						},
						"0.3333": {
							"post": [0, 0, 0],
							"lerp_mode": "catmullrom"
						},
						"0.6667": {
							"post": [0, 0, -1],
							"lerp_mode": "catmullrom"
						},
						"1.0": {
							"post": [0, 0, 0],
							"lerp_mode": "catmullrom"
						},
						"1.3333": {
							"post": [0, 0, -1],
							"lerp_mode": "catmullrom"
						}
					}
				},
				"rightArm": {
					"rotation": {
						"0.0": {
							"post": [-82.5, 65, 90],
							"lerp_mode": "catmullrom"
						},
						"0.3333": {
							"post": [-86.34291, 30.1373, 85.03376],
							"lerp_mode": "catmullrom"
						},
						"0.6667": {
							"post": [-86.83189, 2.68671, 83.33905],
							"lerp_mode": "catmullrom"
						},
						"1.0": {
							"post": [-86.33771, 30.14323, 85.03202],
							"lerp_mode": "catmullrom"
						},
						"1.3333": {
							"post": [-82.5, 65, 90],
							"lerp_mode": "catmullrom"
						}
					},
					"position": {
						"0.0": {
							"post": [0, 1, 0],
							"lerp_mode": "catmullrom"
						},
						"0.3333": {
							"post": [0, 0, 0],
							"lerp_mode": "catmullrom"
						},
						"0.6667": {
							"post": [0, -1, 0],
							"lerp_mode": "catmullrom"
						},
						"1.0": {
							"post": [0, 1, 1],
							"lerp_mode": "catmullrom"
						},
						"1.3333": {
							"post": [0, 1, 0],
							"lerp_mode": "catmullrom"
						}
					}
				},
				"rightArm2": {
					"rotation": {
						"0.0": {
							"post": [0, 0, -15],
							"lerp_mode": "catmullrom"
						},
						"0.3333": {
							"post": [0, 0, -15],
							"lerp_mode": "catmullrom"
						},
						"0.6667": {
							"post": [0, 0, -25],
							"lerp_mode": "catmullrom"
						},
						"1.0": {
							"post": [0, 0, -5],
							"lerp_mode": "catmullrom"
						},
						"1.3333": {
							"post": [0, 0, -15],
							"lerp_mode": "catmullrom"
						}
					}
				},
				"rightArm3": {
					"rotation": {
						"0.0": {
							"post": [0, 0, -7.5],
							"lerp_mode": "catmullrom"
						},
						"0.3333": {
							"post": [0, 0, -7.5],
							"lerp_mode": "catmullrom"
						},
						"0.6667": {
							"post": [0, 0, -15],
							"lerp_mode": "catmullrom"
						},
						"1.0": {
							"post": [0, 0, -15],
							"lerp_mode": "catmullrom"
						},
						"1.3333": {
							"post": [0, 0, -7.5],
							"lerp_mode": "catmullrom"
						}
					}
				},
				"rightArm4": {
					"rotation": {
						"0.0": {
							"post": [0, 0, 12.5],
							"lerp_mode": "catmullrom"
						},
						"0.3333": {
							"post": [0, 0, -10],
							"lerp_mode": "catmullrom"
						},
						"0.6667": {
							"post": [0, 0, -10],
							"lerp_mode": "catmullrom"
						},
						"1.0": {
							"post": [0, 0, -25],
							"lerp_mode": "catmullrom"
						},
						"1.3333": {
							"post": [0, 0, 12.5],
							"lerp_mode": "catmullrom"
						}
					}
				},
				"rightArm5": {
					"rotation": {
						"0.0": {
							"post": [0, 0, 7.5],
							"lerp_mode": "catmullrom"
						},
						"0.3333": {
							"post": [0, 0, 30],
							"lerp_mode": "catmullrom"
						},
						"0.6667": {
							"post": [0, 0, 30],
							"lerp_mode": "catmullrom"
						},
						"1.0": {
							"post": [0, 0, -30],
							"lerp_mode": "catmullrom"
						},
						"1.3333": {
							"post": [0, 0, 7.5],
							"lerp_mode": "catmullrom"
						}
					}
				},
				"rightArm6": {
					"rotation": {
						"0.0": {
							"post": [0, 0, 17.5],
							"lerp_mode": "catmullrom"
						},
						"0.3333": {
							"post": [0, 0, 52.5],
							"lerp_mode": "catmullrom"
						},
						"0.6667": {
							"post": [0, 0, -10],
							"lerp_mode": "catmullrom"
						},
						"1.0": {
							"post": [0, 0, -10],
							"lerp_mode": "catmullrom"
						},
						"1.3333": {
							"post": [0, 0, 17.5],
							"lerp_mode": "catmullrom"
						}
					}
				},
				"leftArm": {
					"rotation": {
						"0.0": {
							"post": [-80, 30, -90],
							"lerp_mode": "catmullrom"
						},
						"0.3333": {
							"post": [-80.67537, -21.85416, -98.53604],
							"lerp_mode": "catmullrom"
						},
						"0.6667": {
							"post": [-80.08005, -29.24493, -99.92821],
							"lerp_mode": "catmullrom"
						},
						"1.0": {
							"post": [-81.32678, -4.55683, -95.74158],
							"lerp_mode": "catmullrom"
						},
						"1.3333": {
							"post": [-80, 30, -90],
							"lerp_mode": "catmullrom"
						}
					},
					"position": {
						"0.0": {
							"post": [0, -1, 0],
							"lerp_mode": "catmullrom"
						},
						"0.3333": {
							"post": [0, 1, 1],
							"lerp_mode": "catmullrom"
						},
						"0.6667": {
							"post": [0, 1, 0],
							"lerp_mode": "catmullrom"
						},
						"1.0": {
							"post": [0, 0, 0],
							"lerp_mode": "catmullrom"
						},
						"1.3333": {
							"post": [0, -1, 0],
							"lerp_mode": "catmullrom"
						}
					}
				},
				"leftArm2": {
					"rotation": {
						"0.0": {
							"post": [0, 0, 10],
							"lerp_mode": "catmullrom"
						},
						"0.3333": {
							"post": [0, 0, -20],
							"lerp_mode": "catmullrom"
						},
						"0.6667": {
							"post": [0, 0, -20],
							"lerp_mode": "catmullrom"
						},
						"1.0": {
							"post": [0, 0, -20],
							"lerp_mode": "catmullrom"
						},
						"1.3333": {
							"post": [0, 0, 10],
							"lerp_mode": "catmullrom"
						}
					}
				},
				"leftArm3": {
					"rotation": {
						"0.0": {
							"post": [0, 0, -12.5],
							"lerp_mode": "catmullrom"
						},
						"0.3333": {
							"post": [0, 0, 37.5],
							"lerp_mode": "catmullrom"
						},
						"0.6667": {
							"post": [0, 0, 22.5],
							"lerp_mode": "catmullrom"
						},
						"1.0": {
							"post": [0, 0, 22.5],
							"lerp_mode": "catmullrom"
						},
						"1.3333": {
							"post": [0, 0, -12.5],
							"lerp_mode": "catmullrom"
						}
					}
				},
				"leftArm4": {
					"rotation": {
						"0.0": {
							"post": [0, 0, -17.5],
							"lerp_mode": "catmullrom"
						},
						"0.3333": {
							"post": [0, 0, 2.5],
							"lerp_mode": "catmullrom"
						},
						"0.6667": {
							"post": [0, 0, -10],
							"lerp_mode": "catmullrom"
						},
						"1.0": {
							"post": [0, 0, -10],
							"lerp_mode": "catmullrom"
						},
						"1.3333": {
							"post": [0, 0, -17.5],
							"lerp_mode": "catmullrom"
						}
					}
				},
				"leftArm5": {
					"rotation": {
						"0.0": {
							"post": [0, 0, -12.5],
							"lerp_mode": "catmullrom"
						},
						"0.3333": {
							"post": [0, 0, 12.5],
							"lerp_mode": "catmullrom"
						},
						"0.6667": {
							"post": [0, 0, -2.5],
							"lerp_mode": "catmullrom"
						},
						"1.0": {
							"post": [0, 0, 25],
							"lerp_mode": "catmullrom"
						},
						"1.3333": {
							"post": [0, 0, -12.5],
							"lerp_mode": "catmullrom"
						}
					}
				},
				"leftArm6": {
					"rotation": {
						"0.0": {
							"post": [0, 0, 20],
							"lerp_mode": "catmullrom"
						},
						"0.3333": {
							"post": [0, 0, 35],
							"lerp_mode": "catmullrom"
						},
						"0.6667": {
							"post": [0, 0, -40],
							"lerp_mode": "catmullrom"
						},
						"1.0": {
							"post": [0, 0, -65],
							"lerp_mode": "catmullrom"
						},
						"1.3333": {
							"post": [0, 0, 20],
							"lerp_mode": "catmullrom"
						}
					}
				},
				"leftLeg": {
					"rotation": {
						"0.0": {
							"post": [94.28231, -5.06814, -8.81409],
							"lerp_mode": "catmullrom"
						},
						"0.3333": {
							"post": [94.33416, 9.88744, -7.68615],
							"lerp_mode": "catmullrom"
						},
						"0.6667": {
							"post": [43.58902, 13.36196, -11.364],
							"lerp_mode": "catmullrom"
						},
						"1.0": {
							"post": [44.33, 9.89, -7.69],
							"lerp_mode": "catmullrom"
						},
						"1.3333": {
							"post": [94.28231, -5.06814, -8.81409],
							"lerp_mode": "catmullrom"
						}
					},
					"position": {
						"0.0": {
							"post": [0, -2, 0],
							"lerp_mode": "catmullrom"
						},
						"0.3333": {
							"post": [0, -2, 0],
							"lerp_mode": "catmullrom"
						},
						"0.6667": {
							"post": [0, 0, 0],
							"lerp_mode": "catmullrom"
						},
						"1.0": {
							"post": [0, 1, 0],
							"lerp_mode": "catmullrom"
						},
						"1.3333": {
							"post": [0, -2, 0],
							"lerp_mode": "catmullrom"
						}
					}
				},
				"leftLeg2": {
					"rotation": {
						"0.0": {
							"post": [-55, 0, 0],
							"lerp_mode": "catmullrom"
						},
						"0.3333": {
							"post": [-32.5, 0, 0],
							"lerp_mode": "catmullrom"
						},
						"0.6667": {
							"post": [0, 0, 0],
							"lerp_mode": "catmullrom"
						},
						"1.0": {
							"post": [-17.5, 0, 0],
							"lerp_mode": "catmullrom"
						},
						"1.3333": {
							"post": [-55, 0, 0],
							"lerp_mode": "catmullrom"
						}
					},
					"position": {
						"0.0": {
							"post": [0, 0, 0],
							"lerp_mode": "catmullrom"
						},
						"0.6667": {
							"post": [0, 0, 0],
							"lerp_mode": "catmullrom"
						},
						"1.0": {
							"post": [0, 2, 1],
							"lerp_mode": "catmullrom"
						},
						"1.3333": {
							"post": [0, 0, 0],
							"lerp_mode": "catmullrom"
						}
					}
				},
				"leftLeg3": {
					"rotation": {
						"0.0": {
							"post": [-32.5, 0, 0],
							"lerp_mode": "catmullrom"
						},
						"0.3333": {
							"post": [-32.5, 0, 0],
							"lerp_mode": "catmullrom"
						},
						"0.6667": {
							"post": [0, 0, 0],
							"lerp_mode": "catmullrom"
						},
						"1.0": {
							"post": [-37.5, 0, 0],
							"lerp_mode": "catmullrom"
						},
						"1.3333": {
							"post": [-32.5, 0, 0],
							"lerp_mode": "catmullrom"
						}
					}
				},
				"leftLeg4": {
					"rotation": {
						"0.0": {
							"post": [-30, 0, 0],
							"lerp_mode": "catmullrom"
						},
						"0.3333": {
							"post": [-30, 0, 0],
							"lerp_mode": "catmullrom"
						},
						"0.6667": {
							"post": [0, 0, 0],
							"lerp_mode": "catmullrom"
						},
						"1.0": {
							"post": [-10, 0, 0],
							"lerp_mode": "catmullrom"
						},
						"1.3333": {
							"post": [-30, 0, 0],
							"lerp_mode": "catmullrom"
						}
					}
				},
				"leftLeg5": {
					"rotation": {
						"0.0": {
							"post": [-25, 0, 0],
							"lerp_mode": "catmullrom"
						},
						"0.3333": {
							"post": [-10, 0, 0],
							"lerp_mode": "catmullrom"
						},
						"0.6667": {
							"post": [0, 0, 0],
							"lerp_mode": "catmullrom"
						},
						"1.0": {
							"post": [37.5, 0, 0],
							"lerp_mode": "catmullrom"
						},
						"1.3333": {
							"post": [-25, 0, 0],
							"lerp_mode": "catmullrom"
						}
					}
				},
				"leftLeg6": {
					"rotation": {
						"0.0": {
							"post": [-2.5, 0, 0],
							"lerp_mode": "catmullrom"
						},
						"0.3333": {
							"post": [-22.5, 0, 0],
							"lerp_mode": "catmullrom"
						},
						"0.6667": {
							"post": [0, 0, 0],
							"lerp_mode": "catmullrom"
						},
						"1.0": {
							"post": [32.5, 0, 0],
							"lerp_mode": "catmullrom"
						},
						"1.3333": {
							"post": [-2.5, 0, 0],
							"lerp_mode": "catmullrom"
						}
					}
				},
				"leftLeg7": {
					"rotation": {
						"0.0": {
							"post": [42.5, 0, 0],
							"lerp_mode": "catmullrom"
						},
						"0.3333": {
							"post": [32.5, 0, 0],
							"lerp_mode": "catmullrom"
						},
						"0.6667": {
							"post": [0, 0, 0],
							"lerp_mode": "catmullrom"
						},
						"1.0": {
							"post": [45, 0, 0],
							"lerp_mode": "catmullrom"
						},
						"1.3333": {
							"post": [42.5, 0, 0],
							"lerp_mode": "catmullrom"
						}
					}
				},
				"rightLeg": {
					"rotation": {
						"0.0": {
							"post": [46.54792, -10.38347, 10.86738],
							"lerp_mode": "catmullrom"
						},
						"0.3333": {
							"post": [37.06, -6.74, 7.41],
							"lerp_mode": "catmullrom"
						},
						"0.6667": {
							"post": [102.40274, 11.88805, 10.85194],
							"lerp_mode": "catmullrom"
						},
						"1.0": {
							"post": [92.06, -6.74, 7.41],
							"lerp_mode": "catmullrom"
						},
						"1.3333": {
							"post": [46.54792, -10.38347, 10.86738],
							"lerp_mode": "catmullrom"
						}
					},
					"position": {
						"0.0": {
							"post": [0, -2, 0],
							"lerp_mode": "catmullrom"
						},
						"0.3333": {
							"post": [0, -1, 0],
							"lerp_mode": "catmullrom"
						},
						"0.6667": {
							"post": [0, -3, -2],
							"lerp_mode": "catmullrom"
						},
						"1.0": {
							"post": [0, -1, 0],
							"lerp_mode": "catmullrom"
						},
						"1.3333": {
							"post": [0, -2, 0],
							"lerp_mode": "catmullrom"
						}
					}
				},
				"rightLeg2": {
					"rotation": {
						"0.0": {
							"post": [0, 0, 0],
							"lerp_mode": "catmullrom"
						},
						"0.3333": {
							"post": [-20, 0, 0],
							"lerp_mode": "catmullrom"
						},
						"0.6667": {
							"post": [-52.5, 0, 0],
							"lerp_mode": "catmullrom"
						},
						"1.0": {
							"post": [-60, 0, 0],
							"lerp_mode": "catmullrom"
						},
						"1.3333": {
							"post": [0, 0, 0],
							"lerp_mode": "catmullrom"
						}
					},
					"position": {
						"0.0": {
							"post": [0, 0, 0],
							"lerp_mode": "catmullrom"
						},
						"0.3333": {
							"post": [0, 3, 1],
							"lerp_mode": "catmullrom"
						},
						"0.6667": {
							"post": [0, 1, 0],
							"lerp_mode": "catmullrom"
						},
						"1.0": {
							"post": [0, 1, 0],
							"lerp_mode": "catmullrom"
						},
						"1.3333": {
							"post": [0, 0, 0],
							"lerp_mode": "catmullrom"
						}
					}
				},
				"rightLeg3": {
					"rotation": {
						"0.0": {
							"post": [0, 0, 0],
							"lerp_mode": "catmullrom"
						},
						"0.3333": {
							"post": [-35, 0, 0],
							"lerp_mode": "catmullrom"
						},
						"0.6667": {
							"post": [-35, 0, 0],
							"lerp_mode": "catmullrom"
						},
						"1.0": {
							"post": [-25, 0, 0],
							"lerp_mode": "catmullrom"
						},
						"1.3333": {
							"post": [0, 0, 0],
							"lerp_mode": "catmullrom"
						}
					}
				},
				"rightLeg4": {
					"rotation": {
						"0.0": {
							"post": [0, 0, 0],
							"lerp_mode": "catmullrom"
						},
						"0.3333": {
							"post": [12.5, 0, 0],
							"lerp_mode": "catmullrom"
						},
						"0.6667": {
							"post": [-32.5, 0, 0],
							"lerp_mode": "catmullrom"
						},
						"1.0": {
							"post": [25, 0, 0],
							"lerp_mode": "catmullrom"
						},
						"1.3333": {
							"post": [0, 0, 0],
							"lerp_mode": "catmullrom"
						}
					}
				},
				"rightLeg5": {
					"rotation": {
						"0.0": {
							"post": [0, 0, 0],
							"lerp_mode": "catmullrom"
						},
						"0.3333": {
							"post": [25, 0, 0],
							"lerp_mode": "catmullrom"
						},
						"0.6667": {
							"post": [-17.5, 0, 0],
							"lerp_mode": "catmullrom"
						},
						"1.0": {
							"post": [-47.5, 0, 0],
							"lerp_mode": "catmullrom"
						},
						"1.3333": {
							"post": [0, 0, 0],
							"lerp_mode": "catmullrom"
						}
					}
				},
				"rightLeg6": {
					"rotation": {
						"0.0": {
							"post": [0, 0, 0],
							"lerp_mode": "catmullrom"
						},
						"0.3333": {
							"post": [20, 0, 0],
							"lerp_mode": "catmullrom"
						},
						"0.6667": {
							"post": [-12.5, 0, 0],
							"lerp_mode": "catmullrom"
						},
						"1.0": {
							"post": [-20, 0, 0],
							"lerp_mode": "catmullrom"
						},
						"1.3333": {
							"post": [0, 0, 0],
							"lerp_mode": "catmullrom"
						}
					}
				},
				"rightLeg7": {
					"rotation": {
						"0.0": {
							"post": [-2.5, 0, 0],
							"lerp_mode": "catmullrom"
						},
						"0.3333": {
							"post": [37.5, 0, 0],
							"lerp_mode": "catmullrom"
						},
						"0.6667": {
							"post": [47.5, 0, 0],
							"lerp_mode": "catmullrom"
						},
						"1.0": {
							"post": [34.76905, 4.29357, -6.15518],
							"lerp_mode": "catmullrom"
						},
						"1.3333": {
							"post": [-2.5, 0, 0],
							"lerp_mode": "catmullrom"
						}
					}
				}
			}
		},
		"animation.ic_huggy_vent.walk": {
			"loop": true,
			"animation_length": 1.33333,
			"anim_time_update": "query.anim_time + query.delta_time * (query.ground_speed / 2)",
			"bones": {
				"main": {
					"position": {
						"0.0": {
							"post": [0, -7, 0],
							"lerp_mode": "catmullrom"
						}
					}
				},
				"root": {
					"rotation": {
						"0.0": {
							"post": [107.64168, 7.15102, 2.26708],
							"lerp_mode": "catmullrom"
						},
						"0.3333": {
							"post": [97.5, 0, 0],
							"lerp_mode": "catmullrom"
						},
						"0.6667": {
							"post": [102.60443, -7.32123, -1.63219],
							"lerp_mode": "catmullrom"
						},
						"1.0": {
							"post": [90, 0, 0],
							"lerp_mode": "catmullrom"
						},
						"1.3333": {
							"post": [107.64168, 7.15102, 2.26708],
							"lerp_mode": "catmullrom"
						}
					},
					"position": {
						"0.0": {
							"post": [0, 1, 4],
							"lerp_mode": "catmullrom"
						},
						"0.3333": {
							"post": [0, 1, 4],
							"lerp_mode": "catmullrom"
						},
						"0.6667": {
							"post": [0, 1, 4],
							"lerp_mode": "catmullrom"
						},
						"1.0": {
							"post": [0, 1, 4],
							"lerp_mode": "catmullrom"
						},
						"1.3333": {
							"post": [0, 1, 4],
							"lerp_mode": "catmullrom"
						}
					}
				},
				"rightArm": {
					"rotation": {
						"0.0": {
							"post": [-82.5, 65, 90],
							"lerp_mode": "catmullrom"
						},
						"0.3333": {
							"post": [-86.34291, 30.1373, 85.03376],
							"lerp_mode": "catmullrom"
						},
						"0.6667": {
							"post": [-86.83189, 2.68671, 83.33905],
							"lerp_mode": "catmullrom"
						},
						"1.0": {
							"post": [-86.33771, 30.14323, 85.03202],
							"lerp_mode": "catmullrom"
						},
						"1.3333": {
							"post": [-82.5, 65, 90],
							"lerp_mode": "catmullrom"
						}
					},
					"position": {
						"0.0": {
							"post": [0, 1, 0],
							"lerp_mode": "catmullrom"
						},
						"0.3333": {
							"post": [0, 0, 0],
							"lerp_mode": "catmullrom"
						},
						"0.6667": {
							"post": [0, -1, 0],
							"lerp_mode": "catmullrom"
						},
						"1.0": {
							"post": [0, 1, 1],
							"lerp_mode": "catmullrom"
						},
						"1.3333": {
							"post": [0, 1, 0],
							"lerp_mode": "catmullrom"
						}
					}
				},
				"rightArm2": {
					"rotation": {
						"0.0": {
							"post": [0, 0, -15],
							"lerp_mode": "catmullrom"
						},
						"0.3333": {
							"post": [0, 0, -15],
							"lerp_mode": "catmullrom"
						},
						"0.6667": {
							"post": [0, 0, -25],
							"lerp_mode": "catmullrom"
						},
						"1.0": {
							"post": [0, 0, -5],
							"lerp_mode": "catmullrom"
						},
						"1.3333": {
							"post": [0, 0, -15],
							"lerp_mode": "catmullrom"
						}
					}
				},
				"rightArm3": {
					"rotation": {
						"0.0": {
							"post": [0, 0, -7.5],
							"lerp_mode": "catmullrom"
						},
						"0.3333": {
							"post": [0, 0, -7.5],
							"lerp_mode": "catmullrom"
						},
						"0.6667": {
							"post": [0, 0, -15],
							"lerp_mode": "catmullrom"
						},
						"1.0": {
							"post": [0, 0, -15],
							"lerp_mode": "catmullrom"
						},
						"1.3333": {
							"post": [0, 0, -7.5],
							"lerp_mode": "catmullrom"
						}
					}
				},
				"rightArm4": {
					"rotation": {
						"0.0": {
							"post": [0, 0, 12.5],
							"lerp_mode": "catmullrom"
						},
						"0.3333": {
							"post": [0, 0, -10],
							"lerp_mode": "catmullrom"
						},
						"0.6667": {
							"post": [0, 0, -10],
							"lerp_mode": "catmullrom"
						},
						"1.0": {
							"post": [0, 0, -25],
							"lerp_mode": "catmullrom"
						},
						"1.3333": {
							"post": [0, 0, 12.5],
							"lerp_mode": "catmullrom"
						}
					}
				},
				"rightArm5": {
					"rotation": {
						"0.0": {
							"post": [0, 0, 7.5],
							"lerp_mode": "catmullrom"
						},
						"0.3333": {
							"post": [0, 0, 30],
							"lerp_mode": "catmullrom"
						},
						"0.6667": {
							"post": [0, 0, 30],
							"lerp_mode": "catmullrom"
						},
						"1.0": {
							"post": [0, 0, -30],
							"lerp_mode": "catmullrom"
						},
						"1.3333": {
							"post": [0, 0, 7.5],
							"lerp_mode": "catmullrom"
						}
					}
				},
				"rightArm6": {
					"rotation": {
						"0.0": {
							"post": [0, 0, 17.5],
							"lerp_mode": "catmullrom"
						},
						"0.3333": {
							"post": [0, 0, 52.5],
							"lerp_mode": "catmullrom"
						},
						"0.6667": {
							"post": [0, 0, -10],
							"lerp_mode": "catmullrom"
						},
						"1.0": {
							"post": [0, 0, -10],
							"lerp_mode": "catmullrom"
						},
						"1.3333": {
							"post": [0, 0, 17.5],
							"lerp_mode": "catmullrom"
						}
					}
				},
				"leftArm": {
					"rotation": {
						"0.0": {
							"post": [-80, 30, -90],
							"lerp_mode": "catmullrom"
						},
						"0.3333": {
							"post": [-80.67537, -21.85416, -98.53604],
							"lerp_mode": "catmullrom"
						},
						"0.6667": {
							"post": [-80.08005, -29.24493, -99.92821],
							"lerp_mode": "catmullrom"
						},
						"1.0": {
							"post": [-81.32678, -4.55683, -95.74158],
							"lerp_mode": "catmullrom"
						},
						"1.3333": {
							"post": [-80, 30, -90],
							"lerp_mode": "catmullrom"
						}
					},
					"position": {
						"0.0": {
							"post": [0, -1, 0],
							"lerp_mode": "catmullrom"
						},
						"0.3333": {
							"post": [0, 1, 1],
							"lerp_mode": "catmullrom"
						},
						"0.6667": {
							"post": [0, 1, 0],
							"lerp_mode": "catmullrom"
						},
						"1.0": {
							"post": [0, 0, 0],
							"lerp_mode": "catmullrom"
						},
						"1.3333": {
							"post": [0, -1, 0],
							"lerp_mode": "catmullrom"
						}
					}
				},
				"leftArm2": {
					"rotation": {
						"0.0": {
							"post": [0, 0, 10],
							"lerp_mode": "catmullrom"
						},
						"0.3333": {
							"post": [0, 0, -20],
							"lerp_mode": "catmullrom"
						},
						"0.6667": {
							"post": [0, 0, -20],
							"lerp_mode": "catmullrom"
						},
						"1.0": {
							"post": [0, 0, -20],
							"lerp_mode": "catmullrom"
						},
						"1.3333": {
							"post": [0, 0, 10],
							"lerp_mode": "catmullrom"
						}
					}
				},
				"leftArm3": {
					"rotation": {
						"0.0": {
							"post": [0, 0, -12.5],
							"lerp_mode": "catmullrom"
						},
						"0.3333": {
							"post": [0, 0, 37.5],
							"lerp_mode": "catmullrom"
						},
						"0.6667": {
							"post": [0, 0, 22.5],
							"lerp_mode": "catmullrom"
						},
						"1.0": {
							"post": [0, 0, 22.5],
							"lerp_mode": "catmullrom"
						},
						"1.3333": {
							"post": [0, 0, -12.5],
							"lerp_mode": "catmullrom"
						}
					}
				},
				"leftArm4": {
					"rotation": {
						"0.0": {
							"post": [0, 0, -17.5],
							"lerp_mode": "catmullrom"
						},
						"0.3333": {
							"post": [0, 0, 2.5],
							"lerp_mode": "catmullrom"
						},
						"0.6667": {
							"post": [0, 0, -10],
							"lerp_mode": "catmullrom"
						},
						"1.0": {
							"post": [0, 0, -10],
							"lerp_mode": "catmullrom"
						},
						"1.3333": {
							"post": [0, 0, -17.5],
							"lerp_mode": "catmullrom"
						}
					}
				},
				"leftArm5": {
					"rotation": {
						"0.0": {
							"post": [0, 0, -12.5],
							"lerp_mode": "catmullrom"
						},
						"0.3333": {
							"post": [0, 0, 12.5],
							"lerp_mode": "catmullrom"
						},
						"0.6667": {
							"post": [0, 0, -2.5],
							"lerp_mode": "catmullrom"
						},
						"1.0": {
							"post": [0, 0, 25],
							"lerp_mode": "catmullrom"
						},
						"1.3333": {
							"post": [0, 0, -12.5],
							"lerp_mode": "catmullrom"
						}
					}
				},
				"leftArm6": {
					"rotation": {
						"0.0": {
							"post": [0, 0, 20],
							"lerp_mode": "catmullrom"
						},
						"0.3333": {
							"post": [0, 0, 35],
							"lerp_mode": "catmullrom"
						},
						"0.6667": {
							"post": [0, 0, -40],
							"lerp_mode": "catmullrom"
						},
						"1.0": {
							"post": [0, 0, -65],
							"lerp_mode": "catmullrom"
						},
						"1.3333": {
							"post": [0, 0, 20],
							"lerp_mode": "catmullrom"
						}
					}
				},
				"leftLeg": {
					"rotation": {
						"0.0": {
							"post": [94.28231, -5.06814, -8.81409],
							"lerp_mode": "catmullrom"
						},
						"0.3333": {
							"post": [94.33416, 9.88744, -7.68615],
							"lerp_mode": "catmullrom"
						},
						"0.6667": {
							"post": [43.58902, 13.36196, -11.364],
							"lerp_mode": "catmullrom"
						},
						"1.0": {
							"post": [44.33, 9.89, -7.69],
							"lerp_mode": "catmullrom"
						},
						"1.3333": {
							"post": [94.28231, -5.06814, -8.81409],
							"lerp_mode": "catmullrom"
						}
					},
					"position": {
						"0.0": {
							"post": [0, -2, 0],
							"lerp_mode": "catmullrom"
						},
						"0.3333": {
							"post": [0, -2, 0],
							"lerp_mode": "catmullrom"
						},
						"0.6667": {
							"post": [0, 0, 0],
							"lerp_mode": "catmullrom"
						},
						"1.0": {
							"post": [0, 1, 0],
							"lerp_mode": "catmullrom"
						},
						"1.3333": {
							"post": [0, -2, 0],
							"lerp_mode": "catmullrom"
						}
					}
				},
				"leftLeg2": {
					"rotation": {
						"0.0": {
							"post": [-55, 0, 0],
							"lerp_mode": "catmullrom"
						},
						"0.3333": {
							"post": [-32.5, 0, 0],
							"lerp_mode": "catmullrom"
						},
						"0.6667": {
							"post": [0, 0, 0],
							"lerp_mode": "catmullrom"
						},
						"1.0": {
							"post": [-17.5, 0, 0],
							"lerp_mode": "catmullrom"
						},
						"1.3333": {
							"post": [-55, 0, 0],
							"lerp_mode": "catmullrom"
						}
					},
					"position": {
						"0.0": {
							"post": [0, 0, 0],
							"lerp_mode": "catmullrom"
						},
						"0.6667": {
							"post": [0, 0, 0],
							"lerp_mode": "catmullrom"
						},
						"1.0": {
							"post": [0, 2, 1],
							"lerp_mode": "catmullrom"
						},
						"1.3333": {
							"post": [0, 0, 0],
							"lerp_mode": "catmullrom"
						}
					}
				},
				"leftLeg3": {
					"rotation": {
						"0.0": {
							"post": [-32.5, 0, 0],
							"lerp_mode": "catmullrom"
						},
						"0.3333": {
							"post": [-32.5, 0, 0],
							"lerp_mode": "catmullrom"
						},
						"0.6667": {
							"post": [0, 0, 0],
							"lerp_mode": "catmullrom"
						},
						"1.0": {
							"post": [-37.5, 0, 0],
							"lerp_mode": "catmullrom"
						},
						"1.3333": {
							"post": [-32.5, 0, 0],
							"lerp_mode": "catmullrom"
						}
					}
				},
				"leftLeg4": {
					"rotation": {
						"0.0": {
							"post": [-30, 0, 0],
							"lerp_mode": "catmullrom"
						},
						"0.3333": {
							"post": [-30, 0, 0],
							"lerp_mode": "catmullrom"
						},
						"0.6667": {
							"post": [0, 0, 0],
							"lerp_mode": "catmullrom"
						},
						"1.0": {
							"post": [-10, 0, 0],
							"lerp_mode": "catmullrom"
						},
						"1.3333": {
							"post": [-30, 0, 0],
							"lerp_mode": "catmullrom"
						}
					}
				},
				"leftLeg5": {
					"rotation": {
						"0.0": {
							"post": [-25, 0, 0],
							"lerp_mode": "catmullrom"
						},
						"0.3333": {
							"post": [-10, 0, 0],
							"lerp_mode": "catmullrom"
						},
						"0.6667": {
							"post": [0, 0, 0],
							"lerp_mode": "catmullrom"
						},
						"1.0": {
							"post": [37.5, 0, 0],
							"lerp_mode": "catmullrom"
						},
						"1.3333": {
							"post": [-25, 0, 0],
							"lerp_mode": "catmullrom"
						}
					}
				},
				"leftLeg6": {
					"rotation": {
						"0.0": {
							"post": [-2.5, 0, 0],
							"lerp_mode": "catmullrom"
						},
						"0.3333": {
							"post": [-22.5, 0, 0],
							"lerp_mode": "catmullrom"
						},
						"0.6667": {
							"post": [0, 0, 0],
							"lerp_mode": "catmullrom"
						},
						"1.0": {
							"post": [32.5, 0, 0],
							"lerp_mode": "catmullrom"
						},
						"1.3333": {
							"post": [-2.5, 0, 0],
							"lerp_mode": "catmullrom"
						}
					}
				},
				"leftLeg7": {
					"rotation": {
						"0.0": {
							"post": [42.5, 0, 0],
							"lerp_mode": "catmullrom"
						},
						"0.3333": {
							"post": [32.5, 0, 0],
							"lerp_mode": "catmullrom"
						},
						"0.6667": {
							"post": [0, 0, 0],
							"lerp_mode": "catmullrom"
						},
						"1.0": {
							"post": [45, 0, 0],
							"lerp_mode": "catmullrom"
						},
						"1.3333": {
							"post": [42.5, 0, 0],
							"lerp_mode": "catmullrom"
						}
					}
				},
				"rightLeg": {
					"rotation": {
						"0.0": {
							"post": [46.54792, -10.38347, 10.86738],
							"lerp_mode": "catmullrom"
						},
						"0.3333": {
							"post": [37.06, -6.74, 7.41],
							"lerp_mode": "catmullrom"
						},
						"0.6667": {
							"post": [102.40274, 11.88805, 10.85194],
							"lerp_mode": "catmullrom"
						},
						"1.0": {
							"post": [92.06, -6.74, 7.41],
							"lerp_mode": "catmullrom"
						},
						"1.3333": {
							"post": [46.54792, -10.38347, 10.86738],
							"lerp_mode": "catmullrom"
						}
					},
					"position": {
						"0.0": {
							"post": [0, -2, 0],
							"lerp_mode": "catmullrom"
						},
						"0.3333": {
							"post": [0, -1, 0],
							"lerp_mode": "catmullrom"
						},
						"0.6667": {
							"post": [0, -3, -2],
							"lerp_mode": "catmullrom"
						},
						"1.0": {
							"post": [0, -1, 0],
							"lerp_mode": "catmullrom"
						},
						"1.3333": {
							"post": [0, -2, 0],
							"lerp_mode": "catmullrom"
						}
					}
				},
				"rightLeg2": {
					"rotation": {
						"0.0": {
							"post": [0, 0, 0],
							"lerp_mode": "catmullrom"
						},
						"0.3333": {
							"post": [-20, 0, 0],
							"lerp_mode": "catmullrom"
						},
						"0.6667": {
							"post": [-52.5, 0, 0],
							"lerp_mode": "catmullrom"
						},
						"1.0": {
							"post": [-60, 0, 0],
							"lerp_mode": "catmullrom"
						},
						"1.3333": {
							"post": [0, 0, 0],
							"lerp_mode": "catmullrom"
						}
					},
					"position": {
						"0.0": {
							"post": [0, 0, 0],
							"lerp_mode": "catmullrom"
						},
						"0.3333": {
							"post": [0, 3, 1],
							"lerp_mode": "catmullrom"
						},
						"0.6667": {
							"post": [0, 1, 0],
							"lerp_mode": "catmullrom"
						},
						"1.0": {
							"post": [0, 1, 0],
							"lerp_mode": "catmullrom"
						},
						"1.3333": {
							"post": [0, 0, 0],
							"lerp_mode": "catmullrom"
						}
					}
				},
				"rightLeg3": {
					"rotation": {
						"0.0": {
							"post": [0, 0, 0],
							"lerp_mode": "catmullrom"
						},
						"0.3333": {
							"post": [-35, 0, 0],
							"lerp_mode": "catmullrom"
						},
						"0.6667": {
							"post": [-35, 0, 0],
							"lerp_mode": "catmullrom"
						},
						"1.0": {
							"post": [-25, 0, 0],
							"lerp_mode": "catmullrom"
						},
						"1.3333": {
							"post": [0, 0, 0],
							"lerp_mode": "catmullrom"
						}
					}
				},
				"rightLeg4": {
					"rotation": {
						"0.0": {
							"post": [0, 0, 0],
							"lerp_mode": "catmullrom"
						},
						"0.3333": {
							"post": [12.5, 0, 0],
							"lerp_mode": "catmullrom"
						},
						"0.6667": {
							"post": [-32.5, 0, 0],
							"lerp_mode": "catmullrom"
						},
						"1.0": {
							"post": [25, 0, 0],
							"lerp_mode": "catmullrom"
						},
						"1.3333": {
							"post": [0, 0, 0],
							"lerp_mode": "catmullrom"
						}
					}
				},
				"rightLeg5": {
					"rotation": {
						"0.0": {
							"post": [0, 0, 0],
							"lerp_mode": "catmullrom"
						},
						"0.3333": {
							"post": [25, 0, 0],
							"lerp_mode": "catmullrom"
						},
						"0.6667": {
							"post": [-17.5, 0, 0],
							"lerp_mode": "catmullrom"
						},
						"1.0": {
							"post": [-47.5, 0, 0],
							"lerp_mode": "catmullrom"
						},
						"1.3333": {
							"post": [0, 0, 0],
							"lerp_mode": "catmullrom"
						}
					}
				},
				"rightLeg6": {
					"rotation": {
						"0.0": {
							"post": [0, 0, 0],
							"lerp_mode": "catmullrom"
						},
						"0.3333": {
							"post": [20, 0, 0],
							"lerp_mode": "catmullrom"
						},
						"0.6667": {
							"post": [-12.5, 0, 0],
							"lerp_mode": "catmullrom"
						},
						"1.0": {
							"post": [-20, 0, 0],
							"lerp_mode": "catmullrom"
						},
						"1.3333": {
							"post": [0, 0, 0],
							"lerp_mode": "catmullrom"
						}
					}
				},
				"rightLeg7": {
					"rotation": {
						"0.0": {
							"post": [-2.5, 0, 0],
							"lerp_mode": "catmullrom"
						},
						"0.3333": {
							"post": [37.5, 0, 0],
							"lerp_mode": "catmullrom"
						},
						"0.6667": {
							"post": [47.5, 0, 0],
							"lerp_mode": "catmullrom"
						},
						"1.0": {
							"post": [34.76905, 4.29357, -6.15518],
							"lerp_mode": "catmullrom"
						},
						"1.3333": {
							"post": [-2.5, 0, 0],
							"lerp_mode": "catmullrom"
						}
					}
				}
			}
		},
		"animation.ic_huggy.sneak": {
			"loop": true,
			"anim_time_update": "query.anim_time + query.delta_time * 1.0",
			"blend_weight" : "1.0",
			"bones": {
				"main": {
					"position": {
						"0.0": {
							"post": [0, -7, 0],
							"lerp_mode": "catmullrom"
						}
					}
				},
				"root": {
					"rotation": {
						"0.0": {
							"post": [97.5, 0, 0],
							"lerp_mode": "catmullrom"
						}
					},
					"position": {
						"0.0": {
							"post": [0, 1, 4],
							"lerp_mode": "catmullrom"
						}
					}
				},
				"rightArm": {
					"rotation": {
						"0.0": {
							"post": [-86.34291, 30.1373, 85.03376],
							"lerp_mode": "catmullrom"
						}
					},
					"position": {
						"0.0": {
							"post": [0, 0, 0],
							"lerp_mode": "catmullrom"
						}
					}
				},
				"rightArm2": {
					"rotation": {
						"0.0": {
							"post": [0, 0, -15],
							"lerp_mode": "catmullrom"
						}
					}
				},
				"rightArm3": {
					"rotation": {
						"0.0": {
							"post": [0, 0, -7.5],
							"lerp_mode": "catmullrom"
						}
					}
				},
				"rightArm4": {
					"rotation": {
						"0.0": {
							"post": [0, 0, -10],
							"lerp_mode": "catmullrom"
						}
					}
				},
				"rightArm5": {
					"rotation": {
						"0.0": {
							"post": [0, 0, 30],
							"lerp_mode": "catmullrom"
						}
					}
				},
				"rightArm6": {
					"rotation": {
						"0.0": {
							"post": [0, 0, 52.5],
							"lerp_mode": "catmullrom"
						}
					}
				},
				"leftArm": {
					"rotation": {
						"0.0": {
							"post": [-80.68, -21.85, -98.54],
							"lerp_mode": "catmullrom"
						}
					},
					"position": {
						"0.0": {
							"post": [0, 1, 0],
							"lerp_mode": "catmullrom"
						}
					}
				},
				"leftArm2": {
					"rotation": {
						"0.0": {
							"post": [0, 0, -20],
							"lerp_mode": "catmullrom"
						}
					}
				},
				"leftArm3": {
					"rotation": {
						"0.0": {
							"post": [0, 0, 22.5],
							"lerp_mode": "catmullrom"
						}
					}
				},
				"leftArm4": {
					"rotation": {
						"0.0": {
							"post": [0, 0, -10],
							"lerp_mode": "catmullrom"
						}
					}
				},
				"leftArm5": {
					"rotation": {
						"0.0": {
							"post": [0, 0, -2.5],
							"lerp_mode": "catmullrom"
						}
					}
				},
				"leftArm6": {
					"rotation": {
						"0.0": {
							"post": [0, 0, -40],
							"lerp_mode": "catmullrom"
						}
					}
				},
				"leftLeg": {
					"rotation": {
						"0.0": {
							"post": [94.33416, 9.88744, -7.68615],
							"lerp_mode": "catmullrom"
						}
					},
					"position": {
						"0.0": {
							"post": [0, -2, 0],
							"lerp_mode": "catmullrom"
						}
					}
				},
				"leftLeg2": {
					"rotation": {
						"0.0": {
							"post": [-32.5, 0, 0],
							"lerp_mode": "catmullrom"
						}
					},
					"position": {
						"0.0": {
							"post": [0, 0, 0],
							"lerp_mode": "catmullrom"
						}
					}
				},
				"leftLeg3": {
					"rotation": {
						"0.0": {
							"post": [-32.5, 0, 0],
							"lerp_mode": "catmullrom"
						}
					}
				},
				"leftLeg4": {
					"rotation": {
						"0.0": {
							"post": [-30, 0, 0],
							"lerp_mode": "catmullrom"
						}
					}
				},
				"leftLeg5": {
					"rotation": {
						"0.0": {
							"post": [-10, 0, 0],
							"lerp_mode": "catmullrom"
						}
					}
				},
				"leftLeg6": {
					"rotation": {
						"0.0": {
							"post": [-22.5, 0, 0],
							"lerp_mode": "catmullrom"
						}
					}
				},
				"leftLeg7": {
					"rotation": {
						"0.0": {
							"post": [32.5, 0, 0],
							"lerp_mode": "catmullrom"
						}
					}
				},
				"rightLeg": {
					"rotation": {
						"0.0": {
							"post": [92.06, -6.74, 7.41],
							"lerp_mode": "catmullrom"
						}
					},
					"position": {
						"0.0": {
							"post": [0, -1, 0],
							"lerp_mode": "catmullrom"
						}
					}
				},
				"rightLeg2": {
					"rotation": {
						"0.0": {
							"post": [-60, 0, 0],
							"lerp_mode": "catmullrom"
						}
					},
					"position": {
						"0.0": {
							"post": [0, 1, 0],
							"lerp_mode": "catmullrom"
						}
					}
				},
				"rightLeg3": {
					"rotation": {
						"0.0": {
							"post": [-25, 0, 0],
							"lerp_mode": "catmullrom"
						}
					}
				},
				"rightLeg4": {
					"rotation": {
						"0.0": {
							"post": [25, 0, 0],
							"lerp_mode": "catmullrom"
						}
					}
				},
				"rightLeg5": {
					"rotation": {
						"0.0": {
							"post": [-47.5, 0, 0],
							"lerp_mode": "catmullrom"
						}
					}
				},
				"rightLeg6": {
					"rotation": {
						"0.0": {
							"post": [-20, 0, 0],
							"lerp_mode": "catmullrom"
						}
					}
				},
				"rightLeg7": {
					"rotation": {
						"0.0": {
							"post": [34.76905, 4.29357, -6.15518],
							"lerp_mode": "catmullrom"
						}
					}
				}
			}
		}
	}
}