{
	"format_version": "1.8.0",
	"animations": {
		"animation.huggy_sentry.interact": {
			"loop": true,
			"animation_length": 1,
			"bones": {
				"body": {
					"rotation": [-7.5, 0, 0]
				},
				"creepy": {
					"position": [0, 0, -0.5]
				},
				"upper": {
					"position": {
						"0.0": [0, 0.25, 0],
						"0.0833": [0, 0, 0],
						"0.1667": [0, 0.25, 0],
						"0.25": [0, 0, 0],
						"0.3333": [0, 0.25, 0],
						"0.4167": [0, 0, 0],
						"0.5": [0, 0.25, 0],
						"0.5833": [0, 0, 0],
						"0.6667": [0, 0.25, 0],
						"0.75": [0, 0, 0],
						"0.8333": [0, 0.25, 0],
						"0.9167": [0, 0, 0],
						"1.0": [0, 0.25, 0]
					}
				},
				"lower": {
					"position": {
						"0.0": [0, -0.25, 0],
						"0.0833": [0, 0, 0],
						"0.1667": [0, -0.25, 0],
						"0.25": [0, 0, 0],
						"0.3333": [0, -0.25, 0],
						"0.4167": [0, 0, 0],
						"0.5": [0, -0.25, 0],
						"0.5833": [0, 0, 0],
						"0.6667": [0, -0.25, 0],
						"0.75": [0, 0, 0],
						"0.8333": [0, -0.25, 0],
						"0.9167": [0, 0, 0],
						"1.0": [0, -0.25, 0]
					}
				}
			}
		}
	}
}