{
  "format_version": "1.16.0",
  "minecraft:entity": {
    "description": {
      "identifier": "ic:boxy_offset",
      "is_spawnable": false,
      "is_summonable": true,
      "is_experimental": false,
      "scripts": {
				"animate": [
		  "jump"
		]
			},
			"animations": {
				"jump": "animation.jump"
			} 
    },
    "component_groups": {
    "ic:rope": {
			"minecraft:instant_despawn": {
				"remove_child_entities":false
			}
		}
    },
    "components": {
      "minecraft:collision_box": {
        "width": 1.0,
        "height": 1.0
      },
      "minecraft:type_family": {
        "family": [ "projectile","playtime"]
      },
      "minecraft:projectile": {
        "on_hit": {
          "impact_damage": {
            "damage": 1,
            "knockback": true,
            "semi_random_diff_damage": false,
            "destroy_on_hit": true
          },
          "remove_on_hit": {
          }, 
            "particle_on_hit": {
            "particle_type": "largeexplosion",
            "on_other_hit": true
          },
          "definition_event": {
            "affect_projectile": true,
            "eventTrigger": {
              "event": "on:hit",
              "target": "self"
            }
          }
        },
        "power": 1.3,
        "gravity": 0.05,
        "inertia": 1,
        "anchor": 1,
        "angle_offset": -25.0,
        "offset": [
          0.0,
          0.0,
          0.0
        ]
      },
      "minecraft:physics": {
        "has_collision": false,
        "has_gravity": false
      },
      "minecraft:pushable": {
        "is_pushable": true,
        "is_pushable_by_piston": true
      },
      "minecraft:conditional_bandwidth_optimization": {
        "default_values": {
          "max_optimized_distance": 100.0,
          "max_dropped_ticks": 7,
          "use_motion_prediction_hints": true
        }
      }
    },
    "events": {
    "minecraft:entity_spawned": {
				"run_command": {
          "command": ["ride @p start_riding @s teleport_ride until_full"]
        }
			},
    "on:hit": {
        "run_command": {
          "command": []
        }
      },
    "ic:rope_despawn": {
			"add": {
				"component_groups": [
					"ic:rope"
				]
			}
		}
	}
  }
}