{
  "format_version": "1.16.0",
  "minecraft:entity": {
    "description": {
      "identifier": "ic:hand_green",
      "is_spawnable": false,
      "is_summonable": true,
      "is_experimental": false,
      "runtime_identifier": "minecraft:snowball"
    },
    "component_groups": {
    "ic:rope": {
			"minecraft:instant_despawn": {
				"remove_child_entities":false
			}
		}
    },
    "components": {
      "minecraft:collision_box": {
        "width": 0.25,
        "height": 0.25
      },
      "minecraft:type_family": {
        "family": [ "green", "grab"]
      },
      "minecraft:timer": {
			  "looping": false,
			  "time": 5,
			  "randomInterval": false,
			  "time_down_event": {
				"event": "ic:rope_despawn"
			  }
			},
      "minecraft:projectile": {
        "on_hit": {
          "impact_damage": {
            "damage": 5,
            "knockback": true,
            "semi_random_diff_damage": false,
            "destroy_on_hit": true
          },
          "stick_in_ground": {
            "shake_time": 0.35
          },
          "definition_event": {
            "affect_projectile": true,
            "eventTrigger": {
              "event": "on:hit",
              "target": "self"
            }
          }
        },
        "hit_sound": "bow.hit",
        "power": 1.7,
        "gravity": 0.0,
        "inertia": 1,
        "anchor": 2,
        "angle_offset": 0,
        "offset": [
          0.0,
          0.0,
          0.0
        ]
      },
      "minecraft:physics": {
        "has_collision": false,
        "has_gravity": false
      },
      "minecraft:pushable": {
        "is_pushable": true,
        "is_pushable_by_piston": true
      },
      "minecraft:conditional_bandwidth_optimization": {
        "default_values": {
          "max_optimized_distance": 100.0,
          "max_dropped_ticks": 7,
          "use_motion_prediction_hints": true
        }
      }, 
      "minecraft:entity_sensor": {
          "sensor_range":0.5,
          "relative_range": false,
          "require_all": false,
          "event_filters": { 
			"any_of": [
				{"test": "is_family", "subject": "other", "value": "off" }, 
				{"test": "is_family", "subject": "other", "value": "on" } 
			]
		  },
          "event": "ic:rope_despawn"
        } 
    },
    "events": {
    "on:hit": {
        "run_command": {
          "command": []
        }
      },
    "ic:rope_despawn": {
			"add": {
				"component_groups": [
					"ic:rope"
				]
			}
		}
	}
  }
}