{
	"format_version": "1.10.0",
	"animation_controllers": {
	"controller.animation.boxy_morph": {
		"initial_state": "default",
		"states": {
		  "default": {
		"animations": [
                "boxy_default"
			 ],
			"transitions": [
			  {
				"sneak": "query.is_sneaking"
			  }
			]
		  },
		  "sneak": {
			"transitions": [
			  {
				"default": "!query.is_sneaking"
			  }
			],
			"animations": [
                "boxy_sneak"
			 ]
		  }
		}
	  },
	"controller.animation.docile_boxy": {
		"initial_state": "default",
		"states": {
		  "default": {
		"animations": [
                "docile"
			 ],
			"transitions": [
			  {
				"target": "query.has_target"
			  }
			]
		  },
		  "target": {
			"transitions": [
			  {
				"default": "!query.has_target"
			  }
			],
			"animations": [
                "docile_delay"
			 ]
		  }
		}
	  },
	"controller.animation.boxy_chase": {
		"initial_state": "default",
		"states": {
		  "default": {
		"animations": [
                "pounce_delay"
			 ],
			"transitions": [
			  {
				"target": "(query.target -> query.is_sprinting) && (query.target -> query.is_jumping)"
			  }
			]
		  },
		  "target": {
			"transitions": [
			  {
				"default": "query.target -> query.is_on_ground"
			  }
			],
			"animations": [
                "pounce"
			 ]
		  }
		}
	  },
	  "controller.animation.jumpscare_boxy": {
		"initial_state": "default",
		"states": {
		  "default": {
			"transitions": [
			  {
				"attack": "variable.attack_time > 0 && !query.is_stunned"
			  },
			  {
				"add": "query.has_rider && !query.is_stunned"
			  }
			]
		  },
		  "attack": {
			"transitions": [
			  {
				"default": "1.0"
			  }
			],
			"on_entry": [
                "/function jumpscare_boxy", 
				"/tag @s add boxy"
			 ]
		  },
		  "add": {
			"transitions": [
			  {
				"default": "1.0"
			  }
			],
			"on_entry": [
				"/scoreboard objectives add boxy dummy",
				"/scoreboard players add @e[r=5,type=!ic:boxy] boxy 1",
				"/effect @e[r=3,type=!ic:boxy] blindness 1 1 true",  
				"/execute @e[scores={boxy=6..1000}] ~ ~ ~event entity @e[type=ic:boxy,r=3] ic:jumpscare_stop",
				"/execute @e[scores={boxy=6..1000}] ~ ~ ~tag @e[type=ic:boxy,r=3] remove boxy",
				"/kill @e[scores={boxy=6..1000}]",
				"/scoreboard players set @a[scores={boxy=6..1000}] boxy 0"
			 ]
		  }
		}
	  }
  }
}