{
	"format_version": "1.10.0",
	"animation_controllers": {
	  "controller.animation.jumpscare_bonzo_hanged": {
		"initial_state": "default",
		"states": {
		  "default": {
			"transitions": [
			  {
				"attack": "variable.attack_time > 0 && !query.is_stunned"
			  },
			  {
				"add": "query.has_rider && !query.is_stunned"
			  }
			]
		  },
		  "attack": {
			"transitions": [
			  {
				"default": "1.0"
			  }
			],
			"on_entry": [
                "/function jumpscare_bunzo_hanged", 
				"/tag @s add bunzo"
			 ]
		  },
		  "add": {
			"transitions": [
			  {
				"default": "1.0"
			  }
			],
			"on_entry": [
				"/scoreboard objectives add bunzo dummy",
				"/effect @e[r=3,type=!ic:bunzo_hanged] blindness 1 1 true",  
				"/scoreboard players add @e[r=3,type=!ic:bunzo_hanged] bunzo 1",
				"/execute @e[scores={bunzo=3..1000}] ~ ~ ~event entity @e[type=ic:bunzo_hanged,r=5] ic:jumpscare_stop",
				"/execute @e[scores={bunzo=3..1000}] ~ ~ ~tag @e[type=ic:bunzo_hanged,r=5] remove bunzo",
				"/kill @e[scores={bunzo=3..1000}]",
				"/scoreboard players set @a[scores={bunzo=3..1000}] bunzo 0"
			 ]
		  }
		}
	  }
  }
}