{
	"format_version": "1.10.0",
	"animation_controllers": {
	"controller.animation.sprint_huggy_vent": {
		"initial_state": "walk_huggy_vent",
		"states": {
		  "walk_huggy_vent": {
		"animations": [
			  "walk"
			],
			"transitions": [
			  {
				"sprint_huggy_vent": "(query.target -> query.is_sprinting) && (query.target -> query.is_jumping)"
			  }
			]
		  },
		  "sprint_huggy_vent": {
		"animations": [
			  "sprint"
			],
			"transitions": [
			  {
				"walk_huggy_vent": "query.target -> query.is_on_ground"
			  }
			]
		  }
		}
	  },
	"controller.animation.huggy_sentry": {
		"initial_state": "default",
		"states": {
		  "default": {
		"animations": [
			  "stop_alert"
			],
			"transitions": [
			  {
				"alert": "query.has_target"
			  }
			]
		  },
		  "alert": {
		"animations": [
			  "alert"
			],
			"transitions": [
			  {
				"default": "!query.has_target"
			  }
			]
		  }
		}
	  },
	  "controller.animation.jumpscare_huggy_vent": {
		"initial_state": "default",
		"states": {
		  "default": {
			"transitions": [
			  {
				"attack": "variable.attack_time > 0 && !query.is_stunned"
			  },
			  {
				"add": "query.has_rider && !query.is_stunned"
			  }
			]
		  },
		  "attack": {
			"transitions": [
			  {
				"default": "1.0"
			  }
			],
			"on_entry": [
                "/function jumpscare_huggy_vent", 
				"/tag @s add huggy_vent"
			 ]
		  },
		  "add": {
			"transitions": [
			  {
				"default": "1.0"
			  }
			],
			"on_entry": [
				"/scoreboard objectives add huggy_vent dummy",
				"/effect @e[r=4,type=!ic:huggy_vent] blindness 1 1 true",  
				"/scoreboard players add @e[r=3,type=!ic:huggy_vent] huggy_vent 1",
				"/execute @e[scores={huggy_vent=6..1000}] ~ ~ ~event entity @e[type=ic:huggy_vent,r=5] ic:jumpscare_stop",
				"/execute @e[scores={huggy_vent=6..1000}] ~ ~ ~tag @e[type=ic:huggy_vent,r=5] remove huggy_vent",
				"/kill @e[scores={huggy_vent=6..1000}]",
				"/scoreboard players set @a[scores={huggy_vent=6..1000}] huggy_vent 0"
			 ]
		  }
		}
	  }
  }
}