{
	"format_version": "1.10.0",
	"animation_controllers": {
	"controller.animation.huggy_morph": {
		"initial_state": "default",
		"states": {
		  "default": {
		"animations": [
                "huggy_default"
			 ],
			"transitions": [
			  {
				"sneak": "query.is_sneaking"
			  },
			{
				"sprint": "query.is_sprinting"
			  } 
			]
		  },
		  "sneak": {
			"transitions": [
			  {
				"default": "!query.is_sneaking"
			  },
			{
				"sprint": "query.is_sprinting"
			  } 
			],
			"animations": [
                "huggy_sneak"
			 ]
		  },
		"sprint": {
			"transitions": [
			  {
				"default": "!query.is_sprinting"
			  },
			{
				"sneak": "query.is_sneaking"
			  } 
			],
			"animations": [
                "huggy_sprint"
			 ]
		  } 
		}
	  },
	"controller.animation.sprint_huggy": {
		"initial_state": "walk_huggy",
		"states": {
		  "walk_huggy": {
		"animations": [
			  "walk"
			],
			"transitions": [
			  {
				"sprint_huggy": "(query.target -> query.is_sprinting) && (query.target -> query.is_jumping)"
			  }
			]
		  },
		  "sprint_huggy": {
		"animations": [
			  "sprint"
			],
			"transitions": [
			  {
				"walk_huggy": "query.target -> query.is_on_ground"
			  }
			]
		  }
		}
	  },
	  "controller.animation.jumpscare_huggy": {
		"initial_state": "default",
		"states": {
		  "default": {
			"transitions": [
			  {
				"attack": "variable.attack_time > 0 && !query.is_stunned"
			  },
			  {
				"add": "query.has_rider && !query.is_stunned"
			  }
			]
		  },
		  "attack": {
			"transitions": [
			  {
				"default": "1.0"
			  }
			],
			"on_entry": [
                "/function jumpscare_huggy", 
				"/tag @s add huggy"
			 ]
		  },
		  "add": {
			"transitions": [
			  {
				"default": "1.0"
			  }
			],
			"on_entry": [
				"/scoreboard objectives add huggy dummy",
				"/effect @e[r=4,type=!ic:huggy] blindness 1 1 true",  
				"/scoreboard players add @e[r=3,type=!ic:huggy] huggy 1",
				"/execute @e[scores={huggy=6..1000}] ~ ~ ~event entity @e[type=ic:huggy,r=5] ic:jumpscare_stop",
				"/execute @e[scores={huggy=6..1000}] ~ ~ ~tag @e[type=ic:huggy,r=5] remove huggy",
				"/kill @e[scores={huggy=6..1000}]",
				"/scoreboard players set @a[scores={huggy=6..1000}] huggy 0"
			 ]
		  }
		}
	  }
  }
}