{
	"format_version": "1.10.0",
	"animation_controllers": {
	  "controller.animation.jumpscare_longlegs_mad": {
		"initial_state": "default",
		"states": {
		  "default": {
			"transitions": [
			  {
				"attack": "variable.attack_time > 0 && !query.is_stunned"
			  },
			{
				"chase": "query.has_target"
			  },
			  {
				"add": "query.has_rider && !query.is_stunned"
			  }
			], 
			"on_entry": [
				"/stopsound @a mob.longlegs.chase"
			 ]
		  },
		"chase": {
			"transitions": [
			  {
				"default": "!query.has_target"
			  }, 
			{
				"attack": "variable.attack_time > 0 && !query.is_stunned"
			  }, 
			{
				"add": "query.has_rider && !query.is_stunned"
			  }
			],
			"animations": [
				"chase"
			 ]
		  },
		  "attack": {
			"transitions": [
			  {
				"default": "1.0"
			  }
			],
			"on_entry": [
                "/function jumpscare_mll_mad", 
				"/tag @s add mll"
			 ]
		  },
		  "add": {
			"transitions": [
			  {
				"default": "1.0"
			  }
			],
			"on_entry": [
				"/scoreboard objectives add mll dummy",
				"/effect @e[r=3,type=!ic:longlegs_mad] blindness 1 1 true",  
				"/scoreboard players add @e[r=3,type=!ic:longlegs_mad] mll 1",
				"/execute @e[scores={mll=3..1000}] ~ ~ ~event entity @e[type=ic:longlegs_mad,r=5] ic:jumpscare_stop",
				"/execute @e[scores={mll=3..1000}] ~ ~ ~tag @e[type=ic:longlegs_mad,r=5] remove mll",
				"/kill @e[scores={mll=3..1000}]",
				"/stopsound @a[r=35] mob.longlegs.chase",
				"/scoreboard players set @a[scores={mll=3..1000}] mll 0"
			 ]
		  }
		}
	  }
  }
}