{
	"format_version": "1.10.0",
	"animation_controllers": {
	"controller.animation.longlegs_morph": {
		"initial_state": "default",
		"states": {
		  "default": {
		"animations": [
                "longlegs_default"
			 ],
			"transitions": [
			  {
				"sneak": "query.is_sneaking"
			  }
			]
		  },
		  "sneak": {
			"transitions": [
			  {
				"default": "!query.is_sneaking"
			  }
			],
			"animations": [
                "longlegs_sneak"
			 ]
		  }
		}
	  },
	  "controller.animation.jumpscare_longlegs": {
		"initial_state": "default",
		"states": {
		  "default": {
			"transitions": [
			  {
				"attack": "variable.attack_time > 0 && !query.is_stunned"
			  },
			  {
				"add": "query.has_rider && !query.is_stunned"
			  }
			]
		  },
		  "attack": {
			"transitions": [
			  {
				"default": "1.0"
			  }
			],
			"on_entry": [
                "/function jumpscare_mll", 
				"/tag @s add mll"
			 ]
		  },
		  "add": {
			"transitions": [
			  {
				"default": "1.0"
			  }
			],
			"on_entry": [
				"/scoreboard objectives add mll dummy",
				"/effect @e[r=3,type=!ic:longlegs] blindness 1 1 true",  
				"/scoreboard players add @e[r=3,type=!ic:longlegs] mll 1",
				"/execute @e[scores={mll=3..1000}] ~ ~ ~event entity @e[type=ic:longlegs,r=5] ic:jumpscare_stop",
				"/execute @e[scores={mll=3..1000}] ~ ~ ~tag @e[type=ic:longlegs,r=5] remove mll",
				"/kill @e[scores={mll=3..1000}]",
				"/scoreboard players set @a[scores={mll=3..1000}] mll 0"
			 ]
		  }
		}
	  }
  }
}