{
	"format_version": "1.10.0",
	"animation_controllers": {
	  "controller.animation.pull": {
		"initial_state": "default",
		"states": {
		  "default": {
			"transitions": [
			  {
				"pull": "(1.0)"
			  }
			]
		  },
		  "pull": {
			"on_entry": [
			    "/tp @s @p",
                "/ride @p start_riding @e[type=ic:grapple2] teleport_ride until_full", 
                "/ride @e[type=ic:grapple2] start_riding @s teleport_ride until_full"
			 ]
		  }
		}
	  },
	  "controller.animation.boxy_jump": {
		"initial_state": "default",
		"states": {
		  "default": {
			"transitions": [
			  {
				"pull": "(1.0)"
			  }
			]
		  },
		  "pull": {
			"animations": [
                "pounce"
			 ]
		  }
		}
	  } 
  }
}