{
  "format_version": "1.10.0",
  "minecraft:client_entity": {
    "description": {
      "identifier": "ic:boxy_closed1",
      "textures": {
        "default": "textures/entity/pamobile/ic_boxy"
      },
      "materials": {
        "default": "skeleton"
      },
      "geometry": {
        "default": "geometry.ic_boxy_closed"
      },
      "render_controllers": [
        "controller.render.default"
      ],
      "spawn_egg": {
        "texture": "ic:boxy",
        "texture_index": 0
      },
      "animations": {
        "closed" : "animation.ic_boxy.close"
      },
      "scripts": {
        "animate": [
          "closed"
        ]
      }
    }
  }
}