{
  "format_version": "1.10.0",
  "minecraft:client_entity": {
    "description": {
      "identifier": "ic:boxy",
      "textures": {
        "default": "textures/entity/pamobile/ic_boxy"
      },
      "materials": {
        "default": "entity_emissive_alpha"
      },
      "geometry": {
        "default": "geometry.ic_boxy"
      },
      "render_controllers": [
        "controller.render.default"
      ],
      "spawn_egg": {
        "texture": "ic:boxy",
        "texture_index": 0
      },
      "animations": {
      "head" : "animation.entity.look_at_target.default",
        "walk.arms": "animation.ic_boxy.move.arms",
        "chase.arms": "animation.ic_boxy.chase.arms",
        "chase": "animation.ic_boxy.chase",
        "wait": "animation.ic_boxy.wait",
        "wait1": "animation.ic_boxy.wait1",
        "walk.legs": "animation.ic_boxy.move.legs",
        "attack1" : "animation.ic_boxy.attack1",
        "attack2" : "animation.ic_boxy.attack2",
        "idle": "animation.boxy.stationary",
        "jumpscare": "animation.ic_boxy.jumpscare", 
        "boxy_controls" : "controller.animation.boxy"
      },
      "scripts": {
        "animate": [
          "boxy_controls",
          "head"
        ]
      }
    }
  }
}