{
  "format_version": "1.10.0",
  "minecraft:client_entity": {
    "description": {
      "identifier": "ic:boxy_closed",
      "textures": {
        "default": "textures/entity/pamobile/ic_boxy"
      },
      "materials": {
        "default": "skeleton"
      },
      "geometry": {
        "default": "geometry.ic_boxy_closed"
      },
      "render_controllers": [
        "controller.render.default"
      ],
      "spawn_egg": {
        "texture": "ic:boxy_closed",
        "texture_index": 0
      },
      "animations": {
        "walk.arms": "animation.ic_boxy_closed.move.arms",
        "walk.legs": "animation.ic_boxy_closed.move.legs",
        "attack" : "animation.ic_boxy_closed.jumpscare",
        "idle": "animation.boxy_closed.stationary",
        "jumpscare": "animation.ic_boxy_closed.jumpscare", 
        "boxy_closed_controls" : "controller.animation.boxy_closed"
      }
    }
  }
}