{
  "format_version": "1.10.0",
  "minecraft:client_entity": {
    "description": {
      "identifier": "ic:boxy1",
      "textures": {
        "default": "textures/entity/pamobile/ic_boxy"
      },
      "materials": {
        "default": "skeleton"
      },
      "geometry": {
        "default": "geometry.ic_boxy"
      },
      "render_controllers": [
        "controller.render.default"
      ],
      "animations": {
        "opened" : "animation.ic_boxy.open"
      },
      "scripts": {
        "animate": [
          "opened"
        ]
      }
    }
  }
}