{
  "format_version": "1.10.0",
  "minecraft:client_entity": {
    "description": {
      "identifier": "ic:bunzo",
      "textures": {
        "default": "textures/entity/pamobile/ic_bunzo"
      },
      "materials": {
        "default": "skeleton"
      },
      "geometry": {
        "default": "geometry.ic_bunzo"
      },
      "render_controllers": [
        "controller.render.default"
      ],
      "spawn_egg": {
        "texture": "ic:bunzo",
        "texture_index": 0
      },
      "animations": {
      "head" : "animation.entity.look_at_target.default",
        "walk": "animation.bunzo.move",
        "idle": "animation.bunzo.stationary",
        "jumpscare": "animation.bunzo.jumpscare", 
        "bunzo_controls" : "controller.animation.bunzo"
      },
      "scripts": {
        "animate": [
        "head",
          "bunzo_controls"
        ]
      }
    }
  }
}