{
  "format_version": "1.10.0",
  "minecraft:client_entity": {
    "description": {
      "identifier": "ic:huggy_sentry",
      "textures": {
        "default": "textures/entity/pamobile/ic_huggy"
      },
      "materials": {
        "default": "entity_emissive_alpha"
      },
      "geometry": {
        "default": "geometry.ic_huggy_sentry"
      },
      "render_controllers": [
        "controller.render.default"
      ],
      "spawn_egg": {
        "texture": "ic:huggy_statue",
        "texture_index": 0
      },
      "animations": {
      "head" : "animation.entity.look_at_target.default",
        "chase" : "animation.huggy_sentry.interact"
      },
      "scripts": {
        "animate": [
        "head",
        {"chase" : "query.has_target"}
        ]
      }
    }
  }
}