{
  "format_version": "1.10.0",
  "minecraft:client_entity": {
    "description": {
      "identifier": "ic:huggy_statue",
      "textures": {
        "default": "textures/entity/pamobile/ic_huggy"
      },
      "materials": {
        "default": "entity_emissive_alpha"
      },
      "geometry": {
        "default": "geometry.ic_huggy_statue"
      },
      "render_controllers": [
        "controller.render.default"
      ],
      "spawn_egg": {
        "texture": "ic:huggy",
        "texture_index": 0
      }
    }
  }
}