{
  "format_version": "1.10.0",
  "minecraft:client_entity": {
    "description": {
      "identifier": "ic:huggy",
      "textures": {
        "default": "textures/entity/pamobile/ic_huggy"
      },
      "materials": {
        "default": "entity_emissive_alpha"
      },
      "geometry": {
        "default": "geometry.ic_huggy"
      },
      "render_controllers": [
        "controller.render.default"
      ],
      "spawn_egg": {
        "texture": "ic:huggy",
        "texture_index": 0
      },
      "animations": {
      "head" : "animation.entity.look_at_target.default",
        "walk": "animation.ic_huggywalk",
        "idle": "animation.ic_huggy.idle",
        "sprint": "animation.ic_huggy.sprint", 
        "attack": "animation.huggy.attack", 
        "chase": "animation.huggy.chase", 
        "jumpscare": "animation.huggy.jumpscare", 
        "huggy_controls" : "controller.animation.huggy"
      },
      "scripts": {
        "animate": [
        {"chase" : "query.has_target"},
          "huggy_controls"
        ]
      }
    }
  }
}