{
  "format_version": "1.10.0",
  "minecraft:client_entity": {
    "description": {
      "identifier": "ic:lounge",
      "textures": {
        "default": "textures/entity/pamobile/ic_lounge"
      },
      "materials": {
        "default": "skeleton"
      },
      "geometry": {
        "default": "geometry.ic_lounge"
      },
      "render_controllers": [
        "controller.render.default"
      ],
      "spawn_egg": {
        "texture": "ic:lounge",
        "texture_index": 0
      },
      "animations": {
        "lounge": "animation.lounge.interact", 
        "lounge_controls" : "controller.animation.lounge"
      },
      "scripts": {
        "animate": [
          "lounge_controls"
        ]
      }
    }
  }
}