{
  "format_version": "1.10.0",
  "minecraft:client_entity": {
    "description": {
      "identifier": "ic:missy",
      "textures": {
        "default": "textures/entity/pamobile/ic_missy"
      },
      "materials": {
        "default": "entity_emissive_alpha"
      },
      "geometry": {
        "default": "geometry.ic_missy"
      },
      "render_controllers": [
        "controller.render.default"
      ],
      "spawn_egg": {
        "texture": "ic:missy",
        "texture_index": 0
      },
      "animations": {
      "head" : "animation.entity.look_at_target.default",
        "walk": "animation.ic_huggywalk",
        "idle": "animation.ic_missy.idle",
        "anim": "animation.missy.anim", 
        "attack": "animation.huggy.attack", 
        "missy_controls" : "controller.animation.missy"
      },
      "scripts": {
        "animate": [
        "head",
          "missy_controls",
         { "anim": "query.is_sprinting && !query.is_sprinting"}
        ]
      }
    }
  }
}