{
  "format_version": "1.10.0",
  "minecraft:client_entity": {
    "description": {
      "identifier": "minecraft:player",
      "materials": {
        "default": "entity_alphatest",
        "morph": "entity_emissive_alpha",
        "cape": "entity_alphatest",
        "animated": "player_animated"
      },
      "textures": {
        "default": "textures/entity/steve",
        "cape": "textures/entity/cape_invisible",
        "boxy": "textures/entity/pamobile/ic_boxy",
        "huggy": "textures/entity/pamobile/ic_huggy",
        "longlegs": "textures/entity/pamobile/ic_longlegs",
        "grabpack_green": "textures/entity/pamobile/grabpack_green",
        "grabpack_charged": "textures/entity/pamobile/grabpack_charged",
        "grabpack_red": "textures/entity/pamobile/grabpack_red",
        "grabpack_blue": "textures/entity/pamobile/grabpack_blue"
      },
      "geometry": {
        "default": "geometry.humanoid.custom",
        "cape": "geometry.cape",
        "boxy": "geometry.ic_boxy_morph",
        "huggy": "geometry.ic_huggy_morph",
        "longlegs": "geometry.ic_longlegs_morph",
        "grabpack_green": "geometry.grab_pack",
        "grabpack_charged": "geometry.grab_pack_charged",
        "grabpack_red": "geometry.grab_pack",
        "grabpack_blue": "geometry.grab_pack_missing"
      },
      "scripts": {
        "scale": "0.9375",
        "initialize": [
          "variable.is_holding_right = 0.0;",
          "variable.is_blinking = 0.0;",
          "variable.last_blink_time = 0.0;",
          "variable.hand_bob = 0.0;"
        ],
        "pre_animation": [
          "variable.is_third_person = (!variable.is_first_person && !variable.map_face_icon && !variable.is_paperdoll);",
          "variable.helmet_layer_visible = 1.0;",
          "variable.leg_layer_visible = 1.0;",
          "variable.boot_layer_visible = 1.0;",
          "variable.chest_layer_visible = 1.0;",
          "variable.attack_body_rot_y = Math.sin(360*Math.sqrt(variable.attack_time)) * 5.0;",
          "variable.tcos0 = (math.cos(query.modified_distance_moved * 38.17) * query.modified_move_speed / variable.gliding_speed_value) * 57.3;",
          "variable.first_person_rotation_factor = math.sin((1 - variable.attack_time) * 180.0);",
          "variable.hand_bob = query.life_time < 0.01 ? 0.0 : variable.hand_bob + ((query.is_on_ground && query.is_alive ? math.clamp(math.sqrt(math.pow(query.position_delta(0), 2.0) + math.pow(query.position_delta(2), 2.0)), 0.0, 0.1) : 0.0) - variable.hand_bob) * 0.02;",
          "variable.map_angle = math.clamp(1 - variable.player_x_rotation / 45.1, 0.0, 1.0);",
          "variable.item_use_normalized = query.main_hand_item_use_duration / query.main_hand_item_max_duration;",
          "variable.morphed = (!query.is_item_name_any('slot.armor.head','ic:boxy_morph') && !query.is_item_name_any('slot.armor.head','ic:huggy_morph') && !query.is_item_name_any('slot.armor.head','ic:longlegs_morph'));",
          "variable.boxy = query.is_item_name_any('slot.armor.head','ic:boxy_morph');",
          "variable.huggy = query.is_item_name_any('slot.armor.head','ic:huggy_morph');",
          "variable.longlegs = query.is_item_name_any('slot.armor.head','ic:longlegs_morph');",
          "variable.grabpack_green = query.get_equipped_item_name('main_hand') == 'grabpack_green';",
          "variable.grabpack_charged = query.get_equipped_item_name('main_hand') == 'grabpack_charged';",
          "variable.grabpack_red = query.get_equipped_item_name('main_hand') == 'grabpack_red';",
          "variable.grabpack_blue = query.get_equipped_item_name('main_hand') == 'grabpack_blue';", 
          "variable.grabpack_br = query.get_equipped_item_name('main_hand') == 'grabpack_br';", 
          "variable.grabpack_bg = query.get_equipped_item_name('main_hand') == 'grabpack_bg';" 
        ],
        "animate": [
        {"longlegs_controls" : "variable.longlegs"},
        {"longlegs_attack" : "variable.longlegs"},
        {"boxy_controls" : "variable.boxy"},
        {"boxy_attack" : "variable.boxy"},
        {"huggy_controls" : "variable.huggy"},
        {"huggy_attack" : "variable.huggy"},
         { "root": "variable.morphed"},
         { "offset": "variable.morphed && variable.is_first_person"},
          {"head" : "variable.boxy || variable.huggy"}, 
          {"head_longlegs" : "variable.longlegs"}, 
          {
            "grebpeck": "variable.grabpack_green || variable.grabpack_charged || variable.grabpack_red"
          },
          {
            "grebpeckoff": "variable.grabpack_bg || variable.grabpack_blue || variable.grabpack_br"
          },
          {
            "first_person.pos": "(variable.grabpack_green || variable.grabpack_bg) && variable.is_first_person"
          },
          {
            "third_person.pos": "(variable.grabpack_green || variable.grabpack_bg) && variable.is_third_person"
          },
          {
            "first_person.pos": "variable.grabpack_charged && variable.is_first_person"
          },
          {
            "charged": "variable.grabpack_charged"
          },
          {
            "third_person.pos": "variable.grabpack_charged && variable.is_third_person"
          },
          {
            "first_person.pos": "(variable.grabpack_red || variable.grabpack_br) && variable.is_first_person"
          },
          {
            "third_person.pos": "(variable.grabpack_red || variable.grabpack_br) && variable.is_third_person"
          },
          {
            "first_person.pos": "variable.grabpack_blue && variable.is_first_person"
          },
          {
            "third_person.pos": "variable.grabpack_blue && variable.is_third_person"
          }
        ]
      },
      "animations": {
      "offset": "animation.player.first_person.offset",
      "walk.longlegs": "animation.Longlegs.move",
        "sprint.longlegs": "animation.Longlegs.move",
        "chase_longlegs": "animation.longlegs.scary",
        "attack_longlegs" : "animation.Longlegs.attack",
        "idle_longlegs": "animation.Longlegs.stationary",
        "sneak_longlegs": "animation.ic_longlegs.sneak",
        "jumpscare_longlegs": "animation.longlegs.jumpscare", 
        "longlegs_controls" : "controller.animation.longlegs_morph",
        "longlegs_attack" : "controller.animation.longlegs_attack",
      "walk.huggy": "animation.ic_huggy_morph_walk",
        "sprint.huggy": "animation.ic_huggy_vent.walk",
        "chase_huggy": "animation.huggy.chase",
        "attack_huggy" : "animation.huggy.attack",
        "attack_sneak_huggy" : "animation.huggy.attack_sneak",
        "idle_huggy": "animation.ic_huggy.idle",
        "sneak_huggy": "animation.ic_huggy.sneak",
        "jumpscare_huggy": "animation.huggy.jumpscare", 
        "huggy_controls" : "controller.animation.huggy_morph",
        "huggy_attack" : "controller.animation.huggy_attack",
      "walk.arms_boxy": "animation.ic_boxy_morph.move.arms",
        "chase.arms_boxy": "animation.ic_boxy_morph.chase.arms",
        "chase_boxy": "animation.ic_boxy.chase",
        "wait_boxy": "animation.ic_boxy.wait",
        "wait1_boxy": "animation.ic_boxy.wait1",
        "walk.legs_boxy": "animation.ic_boxy.move.legs",
        "attack1_boxy" : "animation.ic_boxy.attack1_morph",
        "attack2_boxy" : "animation.ic_boxy.attack2_morph",
        "idle_boxy": "animation.boxy.stationary",
        "sneak_boxy": "animation.ic_boxy.sneak",
        "jumpscare_boxy": "animation.ic_boxy.jumpscare", 
        "boxy_controls" : "controller.animation.boxy_morph",
        "boxy_attack" : "controller.animation.boxy_attack",
      "head" : "animation.entity.look_at_target.default",
      "head_longlegs" : "animation.longlegs.look_at_target.default",
      "charged" : "animation.grab_pack.charged",
      "sprint_fp" : "animation.custom_sprint_fp",  
      "walk_fp" : "animation.custom_walk_fp",  
      "tiptoe_fp" : "animation.custom_tiptoe_fp",  
      "sneak_fp" : "animation.custom_fp_sneak",  
      "jump_fp" : "animation.custom_fp_jump",  
      "mask" : "animation.icey_mask",  
      "sneak" : "animation.player.sneak",  
      "jump" : "animation.player.jump", 
      "stationary" : "animation.player.stationary",
      "stationary2" : "animation.player.stationary2",
      "hold" : "animation.player.weapon.hold", 
      "fall" : "animation.custom_fall", 
      "pick" : "animation.player.pickaxe", 
      "hold_attack" : "animation.player.weapon.hold_attack",
      "sprint.arms" : "animation.player.sprint.arms",
      "sprint.legs" : "animation.player.sprint.legs",
      "tiptoe.arms" : "animation.player.tiptoe.arms",
      "tiptoe.legs" : "animation.player.tiptoe.legs",
      "grebpeck": "controller.animation.grabpac",
      "grebpeckoff": "controller.animation.grabpacoff",
      "custom_sprint_fp": "controller.animation.player_customsprint_fp",
        "custom_walk_fp": "controller.animation.player_customwalk_fp",
        "custom_tiptoe_fp": "controller.animation.player_customtiptoe_fp",
        "custom_sneak_fp": "controller.animation.player_customsneak_fp",
        "custom_jump_fp": "controller.animation.player_customjump_fp",
        "custom_hold": "controller.animation.player_customhold",
        "custom_fall": "controller.animation.player_customfall",
        "custom_eat": "controller.animation.player_customeat",
        "custom_pick": "controller.animation.player_custompick",
        "custom_trident": "controller.animation.player_customtrident",
        "custom_bow": "controller.animation.player_custombow",
       "custom_walk": "controller.animation.player_customwalk",
       "custom_attack": "controller.animation.player_customattack",
       "custom_idle": "controller.animation.player_customidle",
       "custom_sprint": "controller.animation.player_customsprint",
       "custom_jump": "controller.animation.player_customjump",
       "custom_tiptoe": "controller.animation.player_customtiptoe",
       "custom_sneak": "controller.animation.player_customsneak",
       "bow_and_arrow": "animation.custom.bow_and_arrow",
       "attack.rotations_pick": "animation.player.attack.rotations_pick",
       "brandish_spear": "animation.humanoid.brandish_spear",
      "first_person.pos": "animation.grabpack.hold",
      "fire": "animation.grabpack.fire",
      "fireoff": "animation.grabpack.fireoff",
        "third_person.pos": "animation.grabpack.hold_view",
        "root": "controller.animation.player.root",
        "base_controller": "controller.animation.player.base",
        "hudplayer": "controller.animation.player.hudplayer",
        "humanoid_base_pose": "animation.humanoid.base_pose",
        "look_at_target": "controller.animation.humanoid.look_at_target",
        "look_at_target_ui": "animation.player.look_at_target.ui",
        "look_at_target_default": "animation.humanoid.look_at_target.default",
        "look_at_target_gliding": "animation.humanoid.look_at_target.gliding",
        "look_at_target_swimming": "animation.humanoid.look_at_target.swimming",
        "look_at_target_inverted": "animation.player.look_at_target.inverted",
        "cape": "animation.player.cape",
        "move.arms": "animation.player.move.arms",
        "move.legs": "animation.player.move.legs",
        "swimming": "animation.player.swim",
        "swimming.legs": "animation.player.swim.legs",
        "riding.arms": "animation.player.riding.arms",
        "riding.legs": "animation.player.riding.legs",
        "holding": "animation.player.holding",
        "brandish_spear": "animation.humanoid.brandish_spear",
        "charging": "animation.humanoid.charging",
        "attack.positions": "animation.player.attack.positions",
        "attack.rotations": "animation.player.attack.rotations",
        "sneaking": "animation.player.sneaking",
        "bob": "animation.player.bob",
        "damage_nearby_mobs": "animation.humanoid.damage_nearby_mobs",
        "bow_and_arrow": "animation.humanoid.bow_and_arrow",
        "fishing_rod": "animation.humanoid.fishing_rod",
        "use_item_progress": "animation.humanoid.use_item_progress",
        "skeleton_attack": "animation.skeleton.attack",
        "sleeping": "animation.player.sleeping",
        "first_person_base_pose": "animation.player.first_person.base_pose",
        "first_person_empty_hand": "animation.player.first_person.empty_hand",
        "first_person_swap_item": "animation.player.first_person.swap_item",
        "first_person_attack_controller": "controller.animation.player.first_person_attack",
        "first_person_attack_rotation": "animation.player.first_person.attack_rotation",
        "first_person_vr_attack_rotation": "animation.player.first_person.vr_attack_rotation",
        "first_person_walk": "animation.player.first_person.walk",
        "first_person_map_controller": "controller.animation.player.first_person_map",
        "first_person_map_hold": "animation.player.first_person.map_hold",
        "first_person_map_hold_attack": "animation.player.first_person.map_hold_attack",
        "first_person_map_hold_off_hand": "animation.player.first_person.map_hold_off_hand",
        "first_person_map_hold_main_hand": "animation.player.first_person.map_hold_main_hand",
        "first_person_crossbow_equipped": "animation.player.first_person.crossbow_equipped",
        "third_person_crossbow_equipped": "animation.player.crossbow_equipped",
        "third_person_bow_equipped": "animation.player.bow_equipped",
        "crossbow_hold": "animation.player.crossbow_hold",
        "crossbow_controller": "controller.animation.player.crossbow",
        "shield_block_main_hand": "animation.player.shield_block_main_hand",
        "shield_block_off_hand": "animation.player.shield_block_off_hand",
        "blink": "controller.animation.persona.blink"
      },
      "render_controllers": [
      {
          "controller.render.boxy": "variable.boxy && !variable.is_first_person"
        },
        {
          "controller.render.huggy": "variable.huggy && !variable.is_first_person"
        },
        {
          "controller.render.longlegs": "variable.longlegs && !variable.is_first_person"
        },
        {
          "controller.render.player.first_person": "variable.is_first_person && variable.morphed"
        },
        {
          "controller.render.player.third_person": "!variable.is_first_person && variable.morphed && !variable.map_face_icon"
        },
        {
          "controller.render.player.map": "variable.map_face_icon"
        },
        {
          "controller.render.grabpack_green": "variable.grabpack_green || variable.grabpack_bg"
        },
        {
          "controller.render.grabpack_charged": "variable.grabpack_charged"
        },
        {
          "controller.render.grabpack_red": "variable.grabpack_red || variable.grabpack_br"
        }, 
        {
          "controller.render.grabpack_blue": "variable.grabpack_blue"
        } 
      ],
      "enable_attachables": true
    }
  }
}