{
  "format_version": "1.10.0",
  "minecraft:client_entity": {
    "description": {
      "identifier": "ic:pugpillar",
      "textures": {
        "default": "textures/entity/pamobile/ic_pugpillar"
      },
      "materials": {
        "default": "skeleton"
      },
      "geometry": {
        "default": "geometry.ic_pugpillar"
      },
      "render_controllers": [
        "controller.render.default"
      ],
      "spawn_egg": {
        "texture": "ic:pugpillar",
        "texture_index": 0
      },
      "animations": {
      "head" : "animation.entity.look_at_target.default",
        "walk": "animation.pugpillar.move",
        "attack" : "animation.pugpillar.attack",
        "idle": "animation.pugpillar.stationary",
        "jumpscare": "animation.pugpillar.attack", 
        "pugpillar_controls" : "controller.animation.pugpillar"
      },
      "scripts": {
        "animate": [
          "pugpillar_controls"
        ]
      }
    }
  }
}