{
  "format_version": "1.10.0",
  "minecraft:client_entity": {
    "description": {
      "identifier": "ic:wuggy_green",
      "textures": {
        "default": "textures/entity/pamobile/ic_green"
      },
      "materials": {
        "default": "skeleton"
      },
      "geometry": {
        "default": "geometry.ic_wuggy"
      },
      "render_controllers": [
        "controller.render.default"
      ],
      "spawn_egg": {
        "texture": "ic:wuggy_green",
        "texture_index": 0
      },
      "animations": {
      "head" : "animation.entity.look_at_target.default",
        "walk": "animation.wuggy.walk",
        "fly" : "animation.wuggy.fly",
        "wiggle" : "animation.wuggy.wiggle",
        "idle": "animation.wuggy.stationary",
        "jumpscare": "animation.wuggy.jumpscare", 
        "wuggy_controls" : "controller.animation.wuggy"
      },
      "scripts": {
        "animate": [
        "head",
          "wuggy_controls"
        ]
      }
    }
  }
}