{
	"format_version": "1.12.0",
	"minecraft:geometry": [
		{
			"description": {
				"identifier": "geometry.ic_door_pull",
				"texture_width": 128,
				"texture_height": 128,
				"visible_bounds_width": 9,
				"visible_bounds_height": 11,
				"visible_bounds_offset": [0, 2.5, 0]
			},
			"bones": [
				{
					"name": "main",
					"pivot": [0, 44, 0]
				},
				{
					"name": "door",
					"parent": "main",
					"pivot": [0, 44, 0],
					"cubes": [
						{
							"origin": [-24, 44, -2],
							"size": [48, 2, 1],
							"uv": {
								"north": {"uv": [1, 67], "uv_size": [48, 2]},
								"east": {"uv": [0, 67], "uv_size": [1, 2]},
								"south": {"uv": [50, 67], "uv_size": [48, 2]},
								"west": {"uv": [49, 67], "uv_size": [1, 2]},
								"up": {"uv": [1, 66], "uv_size": [48, 1]},
								"down": {"uv": [49, 67], "uv_size": [48, -1]}
							}
						},
						{"origin": [-6, 47, -7], "size": [12, 2, 2], "uv": [0, 124]},
						{
							"origin": [-24, 50, -2],
							"size": [48, 2, 1],
							"uv": {
								"north": {"uv": [1, 67], "uv_size": [48, 2]},
								"east": {"uv": [0, 67], "uv_size": [1, 2]},
								"south": {"uv": [50, 67], "uv_size": [48, 2]},
								"west": {"uv": [49, 67], "uv_size": [1, 2]},
								"up": {"uv": [1, 66], "uv_size": [48, 1]},
								"down": {"uv": [49, 67], "uv_size": [48, -1]}
							}
						},
						{
							"origin": [-24, 56, -2],
							"size": [48, 2, 1],
							"uv": {
								"north": {"uv": [1, 67], "uv_size": [48, 2]},
								"east": {"uv": [0, 67], "uv_size": [1, 2]},
								"south": {"uv": [50, 67], "uv_size": [48, 2]},
								"west": {"uv": [49, 67], "uv_size": [1, 2]},
								"up": {"uv": [1, 66], "uv_size": [48, 1]},
								"down": {"uv": [49, 67], "uv_size": [48, -1]}
							}
						},
						{
							"origin": [-24, 62, -2],
							"size": [48, 2, 1],
							"uv": {
								"north": {"uv": [1, 67], "uv_size": [48, 2]},
								"east": {"uv": [0, 67], "uv_size": [1, 2]},
								"south": {"uv": [50, 67], "uv_size": [48, 2]},
								"west": {"uv": [49, 67], "uv_size": [1, 2]},
								"up": {"uv": [1, 66], "uv_size": [48, 1]},
								"down": {"uv": [49, 67], "uv_size": [48, -1]}
							}
						},
						{
							"origin": [-24, 68, -2],
							"size": [48, 2, 1],
							"uv": {
								"north": {"uv": [1, 67], "uv_size": [48, 2]},
								"east": {"uv": [0, 67], "uv_size": [1, 2]},
								"south": {"uv": [50, 67], "uv_size": [48, 2]},
								"west": {"uv": [49, 67], "uv_size": [1, 2]},
								"up": {"uv": [1, 66], "uv_size": [48, 1]},
								"down": {"uv": [49, 67], "uv_size": [48, -1]}
							}
						},
						{
							"origin": [-24, 74, -2],
							"size": [48, 2, 1],
							"uv": {
								"north": {"uv": [1, 67], "uv_size": [48, 2]},
								"east": {"uv": [0, 67], "uv_size": [1, 2]},
								"south": {"uv": [50, 67], "uv_size": [48, 2]},
								"west": {"uv": [49, 67], "uv_size": [1, 2]},
								"up": {"uv": [1, 66], "uv_size": [48, 1]},
								"down": {"uv": [49, 67], "uv_size": [48, -1]}
							}
						},
						{
							"origin": [-24, 80, -2],
							"size": [48, 2, 1],
							"uv": {
								"north": {"uv": [1, 67], "uv_size": [48, 2]},
								"east": {"uv": [0, 67], "uv_size": [1, 2]},
								"south": {"uv": [50, 67], "uv_size": [48, 2]},
								"west": {"uv": [49, 67], "uv_size": [1, 2]},
								"up": {"uv": [1, 66], "uv_size": [48, 1]},
								"down": {"uv": [49, 67], "uv_size": [48, -1]}
							}
						},
						{
							"origin": [-24, 86, -2],
							"size": [48, 2, 1],
							"uv": {
								"north": {"uv": [1, 67], "uv_size": [48, 2]},
								"east": {"uv": [0, 67], "uv_size": [1, 2]},
								"south": {"uv": [50, 67], "uv_size": [48, 2]},
								"west": {"uv": [49, 67], "uv_size": [1, 2]},
								"up": {"uv": [1, 66], "uv_size": [48, 1]},
								"down": {"uv": [49, 67], "uv_size": [48, -1]}
							}
						},
						{
							"origin": [-24, 92, -2],
							"size": [48, 2, 1],
							"uv": {
								"north": {"uv": [1, 67], "uv_size": [48, 2]},
								"east": {"uv": [0, 67], "uv_size": [1, 2]},
								"south": {"uv": [50, 67], "uv_size": [48, 2]},
								"west": {"uv": [49, 67], "uv_size": [1, 2]},
								"up": {"uv": [1, 66], "uv_size": [48, 1]},
								"down": {"uv": [49, 67], "uv_size": [48, -1]}
							}
						},
						{
							"origin": [-24, 98, -2],
							"size": [48, 2, 1],
							"uv": {
								"north": {"uv": [1, 67], "uv_size": [48, 2]},
								"east": {"uv": [0, 67], "uv_size": [1, 2]},
								"south": {"uv": [50, 67], "uv_size": [48, 2]},
								"west": {"uv": [49, 67], "uv_size": [1, 2]},
								"up": {"uv": [1, 66], "uv_size": [48, 1]},
								"down": {"uv": [49, 67], "uv_size": [48, -1]}
							}
						},
						{
							"origin": [-24, 104, -2],
							"size": [48, 2, 1],
							"uv": {
								"north": {"uv": [1, 67], "uv_size": [48, 2]},
								"east": {"uv": [0, 67], "uv_size": [1, 2]},
								"south": {"uv": [50, 67], "uv_size": [48, 2]},
								"west": {"uv": [49, 67], "uv_size": [1, 2]},
								"up": {"uv": [1, 66], "uv_size": [48, 1]},
								"down": {"uv": [49, 67], "uv_size": [48, -1]}
							}
						},
						{"origin": [-5, 47, -5], "size": [2, 2, 4], "uv": [0, 104]},
						{"origin": [3, 47, -5], "size": [2, 2, 4], "uv": [0, 104]}
					]
				},
				{
					"name": "body",
					"parent": "door",
					"pivot": [0, 44, 0],
					"cubes": [
						{
							"origin": [-24, 44, -1],
							"size": [48, 64, 2],
							"uv": {
								"north": {"uv": [2, 2], "uv_size": [48, 64]},
								"east": {"uv": [0, 2], "uv_size": [2, 64]},
								"south": {"uv": [52, 2], "uv_size": [48, 64]},
								"west": {"uv": [50, 2], "uv_size": [2, 64]},
								"up": {"uv": [2, 0], "uv_size": [48, 2]},
								"down": {"uv": [50, 2], "uv_size": [48, -2]}
							}
						}
					]
				},
				{
					"name": "door2",
					"parent": "door",
					"pivot": [0, 44, 3],
					"cubes": [
						{
							"origin": [-24, 44, 1],
							"size": [48, 2, 1],
							"uv": {
								"north": {"uv": [1, 67], "uv_size": [48, 2]},
								"east": {"uv": [0, 67], "uv_size": [1, 2]},
								"south": {"uv": [50, 67], "uv_size": [48, 2]},
								"west": {"uv": [49, 67], "uv_size": [1, 2]},
								"up": {"uv": [1, 66], "uv_size": [48, 1]},
								"down": {"uv": [49, 67], "uv_size": [48, -1]}
							}
						},
						{
							"origin": [-24, 50, 1],
							"size": [48, 2, 1],
							"uv": {
								"north": {"uv": [1, 67], "uv_size": [48, 2]},
								"east": {"uv": [0, 67], "uv_size": [1, 2]},
								"south": {"uv": [50, 67], "uv_size": [48, 2]},
								"west": {"uv": [49, 67], "uv_size": [1, 2]},
								"up": {"uv": [1, 66], "uv_size": [48, 1]},
								"down": {"uv": [49, 67], "uv_size": [48, -1]}
							}
						},
						{
							"origin": [-24, 56, 1],
							"size": [48, 2, 1],
							"uv": {
								"north": {"uv": [1, 67], "uv_size": [48, 2]},
								"east": {"uv": [0, 67], "uv_size": [1, 2]},
								"south": {"uv": [50, 67], "uv_size": [48, 2]},
								"west": {"uv": [49, 67], "uv_size": [1, 2]},
								"up": {"uv": [1, 66], "uv_size": [48, 1]},
								"down": {"uv": [49, 67], "uv_size": [48, -1]}
							}
						},
						{
							"origin": [-24, 62, 1],
							"size": [48, 2, 1],
							"uv": {
								"north": {"uv": [1, 67], "uv_size": [48, 2]},
								"east": {"uv": [0, 67], "uv_size": [1, 2]},
								"south": {"uv": [50, 67], "uv_size": [48, 2]},
								"west": {"uv": [49, 67], "uv_size": [1, 2]},
								"up": {"uv": [1, 66], "uv_size": [48, 1]},
								"down": {"uv": [49, 67], "uv_size": [48, -1]}
							}
						},
						{
							"origin": [-24, 68, 1],
							"size": [48, 2, 1],
							"uv": {
								"north": {"uv": [1, 67], "uv_size": [48, 2]},
								"east": {"uv": [0, 67], "uv_size": [1, 2]},
								"south": {"uv": [50, 67], "uv_size": [48, 2]},
								"west": {"uv": [49, 67], "uv_size": [1, 2]},
								"up": {"uv": [1, 66], "uv_size": [48, 1]},
								"down": {"uv": [49, 67], "uv_size": [48, -1]}
							}
						},
						{
							"origin": [-24, 74, 1],
							"size": [48, 2, 1],
							"uv": {
								"north": {"uv": [1, 67], "uv_size": [48, 2]},
								"east": {"uv": [0, 67], "uv_size": [1, 2]},
								"south": {"uv": [50, 67], "uv_size": [48, 2]},
								"west": {"uv": [49, 67], "uv_size": [1, 2]},
								"up": {"uv": [1, 66], "uv_size": [48, 1]},
								"down": {"uv": [49, 67], "uv_size": [48, -1]}
							}
						},
						{
							"origin": [-24, 80, 1],
							"size": [48, 2, 1],
							"uv": {
								"north": {"uv": [1, 67], "uv_size": [48, 2]},
								"east": {"uv": [0, 67], "uv_size": [1, 2]},
								"south": {"uv": [50, 67], "uv_size": [48, 2]},
								"west": {"uv": [49, 67], "uv_size": [1, 2]},
								"up": {"uv": [1, 66], "uv_size": [48, 1]},
								"down": {"uv": [49, 67], "uv_size": [48, -1]}
							}
						},
						{
							"origin": [-24, 86, 1],
							"size": [48, 2, 1],
							"uv": {
								"north": {"uv": [1, 67], "uv_size": [48, 2]},
								"east": {"uv": [0, 67], "uv_size": [1, 2]},
								"south": {"uv": [50, 67], "uv_size": [48, 2]},
								"west": {"uv": [49, 67], "uv_size": [1, 2]},
								"up": {"uv": [1, 66], "uv_size": [48, 1]},
								"down": {"uv": [49, 67], "uv_size": [48, -1]}
							}
						},
						{
							"origin": [-24, 92, 1],
							"size": [48, 2, 1],
							"uv": {
								"north": {"uv": [1, 67], "uv_size": [48, 2]},
								"east": {"uv": [0, 67], "uv_size": [1, 2]},
								"south": {"uv": [50, 67], "uv_size": [48, 2]},
								"west": {"uv": [49, 67], "uv_size": [1, 2]},
								"up": {"uv": [1, 66], "uv_size": [48, 1]},
								"down": {"uv": [49, 67], "uv_size": [48, -1]}
							}
						},
						{
							"origin": [-24, 98, 1],
							"size": [48, 2, 1],
							"uv": {
								"north": {"uv": [1, 67], "uv_size": [48, 2]},
								"east": {"uv": [0, 67], "uv_size": [1, 2]},
								"south": {"uv": [50, 67], "uv_size": [48, 2]},
								"west": {"uv": [49, 67], "uv_size": [1, 2]},
								"up": {"uv": [1, 66], "uv_size": [48, 1]},
								"down": {"uv": [49, 67], "uv_size": [48, -1]}
							}
						},
						{
							"origin": [-24, 104, 1],
							"size": [48, 2, 1],
							"uv": {
								"north": {"uv": [1, 67], "uv_size": [48, 2]},
								"east": {"uv": [0, 67], "uv_size": [1, 2]},
								"south": {"uv": [50, 67], "uv_size": [48, 2]},
								"west": {"uv": [49, 67], "uv_size": [1, 2]},
								"up": {"uv": [1, 66], "uv_size": [48, 1]},
								"down": {"uv": [49, 67], "uv_size": [48, -1]}
							}
						}
					]
				}
			]
		}
	]
}