{
	"format_version": "1.12.0",
	"minecraft:geometry": [
		{
			"description": {
				"identifier": "geometry.ic_gate",
				"texture_width": 128,
				"texture_height": 128,
				"visible_bounds_width": 9,
				"visible_bounds_height": 9,
				"visible_bounds_offset": [0, 1.5, 0]
			},
			"bones": [
				{
					"name": "main",
					"pivot": [0, 0, 0]
				},
				{
					"name": "door",
					"parent": "main",
					"pivot": [0, 0, 2],
					"cubes": [
						{
							"origin": [-24, 0, 0],
							"size": [48, 2, 2],
							"uv": {
								"north": {"uv": [1, 67], "uv_size": [48, 2]},
								"east": {"uv": [0, 67], "uv_size": [1, 2]},
								"south": {"uv": [50, 67], "uv_size": [48, 2]},
								"west": {"uv": [49, 67], "uv_size": [1, 2]},
								"up": {"uv": [1, 66], "uv_size": [48, 1]},
								"down": {"uv": [49, 67], "uv_size": [48, -1]}
							}
						},
						{
							"origin": [-24, 6, 0],
							"size": [48, 2, 2],
							"uv": {
								"north": {"uv": [1, 67], "uv_size": [48, 2]},
								"east": {"uv": [0, 67], "uv_size": [1, 2]},
								"south": {"uv": [50, 67], "uv_size": [48, 2]},
								"west": {"uv": [49, 67], "uv_size": [1, 2]},
								"up": {"uv": [1, 66], "uv_size": [48, 1]},
								"down": {"uv": [49, 67], "uv_size": [48, -1]}
							}
						},
						{
							"origin": [-24, 12, 0],
							"size": [48, 2, 2],
							"uv": {
								"north": {"uv": [1, 67], "uv_size": [48, 2]},
								"east": {"uv": [0, 67], "uv_size": [1, 2]},
								"south": {"uv": [50, 67], "uv_size": [48, 2]},
								"west": {"uv": [49, 67], "uv_size": [1, 2]},
								"up": {"uv": [1, 66], "uv_size": [48, 1]},
								"down": {"uv": [49, 67], "uv_size": [48, -1]}
							}
						},
						{
							"origin": [-24, 18, 0],
							"size": [48, 2, 2],
							"uv": {
								"north": {"uv": [1, 67], "uv_size": [48, 2]},
								"east": {"uv": [0, 67], "uv_size": [1, 2]},
								"south": {"uv": [50, 67], "uv_size": [48, 2]},
								"west": {"uv": [49, 67], "uv_size": [1, 2]},
								"up": {"uv": [1, 66], "uv_size": [48, 1]},
								"down": {"uv": [49, 67], "uv_size": [48, -1]}
							}
						},
						{
							"origin": [-24, 24, 0],
							"size": [48, 2, 2],
							"uv": {
								"north": {"uv": [1, 67], "uv_size": [48, 2]},
								"east": {"uv": [0, 67], "uv_size": [1, 2]},
								"south": {"uv": [50, 67], "uv_size": [48, 2]},
								"west": {"uv": [49, 67], "uv_size": [1, 2]},
								"up": {"uv": [1, 66], "uv_size": [48, 1]},
								"down": {"uv": [49, 67], "uv_size": [48, -1]}
							}
						},
						{
							"origin": [-24, 30, 0],
							"size": [48, 2, 2],
							"uv": {
								"north": {"uv": [1, 67], "uv_size": [48, 2]},
								"east": {"uv": [0, 67], "uv_size": [1, 2]},
								"south": {"uv": [50, 67], "uv_size": [48, 2]},
								"west": {"uv": [49, 67], "uv_size": [1, 2]},
								"up": {"uv": [1, 66], "uv_size": [48, 1]},
								"down": {"uv": [49, 67], "uv_size": [48, -1]}
							}
						},
						{
							"origin": [-24, 36, 0],
							"size": [48, 2, 2],
							"uv": {
								"north": {"uv": [1, 67], "uv_size": [48, 2]},
								"east": {"uv": [0, 67], "uv_size": [1, 2]},
								"south": {"uv": [50, 67], "uv_size": [48, 2]},
								"west": {"uv": [49, 67], "uv_size": [1, 2]},
								"up": {"uv": [1, 66], "uv_size": [48, 1]},
								"down": {"uv": [49, 67], "uv_size": [48, -1]}
							}
						},
						{
							"origin": [-24, 42, 0],
							"size": [48, 2, 2],
							"uv": {
								"north": {"uv": [1, 67], "uv_size": [48, 2]},
								"east": {"uv": [0, 67], "uv_size": [1, 2]},
								"south": {"uv": [50, 67], "uv_size": [48, 2]},
								"west": {"uv": [49, 67], "uv_size": [1, 2]},
								"up": {"uv": [1, 66], "uv_size": [48, 1]},
								"down": {"uv": [49, 67], "uv_size": [48, -1]}
							}
						},
						{
							"origin": [-24, 48, 0],
							"size": [48, 2, 2],
							"uv": {
								"north": {"uv": [1, 67], "uv_size": [48, 2]},
								"east": {"uv": [0, 67], "uv_size": [1, 2]},
								"south": {"uv": [50, 67], "uv_size": [48, 2]},
								"west": {"uv": [49, 67], "uv_size": [1, 2]},
								"up": {"uv": [1, 66], "uv_size": [48, 1]},
								"down": {"uv": [49, 67], "uv_size": [48, -1]}
							}
						},
						{
							"origin": [-23.5, 0, 0.5],
							"size": [2, 48, 1],
							"uv": {
								"north": {"uv": [1, 67], "uv_size": [48, 2]},
								"east": {"uv": [0, 67], "uv_size": [1, 2]},
								"south": {"uv": [50, 67], "uv_size": [48, 2]},
								"west": {"uv": [49, 67], "uv_size": [1, 2]},
								"up": {"uv": [1, 66], "uv_size": [48, 1]},
								"down": {"uv": [49, 67], "uv_size": [48, -1]}
							}
						},
						{
							"origin": [-19.5, 0, 0.5],
							"size": [2, 48, 1],
							"uv": {
								"north": {"uv": [1, 67], "uv_size": [48, 2]},
								"east": {"uv": [0, 67], "uv_size": [1, 2]},
								"south": {"uv": [50, 67], "uv_size": [48, 2]},
								"west": {"uv": [49, 67], "uv_size": [1, 2]},
								"up": {"uv": [1, 66], "uv_size": [48, 1]},
								"down": {"uv": [49, 67], "uv_size": [48, -1]}
							}
						},
						{
							"origin": [-14.5, 0, 0.5],
							"size": [2, 48, 1],
							"uv": {
								"north": {"uv": [1, 67], "uv_size": [48, 2]},
								"east": {"uv": [0, 67], "uv_size": [1, 2]},
								"south": {"uv": [50, 67], "uv_size": [48, 2]},
								"west": {"uv": [49, 67], "uv_size": [1, 2]},
								"up": {"uv": [1, 66], "uv_size": [48, 1]},
								"down": {"uv": [49, 67], "uv_size": [48, -1]}
							}
						},
						{
							"origin": [-7.5, 0, 0.5],
							"size": [2, 48, 1],
							"uv": {
								"north": {"uv": [1, 67], "uv_size": [48, 2]},
								"east": {"uv": [0, 67], "uv_size": [1, 2]},
								"south": {"uv": [50, 67], "uv_size": [48, 2]},
								"west": {"uv": [49, 67], "uv_size": [1, 2]},
								"up": {"uv": [1, 66], "uv_size": [48, 1]},
								"down": {"uv": [49, 67], "uv_size": [48, -1]}
							}
						},
						{
							"origin": [-0.5, 0, 0.5],
							"size": [2, 48, 1],
							"uv": {
								"north": {"uv": [1, 67], "uv_size": [48, 2]},
								"east": {"uv": [0, 67], "uv_size": [1, 2]},
								"south": {"uv": [50, 67], "uv_size": [48, 2]},
								"west": {"uv": [49, 67], "uv_size": [1, 2]},
								"up": {"uv": [1, 66], "uv_size": [48, 1]},
								"down": {"uv": [49, 67], "uv_size": [48, -1]}
							}
						},
						{
							"origin": [6.5, 0, 0.5],
							"size": [2, 48, 1],
							"uv": {
								"north": {"uv": [1, 67], "uv_size": [48, 2]},
								"east": {"uv": [0, 67], "uv_size": [1, 2]},
								"south": {"uv": [50, 67], "uv_size": [48, 2]},
								"west": {"uv": [49, 67], "uv_size": [1, 2]},
								"up": {"uv": [1, 66], "uv_size": [48, 1]},
								"down": {"uv": [49, 67], "uv_size": [48, -1]}
							}
						},
						{
							"origin": [12.5, 0, 0.5],
							"size": [2, 48, 1],
							"uv": {
								"north": {"uv": [1, 67], "uv_size": [48, 2]},
								"east": {"uv": [0, 67], "uv_size": [1, 2]},
								"south": {"uv": [50, 67], "uv_size": [48, 2]},
								"west": {"uv": [49, 67], "uv_size": [1, 2]},
								"up": {"uv": [1, 66], "uv_size": [48, 1]},
								"down": {"uv": [49, 67], "uv_size": [48, -1]}
							}
						},
						{
							"origin": [17.5, 0, 0.5],
							"size": [2, 48, 1],
							"uv": {
								"north": {"uv": [1, 67], "uv_size": [48, 2]},
								"east": {"uv": [0, 67], "uv_size": [1, 2]},
								"south": {"uv": [50, 67], "uv_size": [48, 2]},
								"west": {"uv": [49, 67], "uv_size": [1, 2]},
								"up": {"uv": [1, 66], "uv_size": [48, 1]},
								"down": {"uv": [49, 67], "uv_size": [48, -1]}
							}
						},
						{
							"origin": [21.5, 0, 0.5],
							"size": [2, 48, 1],
							"uv": {
								"north": {"uv": [1, 67], "uv_size": [48, 2]},
								"east": {"uv": [0, 67], "uv_size": [1, 2]},
								"south": {"uv": [50, 67], "uv_size": [48, 2]},
								"west": {"uv": [49, 67], "uv_size": [1, 2]},
								"up": {"uv": [1, 66], "uv_size": [48, 1]},
								"down": {"uv": [49, 67], "uv_size": [48, -1]}
							}
						}
					]
				},
				{
					"name": "body",
					"parent": "door",
					"pivot": [0, 0, 2]
				}
			]
		}
	]
}