{
	"format_version": "1.12.0",
	"minecraft:geometry": [
		{
			"description": {
				"identifier": "geometry.small_door",
				"texture_width": 128,
				"texture_height": 128,
				"visible_bounds_width": 4,
				"visible_bounds_height": 7,
				"visible_bounds_offset": [0, 2.5, 0]
			},
			"bones": [
				{
					"name": "main",
					"pivot": [0, 0, 0]
				},
				{
					"name": "door",
					"parent": "main",
					"pivot": [0, 0, 0],
					"cubes": [
						{"origin": [-24, 0, -2], "size": [48, 2, 1], "uv": [0, 66]},
						{"origin": [-24, 6, -2], "size": [48, 2, 1], "uv": [0, 66]},
						{"origin": [-24, 12, -2], "size": [48, 2, 1], "uv": [0, 66]},
						{"origin": [-24, 18, -2], "size": [48, 2, 1], "uv": [0, 66]},
						{"origin": [-24, 24, -2], "size": [48, 2, 1], "uv": [0, 66]},
						{"origin": [-24, 30, -2], "size": [48, 2, 1], "uv": [0, 66]},
						{"origin": [-24, 36, -2], "size": [48, 2, 1], "uv": [0, 66]},
						{"origin": [-24, 42, -2], "size": [48, 2, 1], "uv": [0, 66]},
						{"origin": [-24, 48, -2], "size": [48, 2, 1], "uv": [0, 66]},
						{"origin": [-24, 54, -2], "size": [48, 2, 1], "uv": [0, 66]},
						{"origin": [-24, 60, -2], "size": [48, 2, 1], "uv": [0, 66]}
					]
				},
				{
					"name": "body",
					"parent": "door",
					"pivot": [0, 0, 0],
					"cubes": [
						{"origin": [-24, 0, -1], "size": [48, 64, 2], "uv": [0, 0]}
					]
				},
				{
					"name": "door2",
					"parent": "door",
					"pivot": [0, 0, 3],
					"cubes": [
						{"origin": [-24, 0, 1], "size": [48, 2, 1], "uv": [0, 66]},
						{"origin": [-24, 6, 1], "size": [48, 2, 1], "uv": [0, 66]},
						{"origin": [-24, 12, 1], "size": [48, 2, 1], "uv": [0, 66]},
						{"origin": [-24, 18, 1], "size": [48, 2, 1], "uv": [0, 66]},
						{"origin": [-24, 24, 1], "size": [48, 2, 1], "uv": [0, 66]},
						{"origin": [-24, 30, 1], "size": [48, 2, 1], "uv": [0, 66]},
						{"origin": [-24, 36, 1], "size": [48, 2, 1], "uv": [0, 66]},
						{"origin": [-24, 42, 1], "size": [48, 2, 1], "uv": [0, 66]},
						{"origin": [-24, 48, 1], "size": [48, 2, 1], "uv": [0, 66]},
						{"origin": [-24, 54, 1], "size": [48, 2, 1], "uv": [0, 66]},
						{"origin": [-24, 60, 1], "size": [48, 2, 1], "uv": [0, 66]}
					]
				},
				{
					"name": "scanner",
					"parent": "main",
					"pivot": [0, 0, 0]
				},
				{
					"name": "base",
					"parent": "scanner",
					"pivot": [0, 0, 0],
					"cubes": [
						{"origin": [-6.5, 68, -11], "size": [13, 14, 3], "uv": [0, 69]},
						{"origin": [-1, 62, -10], "size": [2, 6, 2], "uv": [50, 69]},
						{"origin": [-1, 62, -8], "size": [2, 2, 7], "uv": [32, 69]}
					]
				},
				{
					"name": "block1",
					"parent": "base",
					"pivot": [-4.54267, 69.5, -10.45543],
					"cubes": [
						{"origin": [-5.5, 69, -12], "size": [3, 1, 1], "uv": [56, 69]}
					]
				},
				{
					"name": "block2",
					"parent": "base",
					"pivot": [-0.54267, 69.5, -10.45543],
					"cubes": [
						{"origin": [-1.5, 69, -12], "size": [3, 1, 1], "uv": [43, 69]}
					]
				},
				{
					"name": "block3",
					"parent": "base",
					"pivot": [8.45733, 69.5, -10.45543],
					"cubes": [
						{"origin": [2.5, 69, -12], "size": [3, 1, 1], "uv": [29, 69]}
					]
				}
			]
		}
	]
}