{
	"format_version": "1.12.0",
	"minecraft:geometry": [
		{
			"description": {
				"identifier": "geometry.vent_door_both",
				"texture_width": 128,
				"texture_height": 128,
				"visible_bounds_width": 5,
				"visible_bounds_height": 7,
				"visible_bounds_offset": [0, 0.5, 0]
			},
			"bones": [
			{
					"name": "root",
					"pivot": [0, 0, 0]
				},
				{
					"name": "main",
					"parent" : "root", 
					"pivot": [0, 0, 0],
					"cubes": [
						{"origin": [-8, 0, -2], "size": [16, 2, 4], "uv": [36, 0]},
						{"origin": [-8, 31, -2], "size": [16, 1, 4], "uv": [0, 32]},
						{"origin": [-8, 1, -1], "size": [16, 30, 2], "uv": [0, 0]}
					]
				},
				{
					"name": "scanner",
					"parent": "root",
					"pivot": [0, -33, 0]
				},
				{
					"name": "base",
					"parent": "scanner",
					"pivot": [-13, -32, 0],
					"cubes": [
						{"origin": [-19.5, 36, -11], "size": [13, 14, 3], "uv": [0, 90]},
						{"origin": [-9, 30, -10], "size": [2, 6, 2], "uv": [50, 90]},
						{"origin": [-9, 30, -8], "size": [2, 2, 7], "uv": [32, 90]}
					]
				},
				{
					"name": "block1",
					"parent": "base",
					"pivot": [-17.54267, 37.5, -10.45543],
					"cubes": [
						{"origin": [-18.5, 37, -12], "size": [3, 1, 1], "uv": [56, 90]}
					]
				},
				{
					"name": "block2",
					"parent": "base",
					"pivot": [-13.54267, 37.5, -10.45543],
					"cubes": [
						{"origin": [-14.5, 37, -12], "size": [3, 1, 1], "uv": [43, 90]}
					]
				},
				{
					"name": "block3",
					"parent": "base",
					"pivot": [-4.54267, 37.5, -10.45543],
					"cubes": [
						{"origin": [-10.5, 37, -12], "size": [3, 1, 1], "uv": [29, 90]}
					]
				},
				{
					"name": "base2",
					"parent": "scanner",
					"pivot": [13, -32, 0],
					"cubes": [
						{"origin": [6.5, 36, -11], "size": [13, 14, 3], "uv": [0, 69]},
						{"origin": [7, 30, -10], "size": [2, 6, 2], "uv": [50, 69]},
						{"origin": [7, 30, -8], "size": [2, 2, 7], "uv": [32, 69]}
					]
				},
				{
					"name": "block1",
					"parent": "base2",
					"pivot": [8.45733, 37.5, -10.45543],
					"cubes": [
						{"origin": [7.5, 37, -12], "size": [3, 1, 1], "uv": [56, 69]}
					]
				},
				{
					"name": "block2",
					"parent": "base2",
					"pivot": [12.45733, 37.5, -10.45543],
					"cubes": [
						{"origin": [11.5, 37, -12], "size": [3, 1, 1], "uv": [43, 69]}
					]
				},
				{
					"name": "block3",
					"parent": "base2",
					"pivot": [21.45733, 37.5, -10.45543],
					"cubes": [
						{"origin": [15.5, 37, -12], "size": [3, 1, 1], "uv": [29, 69]}
					]
				}
			]
		}
	]
}