{
	"format_version": "1.12.0",
	"minecraft:geometry": [
		{
			"description": {
				"identifier": "geometry.vent_dooron",
				"texture_width": 128,
				"texture_height": 128,
				"visible_bounds_width": 2,
				"visible_bounds_height": 3.5,
				"visible_bounds_offset": [0, 1.25, 0]
			},
			"bones": [
				{
					"name": "main",
					"pivot": [0, 28, 0],
					"cubes": [
						{"origin": [-8, 28, -2], "size": [16, 2, 4], "uv": [36, 0]},
						{"origin": [-8, 59, -2], "size": [16, 1, 4], "uv": [0, 32]},
						{"origin": [-8, 29, -1], "size": [16, 30, 2], "uv": [0, 0]}
					]
				}
			]
		}
	]
}