{
	"format_version": "1.8.0",
	"animations": {
		"animation.longlegs.hideseek": {
			"loop": true,
			"animation_length": 32,
			"anim_time_update": "query.anim_time + query.delta_time*0.9",
			"bones": {
				"body_main": {
					"rotation": {
						"0.0": [0, 0, 0],
						"0.75": [0, 0, 0],
						"2.0": {
							"pre": [0, 0, 0],
							"post": [0, 0, 0],
							"lerp_mode": "catmullrom"
						},
						"32.0": {
							"post": [0, 0, 0],
							"lerp_mode": "catmullrom"
						}
					},
					"position": {
						"0.0": [0, 122, 0],
						"0.75": [0, 0, 0],
						"2.0": [0, 0, 0],
						"3.375": [0, 0, -18],
						"6.0": [0, 0, -18],
						"6.9583": [0, 0, -35],
						"8.25": [0, 0, -35],
						"12.25": [0, 0, -86],
						"32.0": [0, 0, -86]
					}
				},
				"Body": {
					"rotation": {
						"0.75": [0, 0, 0],
						"2.0": {
							"pre": [0, 0, 0],
							"post": [0, 0, 0],
							"lerp_mode": "catmullrom"
						},
						"3.375": {
							"post": [-65, 0, 0],
							"lerp_mode": "catmullrom"
						},
						"4.875": {
							"post": [-65, 0, 0],
							"lerp_mode": "catmullrom"
						},
						"5.0417": {
							"post": [-47.5, 0, 0],
							"lerp_mode": "catmullrom"
						},
						"6.5": {
							"post": [-46.96, 0, 0],
							"lerp_mode": "catmullrom"
						},
						"6.75": {
							"post": [-47.12, 0, 0],
							"lerp_mode": "catmullrom"
						},
						"6.9583": {
							"post": [-32.29, 0, 0],
							"lerp_mode": "catmullrom"
						},
						"8.25": {
							"post": [-32.29, 0, 0],
							"lerp_mode": "catmullrom"
						},
						"8.5833": {
							"post": [-27.5, 0, 0],
							"lerp_mode": "catmullrom"
						},
						"12.0": {
							"post": [-27.5, 0, 0],
							"lerp_mode": "catmullrom"
						},
						"12.25": {
							"post": [-19.99, 0, 0],
							"lerp_mode": "catmullrom"
						},
						"13.125": {
							"post": [-19.99, 0, 0],
							"lerp_mode": "catmullrom"
						},
						"17.625": {
							"post": [0.01, 0, 0],
							"lerp_mode": "catmullrom"
						},
						"17.7917": {
							"post": [-19.99, 0, 0],
							"lerp_mode": "catmullrom"
						},
						"18.2917": {
							"post": [-19.99, 0, 0],
							"lerp_mode": "catmullrom"
						},
						"18.5417": {
							"post": [-9.99, 0, 0],
							"lerp_mode": "catmullrom"
						},
						"32.0": {
							"post": [-9.99, 0, 0],
							"lerp_mode": "catmullrom"
						}
					},
					"position": {
						"0.75": [0, 0, 0],
						"2.0": {
							"pre": [0, 0, 0],
							"post": [0, 0, 0],
							"lerp_mode": "catmullrom"
						},
						"3.375": {
							"post": [0, 5, -2],
							"lerp_mode": "catmullrom"
						},
						"4.875": {
							"post": [0, 5, -2],
							"lerp_mode": "catmullrom"
						},
						"5.0417": {
							"post": [0, 3, -2],
							"lerp_mode": "catmullrom"
						},
						"6.5": {
							"post": [0, 2.86, -2],
							"lerp_mode": "catmullrom"
						},
						"6.75": {
							"post": [0, 2.87, -2],
							"lerp_mode": "catmullrom"
						},
						"6.9583": {
							"post": [0, 2.88, 1],
							"lerp_mode": "catmullrom"
						},
						"8.25": {
							"post": [0, 2.88, 1],
							"lerp_mode": "catmullrom"
						},
						"8.5833": {
							"post": [0, 2.88, -2],
							"lerp_mode": "catmullrom"
						},
						"12.0": {
							"post": [0, 2.88, -2],
							"lerp_mode": "catmullrom"
						},
						"13.125": {
							"post": [0, 2.88, -2],
							"lerp_mode": "catmullrom"
						},
						"17.625": {
							"post": [0, 2.88, 4],
							"lerp_mode": "catmullrom"
						},
						"17.7917": {
							"post": [0, 2.88, -2],
							"lerp_mode": "catmullrom"
						},
						"18.2917": {
							"post": [0, 2.88, -2],
							"lerp_mode": "catmullrom"
						},
						"32.0": {
							"post": [0, 2.88, -2],
							"lerp_mode": "catmullrom"
						}
					}
				},
				"head": {
					"rotation": {
						"0.0": [75, 0, 0],
						"0.375": [75, 0, 0],
						"0.75": [0, 0, 0],
						"2.0": {
							"pre": [0, 0, 0],
							"post": [0, 0, 0],
							"lerp_mode": "catmullrom"
						},
						"3.375": {
							"post": [90, 0, 0],
							"lerp_mode": "catmullrom"
						},
						"4.875": {
							"post": [90, 0, 0],
							"lerp_mode": "catmullrom"
						},
						"5.0417": {
							"post": [78.7576, 14.6914, -9.61518],
							"lerp_mode": "catmullrom"
						},
						"6.0": {
							"post": [78.7576, 14.6914, -9.61518],
							"lerp_mode": "catmullrom"
						},
						"6.2917": {
							"post": [56.2576, 14.6914, -9.61518],
							"lerp_mode": "catmullrom"
						},
						"6.5833": {
							"post": [56.2576, 14.6914, -9.61518],
							"lerp_mode": "catmullrom"
						},
						"6.875": {
							"post": [58.33923, -7.24163, 21.05563],
							"lerp_mode": "catmullrom"
						},
						"8.25": {
							"post": [58.34, -7.24, 21.06],
							"lerp_mode": "catmullrom"
						},
						"8.5": {
							"post": [58.85229, 3.12265, 6.9295],
							"lerp_mode": "catmullrom"
						},
						"9.125": {
							"post": [58.85, 3.12, 6.93],
							"lerp_mode": "catmullrom"
						},
						"9.375": {
							"post": [46.35, 3.12, 6.93],
							"lerp_mode": "catmullrom"
						},
						"9.625": {
							"post": [46.0484, -4.9878, 25.23064],
							"lerp_mode": "catmullrom"
						},
						"9.875": {
							"post": [46.0484, -4.9878, 25.23064],
							"lerp_mode": "catmullrom"
						},
						"10.125": {
							"post": [44.05651, 10.90806, -11.64646],
							"lerp_mode": "catmullrom"
						},
						"10.5417": {
							"post": [44.05651, 10.90806, -11.64646],
							"lerp_mode": "catmullrom"
						},
						"10.7917": {
							"post": [46.46587, -1.96271, 18.35432],
							"lerp_mode": "catmullrom"
						},
						"11.0417": {
							"post": [46.46587, -1.96271, 18.35432],
							"lerp_mode": "catmullrom"
						},
						"11.2917": {
							"post": [42.53309, 13.57429, -18.82059],
							"lerp_mode": "catmullrom"
						},
						"11.5": {
							"post": [42.53309, 13.57429, -18.82059],
							"lerp_mode": "catmullrom"
						},
						"11.75": {
							"post": [56.31444, 9.46608, -12.41515],
							"lerp_mode": "catmullrom"
						},
						"13.2083": {
							"post": [49.64, 9.19, -11.99],
							"lerp_mode": "catmullrom"
						},
						"13.375": {
							"post": [36.09313, 9.19131, -11.99199],
							"lerp_mode": "catmullrom"
						},
						"13.5417": {
							"post": [42.69626, 9.19833, -12.00277],
							"lerp_mode": "catmullrom"
						},
						"13.7083": {
							"post": [32.00727, 9.20565, -12.01402],
							"lerp_mode": "catmullrom"
						},
						"14.5": {
							"post": [32.00727, 9.20565, -12.01402],
							"lerp_mode": "catmullrom"
						},
						"14.6667": {
							"post": [19.67694, 8.86056, -22.14816],
							"lerp_mode": "catmullrom"
						},
						"15.6667": {
							"post": [19.67694, 8.86056, -22.14816],
							"lerp_mode": "catmullrom"
						},
						"15.8333": {
							"post": [24.96274, 9.15039, 13.83071],
							"lerp_mode": "catmullrom"
						},
						"17.125": {
							"post": [24.96274, 9.15039, 13.83071],
							"lerp_mode": "catmullrom"
						},
						"17.5417": {
							"post": [24.96, 9.15, 13.83],
							"lerp_mode": "catmullrom"
						},
						"17.875": {
							"post": [39.15385, 9.43467, -6.4367],
							"lerp_mode": "catmullrom"
						},
						"18.375": {
							"post": [39.15385, 9.43467, -6.4367],
							"lerp_mode": "catmullrom"
						},
						"18.625": {
							"post": [24.96, 9.15, 13.83],
							"lerp_mode": "catmullrom"
						},
						"19.8333": {
							"post": [24.22, 9.14, 14.88],
							"lerp_mode": "catmullrom"
						},
						"20.0": {
							"post": [26.5036, 8.3919, 30.09955],
							"lerp_mode": "catmullrom"
						},
						"21.0": {
							"post": [26.5036, 8.3919, 30.09955],
							"lerp_mode": "catmullrom"
						},
						"21.1667": {
							"post": [19.00858, 8.62608, -18.03169],
							"lerp_mode": "catmullrom"
						},
						"22.1667": {
							"post": [19.00858, 8.62608, -18.03169],
							"lerp_mode": "catmullrom"
						},
						"22.3333": {
							"post": [25.86105, 8.68945, 24.90234],
							"lerp_mode": "catmullrom"
						},
						"23.25": {
							"post": [25.86105, 8.68945, 24.90234],
							"lerp_mode": "catmullrom"
						},
						"23.4167": {
							"post": [20.28953, 9.06225, -10.63388],
							"lerp_mode": "catmullrom"
						},
						"24.4583": {
							"post": [20.28953, 9.06225, -10.63388],
							"lerp_mode": "catmullrom"
						},
						"24.625": {
							"post": [17.02082, 7.5754, -33.4373],
							"lerp_mode": "catmullrom"
						},
						"26.0833": {
							"post": [17.02082, 7.5754, -33.4373],
							"lerp_mode": "catmullrom"
						},
						"26.25": {
							"post": [24.54, 9.15, 14.42],
							"lerp_mode": "catmullrom"
						},
						"27.5": {
							"post": [24.54, 9.15, 14.42],
							"lerp_mode": "catmullrom"
						},
						"27.6667": {
							"post": [27.67519, 7.8571, 34.43278],
							"lerp_mode": "catmullrom"
						},
						"28.7917": {
							"post": [27.67519, 7.8571, 34.43278],
							"lerp_mode": "catmullrom"
						},
						"28.9583": {
							"post": [18.7087, 8.64307, -23.92067],
							"lerp_mode": "catmullrom"
						},
						"30.25": {
							"post": [18.7087, 8.64307, -23.92067],
							"lerp_mode": "catmullrom"
						},
						"30.4167": {
							"post": [24.91, 9.15, 13.89],
							"lerp_mode": "catmullrom"
						},
						"30.5833": {
							"post": [24.96, 9.15, 13.83],
							"lerp_mode": "catmullrom"
						},
						"32.0": {
							"post": [24.96, 9.15, 13.83],
							"lerp_mode": "catmullrom"
						}
					},
					"position": {
						"0.75": [0, 0, 0],
						"2.0": {
							"pre": [0, 0, 0],
							"post": [0, 0, 0],
							"lerp_mode": "catmullrom"
						},
						"32.0": {
							"post": [0, 0, 0],
							"lerp_mode": "catmullrom"
						}
					}
				},
				"leftarm": {
					"rotation": {
						"0.0": [0, 0, -10],
						"0.375": [0, 0, -10],
						"0.75": [0, 0, 0],
						"2.0": {
							"pre": [0, 0, 0],
							"post": [0, 0, 0],
							"lerp_mode": "catmullrom"
						},
						"3.375": {
							"post": [2.28223, 3.00399, 6.06676],
							"lerp_mode": "catmullrom"
						},
						"4.875": {
							"post": [2.28223, 3.00399, 6.06676],
							"lerp_mode": "catmullrom"
						},
						"5.0417": {
							"post": [3.76297, 0.18375, 56.01632],
							"lerp_mode": "catmullrom"
						},
						"6.0": {
							"post": [3.76297, 0.18375, 56.01632],
							"lerp_mode": "catmullrom"
						},
						"6.8333": {
							"post": [3.76, 0.18, 56.02],
							"lerp_mode": "catmullrom"
						},
						"6.9583": {
							"post": [2.01116, 3.18267, 1.06997],
							"lerp_mode": "catmullrom"
						},
						"8.25": {
							"post": [2.01, 3.18, 1.07],
							"lerp_mode": "catmullrom"
						},
						"8.4167": {
							"post": [-38.59545, 33.81635, 54.39951],
							"lerp_mode": "catmullrom"
						},
						"8.5833": {
							"post": [26.68032, 37.92227, 52.66771],
							"lerp_mode": "catmullrom"
						},
						"10.1667": {
							"post": [71.27697, -2.99393, 79.67207],
							"lerp_mode": "catmullrom"
						},
						"10.5833": {
							"post": [-49.45498, 26.94997, 29.76397],
							"lerp_mode": "catmullrom"
						},
						"10.7917": {
							"post": [9.99711, 52.92744, 67.10328],
							"lerp_mode": "catmullrom"
						},
						"11.0": {
							"post": [26.68032, 37.92227, 52.66771],
							"lerp_mode": "catmullrom"
						},
						"12.0": {
							"post": [53.94135, 15.14697, 47.99946],
							"lerp_mode": "catmullrom"
						},
						"12.25": {
							"post": [68.28, 29.98, 67.4],
							"lerp_mode": "catmullrom"
						},
						"13.125": {
							"post": [53.94135, 15.14697, 47.99946],
							"lerp_mode": "catmullrom"
						},
						"17.625": {
							"post": [0, 0, 0],
							"lerp_mode": "catmullrom"
						},
						"17.7917": {
							"post": [12.5, 0, 0],
							"lerp_mode": "catmullrom"
						},
						"18.2917": {
							"post": [12.5, 0, 0],
							"lerp_mode": "catmullrom"
						},
						"18.5417": {
							"post": [12.45392, 1.08089, -4.88206],
							"lerp_mode": "catmullrom"
						},
						"32.0": {
							"post": [12.45, 1.08, -4.88],
							"lerp_mode": "catmullrom"
						}
					},
					"position": {
						"0.0": [0, 2, 0],
						"0.375": [0, 2, 0],
						"0.75": [0, 0, 0],
						"2.0": {
							"pre": [0, 0, 0],
							"post": [0, 0, 0],
							"lerp_mode": "catmullrom"
						},
						"3.375": {
							"post": [-3, 29, 6],
							"lerp_mode": "catmullrom"
						},
						"4.875": {
							"post": [-3, 29, 6],
							"lerp_mode": "catmullrom"
						},
						"5.0417": {
							"post": [-3, 21, 3],
							"lerp_mode": "catmullrom"
						},
						"6.0": {
							"post": [-3, 21, 3],
							"lerp_mode": "catmullrom"
						},
						"8.25": {
							"post": [-3, 16, 3],
							"lerp_mode": "catmullrom"
						},
						"8.5833": {
							"post": [-1, 17, -2],
							"lerp_mode": "catmullrom"
						},
						"11.0": {
							"post": [-1, 17, -2],
							"lerp_mode": "catmullrom"
						},
						"12.0": {
							"post": [-1, 17, -2],
							"lerp_mode": "catmullrom"
						},
						"13.125": {
							"post": [-1, 17, -2],
							"lerp_mode": "catmullrom"
						},
						"17.625": {
							"post": [-1, 8, 4],
							"lerp_mode": "catmullrom"
						},
						"17.7917": {
							"post": [-1, 10, 0],
							"lerp_mode": "catmullrom"
						},
						"18.2917": {
							"post": [-1, 10, 0],
							"lerp_mode": "catmullrom"
						},
						"32.0": {
							"post": [-1, 10, 0],
							"lerp_mode": "catmullrom"
						}
					}
				},
				"leftarm2": {
					"rotation": {
						"0.0": [0, 15, 0],
						"0.375": [0, 15, 0],
						"0.75": [0, 0, 0],
						"2.0": {
							"pre": [0, 0, 0],
							"post": [0, 0, 0],
							"lerp_mode": "catmullrom"
						},
						"3.375": {
							"post": [0, -65, 0],
							"lerp_mode": "catmullrom"
						},
						"4.875": {
							"post": [0, -65, 0],
							"lerp_mode": "catmullrom"
						},
						"5.0417": {
							"post": [0, 17.5, 0],
							"lerp_mode": "catmullrom"
						},
						"6.0": {
							"post": [0, 17.5, 0],
							"lerp_mode": "catmullrom"
						},
						"6.8333": {
							"post": [0, 35, 0],
							"lerp_mode": "catmullrom"
						},
						"6.9583": {
							"post": [0, -17.5, 0],
							"lerp_mode": "catmullrom"
						},
						"8.25": {
							"post": [0, -17.5, 0],
							"lerp_mode": "catmullrom"
						},
						"8.4167": {
							"post": [19.41244, -45.26392, -1.08713],
							"lerp_mode": "catmullrom"
						},
						"8.5833": {
							"post": [-18.44854, -57.00626, -62.50409],
							"lerp_mode": "catmullrom"
						},
						"13.125": {
							"post": [-18.44854, -57.00626, -62.50409],
							"lerp_mode": "catmullrom"
						},
						"17.625": {
							"post": [3.64119, -75.56954, 9.39925],
							"lerp_mode": "catmullrom"
						},
						"32.0": {
							"post": [3.64, -75.57, 9.4],
							"lerp_mode": "catmullrom"
						}
					}
				},
				"rightarm": {
					"rotation": {
						"0.0": [0, 0, 37.5],
						"0.375": [0, 0, 37.5],
						"0.75": [0, 0, 0],
						"2.0": {
							"pre": [0, 0, 0],
							"post": [0, 0, 0],
							"lerp_mode": "catmullrom"
						},
						"3.375": {
							"post": [0, 0, -72.5],
							"lerp_mode": "catmullrom"
						},
						"4.875": {
							"post": [0, 0, -72.5],
							"lerp_mode": "catmullrom"
						},
						"5.0417": {
							"post": [0, 0, -57.5],
							"lerp_mode": "catmullrom"
						},
						"6.0": {
							"post": [0, 0, -57.5],
							"lerp_mode": "catmullrom"
						},
						"6.8333": {
							"post": [0, 0, -60],
							"lerp_mode": "catmullrom"
						},
						"6.9583": {
							"post": [0, 0, -70],
							"lerp_mode": "catmullrom"
						},
						"8.25": {
							"post": [0, 0, -70],
							"lerp_mode": "catmullrom"
						},
						"8.6667": {
							"post": [0, 0, 49.52],
							"lerp_mode": "catmullrom"
						},
						"9.0417": {
							"post": [0, 0, 52.5],
							"lerp_mode": "catmullrom"
						},
						"9.75": {
							"post": [15, 0, 52.5],
							"lerp_mode": "catmullrom"
						},
						"10.25": {
							"post": [-62.5, 0, 52.5],
							"lerp_mode": "catmullrom"
						},
						"10.5": {
							"post": [0, 0, 52.5],
							"lerp_mode": "catmullrom"
						},
						"11.0": {
							"post": [15, 0, 52.5],
							"lerp_mode": "catmullrom"
						},
						"11.5": {
							"post": [-62.5, 0, 52.5],
							"lerp_mode": "catmullrom"
						},
						"11.75": {
							"post": [0, 0, 52.5],
							"lerp_mode": "catmullrom"
						},
						"12.0": {
							"post": [15, 0, 52.5],
							"lerp_mode": "catmullrom"
						},
						"12.5": {
							"post": [-62.5, 0, 52.5],
							"lerp_mode": "catmullrom"
						},
						"13.125": {
							"post": [0, 0, 52.5],
							"lerp_mode": "catmullrom"
						},
						"17.625": {
							"post": [0, -20, 50],
							"lerp_mode": "catmullrom"
						},
						"32.0": {
							"post": [0, -20, 50],
							"lerp_mode": "catmullrom"
						}
					},
					"position": {
						"0.0": [0, 1, 0],
						"0.375": [0, 1, 0],
						"0.75": [0, 0, 0],
						"2.0": {
							"pre": [0, 0, 0],
							"post": [0, 0, 0],
							"lerp_mode": "catmullrom"
						},
						"3.375": {
							"post": [0, 28, 7],
							"lerp_mode": "catmullrom"
						},
						"4.875": {
							"post": [0, 28, 7],
							"lerp_mode": "catmullrom"
						},
						"5.0417": {
							"post": [0, 19, 4],
							"lerp_mode": "catmullrom"
						},
						"6.0": {
							"post": [0, 19, 4],
							"lerp_mode": "catmullrom"
						},
						"6.9583": {
							"post": [0, 16, 4],
							"lerp_mode": "catmullrom"
						},
						"13.125": {
							"post": [0, 16, 4],
							"lerp_mode": "catmullrom"
						},
						"17.625": {
							"post": [0, 9, 4],
							"lerp_mode": "catmullrom"
						},
						"32.0": {
							"post": [0, 9, 4],
							"lerp_mode": "catmullrom"
						}
					}
				},
				"rightarm2": {
					"rotation": {
						"0.0": [0, 0, 0],
						"0.375": [0, 0, 0],
						"0.75": [0, 0, 0],
						"2.0": {
							"pre": [0, 0, 0],
							"post": [0, 0, 0],
							"lerp_mode": "catmullrom"
						},
						"3.375": {
							"post": [0, 137.5, 0],
							"lerp_mode": "catmullrom"
						},
						"4.875": {
							"post": [0, 137.5, 0],
							"lerp_mode": "catmullrom"
						},
						"6.0": {
							"post": [0, 137.5, 0],
							"lerp_mode": "catmullrom"
						},
						"6.4583": {
							"post": [-12.5, 117.5, 0],
							"lerp_mode": "catmullrom"
						},
						"6.9583": {
							"post": [0, 152.5, 0],
							"lerp_mode": "catmullrom"
						},
						"7.75": {
							"post": [0.19, 162.78, 0],
							"lerp_mode": "catmullrom"
						},
						"8.25": {
							"post": [0, 17.5, 0],
							"lerp_mode": "catmullrom"
						},
						"8.6667": {
							"post": [0, -2.5, 0],
							"lerp_mode": "catmullrom"
						},
						"9.0417": {
							"post": [0, 25, 0],
							"lerp_mode": "catmullrom"
						},
						"9.75": {
							"post": [42.5, 25, 0],
							"lerp_mode": "catmullrom"
						},
						"10.25": {
							"post": [16.16676, 22.97676, 41.37429],
							"lerp_mode": "catmullrom"
						},
						"10.5": {
							"post": [0, 25, 0],
							"lerp_mode": "catmullrom"
						},
						"11.0": {
							"post": [42.5, 25, 0],
							"lerp_mode": "catmullrom"
						},
						"11.5": {
							"post": [16.16676, 22.97676, 41.37429],
							"lerp_mode": "catmullrom"
						},
						"11.75": {
							"post": [0, 25, 0],
							"lerp_mode": "catmullrom"
						},
						"12.0": {
							"post": [42.5, 25, 0],
							"lerp_mode": "catmullrom"
						},
						"12.5": {
							"post": [16.16676, 22.97676, 41.37429],
							"lerp_mode": "catmullrom"
						},
						"13.125": {
							"post": [0, 25, 0],
							"lerp_mode": "catmullrom"
						},
						"17.625": {
							"post": [15.43785, 22.58763, -0.78883],
							"lerp_mode": "catmullrom"
						},
						"32.0": {
							"post": [15.44, 22.59, -0.79],
							"lerp_mode": "catmullrom"
						}
					}
				},
				"leftleg": {
					"rotation": {
						"0.0": [0, 0, 57.5],
						"0.375": [0, 0, 57.5],
						"0.75": [0, 0, 0],
						"2.0": {
							"pre": [0, 0, 0],
							"post": [0, 0, 0],
							"lerp_mode": "catmullrom"
						},
						"2.25": {
							"post": [17.5, 0, 0],
							"lerp_mode": "catmullrom"
						},
						"2.5": {
							"post": [-27.5, 0, 0],
							"lerp_mode": "catmullrom"
						},
						"3.375": {
							"post": [0, 0, 0],
							"lerp_mode": "catmullrom"
						},
						"6.0": {
							"post": [-12.5, 0, 0],
							"lerp_mode": "catmullrom"
						},
						"6.1667": {
							"post": [17.5, 0, 0],
							"lerp_mode": "catmullrom"
						},
						"6.3333": {
							"post": [-27.5, 0, 0],
							"lerp_mode": "catmullrom"
						},
						"6.9583": {
							"post": [0, 0, 0],
							"lerp_mode": "catmullrom"
						},
						"8.25": {
							"post": [0, 0, 0],
							"lerp_mode": "catmullrom"
						},
						"8.5": {
							"post": [17.5, 0, 0],
							"lerp_mode": "catmullrom"
						},
						"8.75": {
							"post": [-27.5, 0, 0],
							"lerp_mode": "catmullrom"
						},
						"9.625": {
							"post": [0, 0, 0],
							"lerp_mode": "catmullrom"
						},
						"9.875": {
							"post": [17.5, 0, 0],
							"lerp_mode": "catmullrom"
						},
						"10.125": {
							"post": [-27.5, 0, 0],
							"lerp_mode": "catmullrom"
						},
						"11.0": {
							"post": [0, 0, 0],
							"lerp_mode": "catmullrom"
						},
						"11.25": {
							"post": [17.5, 0, 0],
							"lerp_mode": "catmullrom"
						},
						"11.5": {
							"post": [-27.5, 0, 0],
							"lerp_mode": "catmullrom"
						},
						"12.375": {
							"post": [0, 0, 0],
							"lerp_mode": "catmullrom"
						},
						"14.125": {
							"post": [-10, 0, 0],
							"lerp_mode": "catmullrom"
						},
						"15.625": {
							"post": [-10, 0, 0],
							"lerp_mode": "catmullrom"
						},
						"32.0": {
							"post": [-10, 0, 0],
							"lerp_mode": "catmullrom"
						}
					},
					"position": {
						"0.75": [0, 0, 0],
						"2.0": {
							"pre": [0, 0, 0],
							"post": [0, 0, 0],
							"lerp_mode": "catmullrom"
						},
						"2.25": {
							"post": [0, 2, -4],
							"lerp_mode": "catmullrom"
						},
						"2.5": {
							"post": [0, -1, -4],
							"lerp_mode": "catmullrom"
						},
						"3.375": {
							"post": [0, 0, 0],
							"lerp_mode": "catmullrom"
						},
						"6.0": {
							"post": [0, 0, 0],
							"lerp_mode": "catmullrom"
						},
						"6.1667": {
							"post": [0, 2, -4],
							"lerp_mode": "catmullrom"
						},
						"6.3333": {
							"post": [0, -1, -4],
							"lerp_mode": "catmullrom"
						},
						"6.9583": {
							"post": [0, 0, 0],
							"lerp_mode": "catmullrom"
						},
						"8.25": {
							"post": [0, 0, 0],
							"lerp_mode": "catmullrom"
						},
						"8.5": {
							"post": [0, 2, -4],
							"lerp_mode": "catmullrom"
						},
						"8.75": {
							"post": [0, -1, -4],
							"lerp_mode": "catmullrom"
						},
						"9.625": {
							"post": [0, 0, 0],
							"lerp_mode": "catmullrom"
						},
						"9.875": {
							"post": [0, 2, -4],
							"lerp_mode": "catmullrom"
						},
						"10.125": {
							"post": [0, -1, -4],
							"lerp_mode": "catmullrom"
						},
						"11.0": {
							"post": [0, 0, 0],
							"lerp_mode": "catmullrom"
						},
						"11.25": {
							"post": [0, 2, -4],
							"lerp_mode": "catmullrom"
						},
						"11.5": {
							"post": [0, -1, -4],
							"lerp_mode": "catmullrom"
						},
						"12.375": {
							"post": [0, 0, 0],
							"lerp_mode": "catmullrom"
						},
						"14.125": {
							"post": [0, 1, 0],
							"lerp_mode": "catmullrom"
						},
						"14.375": {
							"post": [0, 1, 3],
							"lerp_mode": "catmullrom"
						},
						"14.625": {
							"post": [0, 0, 3],
							"lerp_mode": "catmullrom"
						},
						"14.875": {
							"post": [0, 0, 1],
							"lerp_mode": "catmullrom"
						},
						"15.625": {
							"post": [0, 1, 0],
							"lerp_mode": "catmullrom"
						},
						"15.875": {
							"post": [0, 1, 3],
							"lerp_mode": "catmullrom"
						},
						"16.125": {
							"post": [0, 0, 3],
							"lerp_mode": "catmullrom"
						},
						"16.375": {
							"post": [0, 0, 1],
							"lerp_mode": "catmullrom"
						},
						"32.0": {
							"post": [0, 0, 1],
							"lerp_mode": "catmullrom"
						}
					}
				},
				"leftleg1": {
					"rotation": {
						"0.0": [0, -177.5, 0],
						"0.375": [0, -177.5, 0],
						"0.75": [0, 0, 0],
						"2.0": {
							"pre": [-20, 0, 0],
							"post": [-20, 0, 0],
							"lerp_mode": "catmullrom"
						},
						"2.25": {
							"post": [45, 0, 0],
							"lerp_mode": "catmullrom"
						},
						"2.5": {
							"post": [15, 0, 0],
							"lerp_mode": "catmullrom"
						},
						"2.7083": {
							"post": [0, 0, 0],
							"lerp_mode": "catmullrom"
						},
						"3.375": {
							"post": [-12.37, 0, 0],
							"lerp_mode": "catmullrom"
						},
						"6.0": {
							"post": [-12.37, 0, 0],
							"lerp_mode": "catmullrom"
						},
						"6.1667": {
							"post": [45, 0, 0],
							"lerp_mode": "catmullrom"
						},
						"6.3333": {
							"post": [15, 0, 0],
							"lerp_mode": "catmullrom"
						},
						"6.4583": {
							"post": [0, 0, 0],
							"lerp_mode": "catmullrom"
						},
						"8.25": {
							"post": [-20, 0, 0],
							"lerp_mode": "catmullrom"
						},
						"8.5": {
							"post": [45, 0, 0],
							"lerp_mode": "catmullrom"
						},
						"8.75": {
							"post": [15, 0, 0],
							"lerp_mode": "catmullrom"
						},
						"8.9583": {
							"post": [0, 0, 0],
							"lerp_mode": "catmullrom"
						},
						"9.625": {
							"post": [-20, 0, 0],
							"lerp_mode": "catmullrom"
						},
						"9.875": {
							"post": [45, 0, 0],
							"lerp_mode": "catmullrom"
						},
						"10.125": {
							"post": [15, 0, 0],
							"lerp_mode": "catmullrom"
						},
						"10.3333": {
							"post": [0, 0, 0],
							"lerp_mode": "catmullrom"
						},
						"11.0": {
							"post": [-20, 0, 0],
							"lerp_mode": "catmullrom"
						},
						"11.25": {
							"post": [45, 0, 0],
							"lerp_mode": "catmullrom"
						},
						"11.5": {
							"post": [15, 0, 0],
							"lerp_mode": "catmullrom"
						},
						"11.7083": {
							"post": [0, 0, 0],
							"lerp_mode": "catmullrom"
						},
						"12.375": {
							"post": [-12.37, 0, 0],
							"lerp_mode": "catmullrom"
						},
						"32.0": {
							"post": [-12.37, 0, 0],
							"lerp_mode": "catmullrom"
						}
					}
				},
				"rightleg": {
					"rotation": {
						"0.0": [0, 0, -35],
						"0.375": [0, 0, -35],
						"0.75": [0, 0, 0],
						"2.0": {
							"pre": [0, 0, 2.59],
							"post": [0, 0, 2.59],
							"lerp_mode": "catmullrom"
						},
						"2.7083": {
							"post": [20, 0, 0],
							"lerp_mode": "catmullrom"
						},
						"2.9167": {
							"post": [20, 0, 0],
							"lerp_mode": "catmullrom"
						},
						"3.1667": {
							"post": [-17.5, 0, 0],
							"lerp_mode": "catmullrom"
						},
						"3.375": {
							"post": [1.26, 0, 0],
							"lerp_mode": "catmullrom"
						},
						"6.0": {
							"post": [0, 0, 2.59],
							"lerp_mode": "catmullrom"
						},
						"6.4583": {
							"post": [20, 0, 0],
							"lerp_mode": "catmullrom"
						},
						"6.625": {
							"post": [20, 0, 0],
							"lerp_mode": "catmullrom"
						},
						"6.7917": {
							"post": [-17.5, 0, 0],
							"lerp_mode": "catmullrom"
						},
						"6.9583": {
							"post": [1.26, 0, 0],
							"lerp_mode": "catmullrom"
						},
						"8.25": {
							"post": [0, 0, 2.59],
							"lerp_mode": "catmullrom"
						},
						"8.9583": {
							"post": [20, 0, 0],
							"lerp_mode": "catmullrom"
						},
						"9.1667": {
							"post": [20, 0, 0],
							"lerp_mode": "catmullrom"
						},
						"9.4167": {
							"post": [-17.5, 0, 0],
							"lerp_mode": "catmullrom"
						},
						"9.625": {
							"post": [0, 0, 2.59],
							"lerp_mode": "catmullrom"
						},
						"10.3333": {
							"post": [20, 0, 0],
							"lerp_mode": "catmullrom"
						},
						"10.5417": {
							"post": [20, 0, 0],
							"lerp_mode": "catmullrom"
						},
						"10.7917": {
							"post": [-17.5, 0, 0],
							"lerp_mode": "catmullrom"
						},
						"11.0": {
							"post": [0, 0, 2.59],
							"lerp_mode": "catmullrom"
						},
						"11.7083": {
							"post": [20, 0, 0],
							"lerp_mode": "catmullrom"
						},
						"11.9167": {
							"post": [20, 0, 0],
							"lerp_mode": "catmullrom"
						},
						"12.1667": {
							"post": [-17.5, 0, 0],
							"lerp_mode": "catmullrom"
						},
						"12.375": {
							"post": [1.26, 0, 0],
							"lerp_mode": "catmullrom"
						},
						"32.0": {
							"post": [1.26, 0, 0],
							"lerp_mode": "catmullrom"
						}
					},
					"position": {
						"0.75": [0, 0, 0],
						"2.0": {
							"pre": [0, 0, 0],
							"post": [0, 0, 0],
							"lerp_mode": "catmullrom"
						},
						"2.7083": {
							"post": [0, 0, 2],
							"lerp_mode": "catmullrom"
						},
						"2.9167": {
							"post": [0, 3, -3],
							"lerp_mode": "catmullrom"
						},
						"3.1667": {
							"post": [0, 0, -3],
							"lerp_mode": "catmullrom"
						},
						"3.375": {
							"post": [0, -0.17, -0.22],
							"lerp_mode": "catmullrom"
						},
						"6.0": {
							"post": [0, 0, 0],
							"lerp_mode": "catmullrom"
						},
						"6.4583": {
							"post": [0, 0, 2],
							"lerp_mode": "catmullrom"
						},
						"6.625": {
							"post": [0, 3, -3],
							"lerp_mode": "catmullrom"
						},
						"6.7917": {
							"post": [0, 0, -3],
							"lerp_mode": "catmullrom"
						},
						"6.9583": {
							"post": [0, -0.17, -0.22],
							"lerp_mode": "catmullrom"
						},
						"8.25": {
							"post": [0, 0, 0],
							"lerp_mode": "catmullrom"
						},
						"8.9583": {
							"post": [0, 0, 2],
							"lerp_mode": "catmullrom"
						},
						"9.1667": {
							"post": [0, 3, -3],
							"lerp_mode": "catmullrom"
						},
						"9.4167": {
							"post": [0, 0, -3],
							"lerp_mode": "catmullrom"
						},
						"9.625": {
							"post": [0, 0, 0],
							"lerp_mode": "catmullrom"
						},
						"10.3333": {
							"post": [0, 0, 2],
							"lerp_mode": "catmullrom"
						},
						"10.5417": {
							"post": [0, 3, -3],
							"lerp_mode": "catmullrom"
						},
						"10.7917": {
							"post": [0, 0, -3],
							"lerp_mode": "catmullrom"
						},
						"11.0": {
							"post": [0, 0, 0],
							"lerp_mode": "catmullrom"
						},
						"11.7083": {
							"post": [0, 0, 2],
							"lerp_mode": "catmullrom"
						},
						"11.9167": {
							"post": [0, 3, -3],
							"lerp_mode": "catmullrom"
						},
						"12.1667": {
							"post": [0, 0, -3],
							"lerp_mode": "catmullrom"
						},
						"12.375": {
							"post": [0, -0.17, -0.22],
							"lerp_mode": "catmullrom"
						},
						"14.875": {
							"post": [0, 0, 0],
							"lerp_mode": "catmullrom"
						},
						"15.125": {
							"post": [0, 1, 3],
							"lerp_mode": "catmullrom"
						},
						"15.375": {
							"post": [0, 0, 3],
							"lerp_mode": "catmullrom"
						},
						"15.625": {
							"post": [0, 0, 1],
							"lerp_mode": "catmullrom"
						},
						"16.375": {
							"post": [0, 0, 0],
							"lerp_mode": "catmullrom"
						},
						"16.625": {
							"post": [0, 1, 3],
							"lerp_mode": "catmullrom"
						},
						"16.875": {
							"post": [0, 0, 3],
							"lerp_mode": "catmullrom"
						},
						"17.125": {
							"post": [0, 0, 1],
							"lerp_mode": "catmullrom"
						},
						"32.0": {
							"post": [0, 0, 1],
							"lerp_mode": "catmullrom"
						}
					}
				},
				"rightleg1": {
					"rotation": {
						"0.0": [0, 155, 0],
						"0.375": [0, 155, 0],
						"0.75": [0, 0, 0],
						"2.0": {
							"pre": [0, 0, 0],
							"post": [0, 0, 0],
							"lerp_mode": "catmullrom"
						},
						"2.7083": {
							"post": [8.8666, -4.9495, -1.53957],
							"lerp_mode": "catmullrom"
						},
						"2.9167": {
							"post": [21.3666, -4.9495, -1.53957],
							"lerp_mode": "catmullrom"
						},
						"3.1667": {
							"post": [3.8666, -4.9495, -1.53957],
							"lerp_mode": "catmullrom"
						},
						"3.375": {
							"post": [-1.73038, 0.04088, -0.86691],
							"lerp_mode": "catmullrom"
						},
						"6.0": {
							"post": [0, 0, 0],
							"lerp_mode": "catmullrom"
						},
						"6.4583": {
							"post": [8.8666, -4.9495, -1.53957],
							"lerp_mode": "catmullrom"
						},
						"6.625": {
							"post": [21.3666, -4.9495, -1.53957],
							"lerp_mode": "catmullrom"
						},
						"6.7917": {
							"post": [3.8666, -4.9495, -1.53957],
							"lerp_mode": "catmullrom"
						},
						"6.9583": {
							"post": [-1.73038, 0.04088, -0.86691],
							"lerp_mode": "catmullrom"
						},
						"8.25": {
							"post": [0, 0, 0],
							"lerp_mode": "catmullrom"
						},
						"8.9583": {
							"post": [8.8666, -4.9495, -1.53957],
							"lerp_mode": "catmullrom"
						},
						"9.1667": {
							"post": [21.3666, -4.9495, -1.53957],
							"lerp_mode": "catmullrom"
						},
						"9.4167": {
							"post": [3.8666, -4.9495, -1.53957],
							"lerp_mode": "catmullrom"
						},
						"9.625": {
							"post": [0, 0, 0],
							"lerp_mode": "catmullrom"
						},
						"10.3333": {
							"post": [8.8666, -4.9495, -1.53957],
							"lerp_mode": "catmullrom"
						},
						"10.5417": {
							"post": [21.3666, -4.9495, -1.53957],
							"lerp_mode": "catmullrom"
						},
						"10.7917": {
							"post": [3.8666, -4.9495, -1.53957],
							"lerp_mode": "catmullrom"
						},
						"11.0": {
							"post": [0, 0, 0],
							"lerp_mode": "catmullrom"
						},
						"11.7083": {
							"post": [8.8666, -4.9495, -1.53957],
							"lerp_mode": "catmullrom"
						},
						"11.9167": {
							"post": [21.3666, -4.9495, -1.53957],
							"lerp_mode": "catmullrom"
						},
						"12.1667": {
							"post": [3.8666, -4.9495, -1.53957],
							"lerp_mode": "catmullrom"
						},
						"12.375": {
							"post": [-1.73038, 0.04088, -0.86691],
							"lerp_mode": "catmullrom"
						},
						"32.0": {
							"post": [-1.73, 0.04, -0.87],
							"lerp_mode": "catmullrom"
						}
					}
				},
				"Head5": {
					"position": {
						"0.0": [0, 0, 1],
						"17.7917": [0, 0, 0],
						"18.0": [0, 0, -1],
						"32.0": [0, 0, -1]
					}
				},
				"eyelids": {
					"position": {
						"17.625": [0, 0, 0],
						"17.75": [0, 0, 1]
					}
				},
				"pupils": {
					"position": [0, 0, 0],
					"scale": {
						"17.625": [1, 1, 1],
						"17.75": [1, 1, 1]
					}
				},
				"smile": {
					"position": {
						"17.625": [0, 0, 0],
						"17.7917": [0, 0, -1]
					}
				}
			}
		}
	}
}