{
	"format_version": "1.8.0",
	"animations": {
		"animation.Longlegs.attack": {
			"animation_length": 0.75,
			"anim_time_update":"query.anim_time + query.delta_time * 1.5",
			"bones": {
				"Head5": {
					"position": [0, 0, -1]
				},
				"rightarm": {
					"rotation": {
						"0.0": {
							"post": [0, 0, 0],
							"lerp_mode": "catmullrom"
						},
						"0.25": {
							"post": [-55.44953, -9.43864, 37.2942],
							"lerp_mode": "catmullrom"
						},
						"0.5": {
							"post": [37.46727, -67.23039, -124.99672],
							"lerp_mode": "catmullrom"
						},
						"0.75": {
							"post": [0, 0, 0],
							"lerp_mode": "catmullrom"
						}
					}
				}
			}
		}
	}
}