{
	"format_version": "1.8.0",
	"animations": {
		"animation.Longlegs.move": {
			"loop": true,
			"animation_length": 1.5,
			"anim_time_update": "query.anim_time + query.delta_time * (query.ground_speed / 2)",
			"blend_weight": "1.1",
			"bones": {
				"body_main": {
					"position": {
						"0.0": {
							"post": [0, 2, 0],
							"lerp_mode": "catmullrom"
						},
						"0.375": {
							"post": [0, 0, 0],
							"lerp_mode": "catmullrom"
						},
						"0.75": {
							"post": [0, 2, 0],
							"lerp_mode": "catmullrom"
						},
						"1.125": {
							"post": [0, 0, 0],
							"lerp_mode": "catmullrom"
						},
						"1.5": {
							"post": [0, 2, 0],
							"lerp_mode": "catmullrom"
						}
					}
				},
				"Body": {
					"rotation": {
						"0.0": {
							"post": [5, 0, 0],
							"lerp_mode": "catmullrom"
						},
						"0.375": {
							"post": [-5, 0, 0],
							"lerp_mode": "catmullrom"
						},
						"0.75": {
							"post": [5, 0, 0],
							"lerp_mode": "catmullrom"
						},
						"1.125": {
							"post": [-5, 0, 0],
							"lerp_mode": "catmullrom"
						},
						"1.5": {
							"post": [5, 0, 0],
							"lerp_mode": "catmullrom"
						}
					}
				},
				"body1": {
					"rotation": {
						"0.0": {
							"post": [0, 15, 0],
							"lerp_mode": "catmullrom"
						},
						"0.375": {
							"post": [0, 0, 0],
							"lerp_mode": "catmullrom"
						},
						"0.75": {
							"post": [0, -15, 0],
							"lerp_mode": "catmullrom"
						},
						"1.125": {
							"post": [0, 0, 0],
							"lerp_mode": "catmullrom"
						},
						"1.5": {
							"post": [0, 15, 0],
							"lerp_mode": "catmullrom"
						}
					}
				},
				"leftarm": {
					"rotation": {
						"0.0": {
							"post": [-15.89847, 4.52001, 7.99064],
							"lerp_mode": "catmullrom"
						},
						"0.25": {
							"post": [-14.90795, 7.18249, 17.68119],
							"lerp_mode": "catmullrom"
						},
						"0.5": {
							"post": [-14.90795, 7.18249, 17.68119],
							"lerp_mode": "catmullrom"
						},
						"0.75": {
							"post": [-27.5, 0, 0],
							"lerp_mode": "catmullrom"
						},
						"1.125": {
							"post": [29.39942, -19.84302, -10.82777],
							"lerp_mode": "catmullrom"
						},
						"1.5": {
							"post": [-15.89847, 4.52001, 7.99064],
							"lerp_mode": "catmullrom"
						}
					},
					"position": {
						"0.0": {
							"post": [0, -1, 0],
							"lerp_mode": "catmullrom"
						},
						"0.25": {
							"post": [0, 4, -1],
							"lerp_mode": "catmullrom"
						},
						"0.375": {
							"post": [0, 3, -1],
							"lerp_mode": "catmullrom"
						},
						"0.5": {
							"post": [0, 4, -1],
							"lerp_mode": "catmullrom"
						},
						"0.75": {
							"post": [0, -3, 1],
							"lerp_mode": "catmullrom"
						},
						"1.125": {
							"post": [0, 1, 1],
							"lerp_mode": "catmullrom"
						},
						"1.5": {
							"post": [0, -1, 0],
							"lerp_mode": "catmullrom"
						}
					}
				},
				"leftarm3": {
					"rotation": {
						"0.0": {
							"post": [103.34669, 2.08583, 63.29249],
							"lerp_mode": "catmullrom"
						},
						"0.25": {
							"post": [21.37004, 8.34622, -0.41769],
							"lerp_mode": "catmullrom"
						},
						"0.5": {
							"post": [21.37004, 8.34622, -0.41769],
							"lerp_mode": "catmullrom"
						},
						"0.75": {
							"post": [49.45153, -17.57502, 38.67634],
							"lerp_mode": "catmullrom"
						},
						"1.125": {
							"post": [43.66429, -3.36213, 25.68431],
							"lerp_mode": "catmullrom"
						},
						"1.5": {
							"post": [103.34669, 2.08583, 63.29249],
							"lerp_mode": "catmullrom"
						}
					},
					"position": {
						"0.25": {
							"pre": [0, 0, 0],
							"post": [0, 0, 0],
							"lerp_mode": "catmullrom"
						},
						"0.375": {
							"post": [-1, 0, 0],
							"lerp_mode": "catmullrom"
						},
						"0.5": {
							"post": [0, 0, 0],
							"lerp_mode": "catmullrom"
						},
						"0.75": {
							"post": [0, 0, 0],
							"lerp_mode": "catmullrom"
						},
						"1.5": {
							"post": [0, 0, 0],
							"lerp_mode": "catmullrom"
						}
					}
				},
				"leftarm2": {
					"rotation": {
						"0.0": {
							"post": [-47.67227, -48.92987, -30.035],
							"lerp_mode": "catmullrom"
						},
						"0.25": {
							"post": [-60.17227, -48.92987, -30.035],
							"lerp_mode": "catmullrom"
						},
						"0.5": {
							"post": [-60.17227, -48.92987, -30.035],
							"lerp_mode": "catmullrom"
						},
						"0.75": {
							"post": [-61.57807, -8.70905, -55.84418],
							"lerp_mode": "catmullrom"
						},
						"1.125": {
							"post": [-50.2, -23.93, -30.12],
							"lerp_mode": "catmullrom"
						},
						"1.5": {
							"post": [-47.67227, -48.92987, -30.035],
							"lerp_mode": "catmullrom"
						}
					},
					"position": {
						"0.25": {
							"pre": [0, 0, 0],
							"post": [0, 0, 0],
							"lerp_mode": "catmullrom"
						},
						"0.375": {
							"post": [-1, 0, 0],
							"lerp_mode": "catmullrom"
						},
						"0.5": {
							"post": [0, 0, 0],
							"lerp_mode": "catmullrom"
						},
						"0.75": {
							"post": [0, 0, 0],
							"lerp_mode": "catmullrom"
						},
						"1.5": {
							"post": [0, 0, 0],
							"lerp_mode": "catmullrom"
						}
					}
				},
				"leftarm4": {
					"rotation": {
						"0.0": {
							"post": [-15, 0, 0],
							"lerp_mode": "catmullrom"
						},
						"0.25": {
							"post": [-15, 0, 0],
							"lerp_mode": "catmullrom"
						},
						"0.5": {
							"post": [-15, 0, 0],
							"lerp_mode": "catmullrom"
						},
						"0.75": {
							"post": [0, 0, 0],
							"lerp_mode": "catmullrom"
						},
						"1.125": {
							"post": [35, 0, 0],
							"lerp_mode": "catmullrom"
						},
						"1.5": {
							"post": [-15, 0, 0],
							"lerp_mode": "catmullrom"
						}
					}
				},
				"rightarm": {
					"rotation": {
						"0.0": {
							"post": [-27.5, 0, 0],
							"lerp_mode": "catmullrom"
						},
						"0.375": {
							"post": [29.39942, 19.84302, 10.82777],
							"lerp_mode": "catmullrom"
						},
						"0.75": {
							"post": [-15.89847, -4.52001, -7.99064],
							"lerp_mode": "catmullrom"
						},
						"1.0": {
							"post": [-14.90795, -7.18249, -17.68119],
							"lerp_mode": "catmullrom"
						},
						"1.25": {
							"post": [-14.90795, -7.18249, -17.68119],
							"lerp_mode": "catmullrom"
						},
						"1.5": {
							"post": [-27.5, 0, 0],
							"lerp_mode": "catmullrom"
						}
					},
					"position": {
						"0.0": {
							"post": [0, -3, 1],
							"lerp_mode": "catmullrom"
						},
						"0.375": {
							"post": [0, 1, 1],
							"lerp_mode": "catmullrom"
						},
						"0.75": {
							"post": [0, -1, 0],
							"lerp_mode": "catmullrom"
						},
						"1.0": {
							"post": [0, 4, -1],
							"lerp_mode": "catmullrom"
						},
						"1.125": {
							"post": [0, 3, -1],
							"lerp_mode": "catmullrom"
						},
						"1.25": {
							"post": [0, 4, -1],
							"lerp_mode": "catmullrom"
						},
						"1.5": {
							"post": [0, -3, 1],
							"lerp_mode": "catmullrom"
						}
					}
				},
				"rightarm3": {
					"rotation": {
						"0.0": {
							"post": [49.45153, 17.57502, -38.67634],
							"lerp_mode": "catmullrom"
						},
						"0.375": {
							"post": [43.66429, 3.36213, -25.68431],
							"lerp_mode": "catmullrom"
						},
						"0.75": {
							"post": [103.34669, -2.08583, -63.29249],
							"lerp_mode": "catmullrom"
						},
						"1.0": {
							"post": [21.37004, -8.34622, 0.41769],
							"lerp_mode": "catmullrom"
						},
						"1.25": {
							"post": [21.37004, -8.34622, 0.41769],
							"lerp_mode": "catmullrom"
						},
						"1.5": {
							"post": [49.45153, 17.57502, -38.67634],
							"lerp_mode": "catmullrom"
						}
					},
					"position": {
						"1.0": {
							"pre": [0, 0, 0],
							"post": [0, 0, 0],
							"lerp_mode": "catmullrom"
						},
						"1.125": {
							"post": [1, 0, 0],
							"lerp_mode": "catmullrom"
						},
						"1.25": {
							"post": [0, 0, 0],
							"lerp_mode": "catmullrom"
						},
						"1.5": {
							"post": [0, 0, 0],
							"lerp_mode": "catmullrom"
						}
					}
				},
				"rightarm2": {
					"rotation": {
						"0.0": {
							"post": [-61.57807, 8.70905, 55.84418],
							"lerp_mode": "catmullrom"
						},
						"0.375": {
							"post": [-50.2, 23.93, 30.12],
							"lerp_mode": "catmullrom"
						},
						"0.75": {
							"post": [-47.67227, 48.92987, 30.035],
							"lerp_mode": "catmullrom"
						},
						"1.0": {
							"post": [-60.17227, 48.92987, 30.035],
							"lerp_mode": "catmullrom"
						},
						"1.25": {
							"post": [-60.17227, 48.92987, 30.035],
							"lerp_mode": "catmullrom"
						},
						"1.5": {
							"post": [-61.57807, 8.70905, 55.84418],
							"lerp_mode": "catmullrom"
						}
					},
					"position": {
						"1.0": {
							"pre": [0, 0, 0],
							"post": [0, 0, 0],
							"lerp_mode": "catmullrom"
						},
						"1.125": {
							"post": [1, 0, 0],
							"lerp_mode": "catmullrom"
						},
						"1.25": {
							"post": [0, 0, 0],
							"lerp_mode": "catmullrom"
						},
						"1.5": {
							"post": [0, 0, 0],
							"lerp_mode": "catmullrom"
						}
					}
				},
				"rightarm4": {
					"rotation": {
						"0.0": {
							"post": [0, 0, 0],
							"lerp_mode": "catmullrom"
						},
						"0.375": {
							"post": [35, 0, 0],
							"lerp_mode": "catmullrom"
						},
						"0.75": {
							"post": [-15, 0, 0],
							"lerp_mode": "catmullrom"
						},
						"1.0": {
							"post": [-15, 0, 0],
							"lerp_mode": "catmullrom"
						},
						"1.25": {
							"post": [-15, 0, 0],
							"lerp_mode": "catmullrom"
						},
						"1.5": {
							"post": [0, 0, 0],
							"lerp_mode": "catmullrom"
						}
					}
				},
				"leftleg": {
					"rotation": {
						"0.0": {
							"post": [0, 22.5, 0],
							"lerp_mode": "catmullrom"
						},
						"0.375": {
							"post": [29.54804, -18.19049, 3.00017],
							"lerp_mode": "catmullrom"
						},
						"0.75": {
							"post": [47.93379, 17.57148, -6.0204],
							"lerp_mode": "catmullrom"
						},
						"1.125": {
							"post": [-27.5, 22.5, 0],
							"lerp_mode": "catmullrom"
						},
						"1.5": {
							"post": [0, 22.5, 0],
							"lerp_mode": "catmullrom"
						}
					},
					"position": {
						"0.0": {
							"post": [0, -2, -1],
							"lerp_mode": "catmullrom"
						},
						"0.375": {
							"post": [1, 0, 0],
							"lerp_mode": "catmullrom"
						},
						"0.75": {
							"post": [0, -2, 2],
							"lerp_mode": "catmullrom"
						},
						"1.125": {
							"post": [0, 2, -2],
							"lerp_mode": "catmullrom"
						},
						"1.5": {
							"post": [0, -2, -1],
							"lerp_mode": "catmullrom"
						}
					}
				},
				"leftleg1": {
					"rotation": {
						"0.0": {
							"post": [-30.66461, -8.54263, -22.99166],
							"lerp_mode": "catmullrom"
						},
						"0.375": {
							"post": [-54.5909, -12.45125, -59.86424],
							"lerp_mode": "catmullrom"
						},
						"0.75": {
							"post": [-44.68791, -9.9735, -20.43505],
							"lerp_mode": "catmullrom"
						},
						"1.125": {
							"post": [-47.97084, -15.40092, -26.56631],
							"lerp_mode": "catmullrom"
						},
						"1.5": {
							"post": [-30.66461, -8.54263, -22.99166],
							"lerp_mode": "catmullrom"
						}
					}
				},
				"leftleg2": {
					"rotation": {
						"0.0": {
							"post": [-6.14988, 4.60016, -9.04531],
							"lerp_mode": "catmullrom"
						},
						"0.375": {
							"post": [38.71103, -31.04311, 63.39235],
							"lerp_mode": "catmullrom"
						},
						"0.75": {
							"post": [22.54, -18.04, 36.79],
							"lerp_mode": "catmullrom"
						},
						"1.125": {
							"post": [0, 0, 0],
							"lerp_mode": "catmullrom"
						},
						"1.5": {
							"post": [-6.14988, 4.60016, -9.04531],
							"lerp_mode": "catmullrom"
						}
					}
				},
				"rightleg": {
					"rotation": {
						"0.0": {
							"post": [47.93379, -17.57148, 6.0204],
							"lerp_mode": "catmullrom"
						},
						"0.375": {
							"post": [-27.5, -22.5, 0],
							"lerp_mode": "catmullrom"
						},
						"0.75": {
							"post": [0, -22.5, 0],
							"lerp_mode": "catmullrom"
						},
						"1.125": {
							"post": [29.54804, 18.19049, -3.00017],
							"lerp_mode": "catmullrom"
						},
						"1.5": {
							"post": [47.93379, -17.57148, 6.0204],
							"lerp_mode": "catmullrom"
						}
					},
					"position": {
						"0.0": {
							"post": [0, -2, 2],
							"lerp_mode": "catmullrom"
						},
						"0.375": {
							"post": [0, 2, -2],
							"lerp_mode": "catmullrom"
						},
						"0.75": {
							"post": [0, -2, -1],
							"lerp_mode": "catmullrom"
						},
						"1.125": {
							"post": [-1, 0, 0],
							"lerp_mode": "catmullrom"
						},
						"1.5": {
							"post": [0, -2, 2],
							"lerp_mode": "catmullrom"
						}
					}
				},
				"rightleg1": {
					"rotation": {
						"0.0": {
							"post": [-44.68791, 9.9735, 20.43505],
							"lerp_mode": "catmullrom"
						},
						"0.375": {
							"post": [-47.97084, 15.40092, 26.56631],
							"lerp_mode": "catmullrom"
						},
						"0.75": {
							"post": [-30.66461, 8.54263, 22.99166],
							"lerp_mode": "catmullrom"
						},
						"1.125": {
							"post": [-54.5909, 12.45125, 59.86424],
							"lerp_mode": "catmullrom"
						},
						"1.5": {
							"post": [-44.68791, 9.9735, 20.43505],
							"lerp_mode": "catmullrom"
						}
					}
				},
				"rightleg2": {
					"rotation": {
						"0.0": {
							"post": [22.54, 18.04, -36.79],
							"lerp_mode": "catmullrom"
						},
						"0.375": {
							"post": [0, 0, 0],
							"lerp_mode": "catmullrom"
						},
						"0.75": {
							"post": [-6.14988, -4.60016, 9.04531],
							"lerp_mode": "catmullrom"
						},
						"1.125": {
							"post": [-6.14988, -4.60016, 9.04531],
							"lerp_mode": "catmullrom"
						},
						"1.5": {
							"post": [22.54, 18.04, -36.79],
							"lerp_mode": "catmullrom"
						}
					}
				},
				"head": {
					"rotation": {
						"0.0": {
							"post": [0, 0, 0],
							"lerp_mode": "catmullrom"
						},
						"0.375": {
							"post": [12.5, 0, 0],
							"lerp_mode": "catmullrom"
						},
						"0.75": {
							"post": [0, 0, 0],
							"lerp_mode": "catmullrom"
						},
						"1.125": {
							"post": [12.5, 0, 0],
							"lerp_mode": "catmullrom"
						},
						"1.5": {
							"post": [0, 0, 0],
							"lerp_mode": "catmullrom"
						}
					}
				}
			}
		}
	}
}