{
	"format_version": "1.8.0",
	"animations": {
		"animation.Longlegs.deathanimation": {
			"loop": true,
			"animation_length": 40,
			"anim_time_update": "query.anim_time + query.delta_time*0.95",
			"bones": {
				"body_main": {
					"rotation": {
						"16.5": {
							"pre": [0, 0, 0],
							"post": [0, 0, 0],
							"lerp_mode": "catmullrom"
						},
						"19.5": {
							"post": [0, 0, -7.5],
							"lerp_mode": "catmullrom"
						},
						"22.5": {
							"post": [0, 0, 20],
							"lerp_mode": "catmullrom"
						},
						"40.0": {
							"post": [0, 0, 20],
							"lerp_mode": "catmullrom"
						}
					},
					"position": {
						"0.0": {
							"post": [-2, 0, 0],
							"lerp_mode": "catmullrom"
						},
						"0.25": {
							"post": [-2, 0, 0],
							"lerp_mode": "catmullrom"
						},
						"4.5": {
							"post": [-2, 0, 0],
							"lerp_mode": "catmullrom"
						},
						"11.4583": {
							"post": [8, 0, 0],
							"lerp_mode": "catmullrom"
						},
						"11.75": {
							"post": [8, 0, 0],
							"lerp_mode": "catmullrom"
						},
						"12.1667": {
							"post": [10, 0, 0],
							"lerp_mode": "catmullrom"
						},
						"12.5": {
							"post": [-2, 0, -7],
							"lerp_mode": "catmullrom"
						},
						"13.0": {
							"post": [-2, 0, -7],
							"lerp_mode": "catmullrom"
						},
						"19.5": {
							"post": [9, 5, -8],
							"lerp_mode": "catmullrom"
						},
						"22.5": {
							"post": [20, 22, -4],
							"lerp_mode": "catmullrom"
						},
						"24.75": {
							"post": [20, 22, -4],
							"lerp_mode": "catmullrom"
						},
						"40.0": {
							"post": [20, 22, -4],
							"lerp_mode": "catmullrom"
						}
					}
				},
				"Body": {
					"rotation": {
						"0.0": {
							"post": [-65, 0, 0],
							"lerp_mode": "catmullrom"
						},
						"0.25": {
							"post": [-65, 0, 0],
							"lerp_mode": "catmullrom"
						},
						"0.5": {
							"post": [-42.5, 0, 0],
							"lerp_mode": "catmullrom"
						},
						"1.25": {
							"post": [-42.5, 0, 0],
							"lerp_mode": "catmullrom"
						},
						"1.5": {
							"post": [-42.65874, -7.04533, 2.57816],
							"lerp_mode": "catmullrom"
						},
						"2.25": {
							"post": [-42.65874, -7.04533, 2.57816],
							"lerp_mode": "catmullrom"
						},
						"2.5": {
							"post": [-42.57121, 4.69301, -1.71233],
							"lerp_mode": "catmullrom"
						},
						"2.75": {
							"post": [-42.65874, -7.04533, 2.57816],
							"lerp_mode": "catmullrom"
						},
						"3.0": {
							"post": [-42.57121, 4.69301, -1.71233],
							"lerp_mode": "catmullrom"
						},
						"3.5": {
							"post": [-42.57, 4.69, -1.71],
							"lerp_mode": "catmullrom"
						},
						"3.625": {
							"post": [-37.57, 4.69, -1.71],
							"lerp_mode": "catmullrom"
						},
						"4.0": {
							"post": [-42.65874, -7.04533, 2.57816],
							"lerp_mode": "catmullrom"
						},
						"4.25": {
							"post": [-42.57121, 4.69301, -1.71233],
							"lerp_mode": "catmullrom"
						},
						"4.5": {
							"post": [-42.65874, -7.04533, 2.57816],
							"lerp_mode": "catmullrom"
						},
						"4.75": {
							"post": [-42.57121, 4.69301, -1.71233],
							"lerp_mode": "catmullrom"
						},
						"7.0": {
							"post": [-42.57, 4.69, -1.71],
							"lerp_mode": "catmullrom"
						},
						"7.25": {
							"post": [-43.14755, -14.08384, 5.24027],
							"lerp_mode": "catmullrom"
						},
						"8.0": {
							"post": [-43.15, -14.08, 5.24],
							"lerp_mode": "catmullrom"
						},
						"11.4583": {
							"post": [-43.15, -14.08, 5.24],
							"lerp_mode": "catmullrom"
						},
						"11.75": {
							"post": [-42.57308, -4.70185, 1.71723],
							"lerp_mode": "catmullrom"
						},
						"12.0": {
							"post": [-42.57308, -4.70185, 1.71723],
							"lerp_mode": "catmullrom"
						},
						"12.25": {
							"post": [-90.79328, 17.63359, -43.39701],
							"lerp_mode": "catmullrom"
						},
						"12.5": {
							"post": [-22.5, 90, -9.03566],
							"lerp_mode": "catmullrom"
						},
						"19.5": {
							"post": [-22.5, 90, -21.54],
							"lerp_mode": "catmullrom"
						},
						"22.75": {
							"post": [-22.5, 90, -21.54],
							"lerp_mode": "catmullrom"
						},
						"40.0": {
							"post": [-22.5, 90, -21.54],
							"lerp_mode": "catmullrom"
						}
					},
					"position": {
						"0.0": {
							"post": [0, 0, 3],
							"lerp_mode": "catmullrom"
						},
						"0.25": {
							"post": [0, 0, 3],
							"lerp_mode": "catmullrom"
						},
						"11.75": {
							"post": [0, 0, 3],
							"lerp_mode": "catmullrom"
						},
						"12.0": {
							"post": [0, 0, 3],
							"lerp_mode": "catmullrom"
						},
						"12.25": {
							"post": [0, -7, 3],
							"lerp_mode": "catmullrom"
						},
						"12.5": {
							"post": [0, -14, 3],
							"lerp_mode": "catmullrom"
						},
						"22.75": {
							"post": [0, -14, 3],
							"lerp_mode": "catmullrom"
						},
						"40.0": {
							"post": [0, -14, 3],
							"lerp_mode": "catmullrom"
						}
					}
				},
				"body2": {
					"rotation": {
						"0.0": {
							"post": [0, 0, 0],
							"lerp_mode": "catmullrom"
						},
						"22.75": {
							"post": [0, 0, 0],
							"lerp_mode": "catmullrom"
						},
						"23.0": {
							"post": [22.5, 0, 0],
							"lerp_mode": "catmullrom"
						},
						"24.25": {
							"post": [50, 0, 0],
							"lerp_mode": "catmullrom"
						},
						"24.75": {
							"post": [190, 0, 0],
							"lerp_mode": "catmullrom"
						},
						"28.0": {
							"post": [190, 0, 0],
							"lerp_mode": "catmullrom"
						},
						"31.0": {
							"post": [190, 90, 0],
							"lerp_mode": "catmullrom"
						},
						"40.0": {
							"post": [190, 90, 0],
							"lerp_mode": "catmullrom"
						}
					},
					"position": {
						"0.0": {
							"post": [0, 0, 0],
							"lerp_mode": "catmullrom"
						},
						"22.75": {
							"post": [0, 0, 0],
							"lerp_mode": "catmullrom"
						},
						"23.0": {
							"post": [0, -4.68, 0.37],
							"lerp_mode": "catmullrom"
						},
						"24.25": {
							"post": [0, 0, 0],
							"lerp_mode": "catmullrom"
						},
						"24.75": {
							"post": [0, -28, -32],
							"lerp_mode": "catmullrom"
						},
						"28.0": {
							"post": [0, -28, -32],
							"lerp_mode": "catmullrom"
						},
						"31.0": {
							"post": [-42, -28, -16],
							"lerp_mode": "catmullrom"
						},
						"37.0": {
							"post": [-161, -28, -16],
							"lerp_mode": "catmullrom"
						},
						"40.0": {
							"post": [-161, -28, -16],
							"lerp_mode": "catmullrom"
						}
					}
				},
				"head": {
					"rotation": {
						"0.0": {
							"post": [70, 0, 0],
							"lerp_mode": "catmullrom"
						},
						"0.25": {
							"post": [70, 0, 0],
							"lerp_mode": "catmullrom"
						},
						"0.5": {
							"post": [80, 0, 0],
							"lerp_mode": "catmullrom"
						},
						"1.25": {
							"post": [80, 0, 0],
							"lerp_mode": "catmullrom"
						},
						"1.5": {
							"post": [94.8315, -27.73062, -55.6061],
							"lerp_mode": "catmullrom"
						},
						"2.25": {
							"post": [94.83, -27.73, -55.61],
							"lerp_mode": "catmullrom"
						},
						"2.5": {
							"post": [82.33, -27.73, -55.61],
							"lerp_mode": "catmullrom"
						},
						"2.75": {
							"post": [102.33, -27.73, -55.61],
							"lerp_mode": "catmullrom"
						},
						"3.0": {
							"post": [67.33, -27.73, -55.61],
							"lerp_mode": "catmullrom"
						},
						"3.5": {
							"post": [67.33, -27.73, -55.61],
							"lerp_mode": "catmullrom"
						},
						"3.625": {
							"post": [73.25194, -7.1567, -74.88146],
							"lerp_mode": "catmullrom"
						},
						"4.0": {
							"post": [94.83, -27.73, -55.61],
							"lerp_mode": "catmullrom"
						},
						"4.25": {
							"post": [82.33, -27.73, -55.61],
							"lerp_mode": "catmullrom"
						},
						"4.5": {
							"post": [102.33, -27.73, -55.61],
							"lerp_mode": "catmullrom"
						},
						"4.75": {
							"post": [67.33, -27.73, -55.61],
							"lerp_mode": "catmullrom"
						},
						"8.0": {
							"post": [67.33, -27.73, -55.61],
							"lerp_mode": "catmullrom"
						},
						"8.25": {
							"post": [64.09881, 30.80776, -2.3483],
							"lerp_mode": "catmullrom"
						},
						"11.0": {
							"post": [64.09881, 30.80776, -2.3483],
							"lerp_mode": "catmullrom"
						},
						"11.75": {
							"post": [67.33, -27.73, -55.61],
							"lerp_mode": "catmullrom"
						},
						"13.0": {
							"post": [67.33, -27.73, -55.61],
							"lerp_mode": "catmullrom"
						},
						"13.5": {
							"post": [67.33, -27.73, -55.61],
							"lerp_mode": "catmullrom"
						},
						"13.875": {
							"post": [141.6379, 10.06359, -133.57871],
							"lerp_mode": "catmullrom"
						},
						"14.5": {
							"post": [137.55, 9.72, -128.81],
							"lerp_mode": "catmullrom"
						},
						"14.875": {
							"post": [144.28018, -45.21805, -113.26381],
							"lerp_mode": "catmullrom"
						},
						"15.5": {
							"post": [135.51, -45.66, -104.27],
							"lerp_mode": "catmullrom"
						},
						"15.875": {
							"post": [141.6379, 10.06359, -133.57871],
							"lerp_mode": "catmullrom"
						},
						"16.5": {
							"post": [141.6379, 10.06359, -133.57871],
							"lerp_mode": "catmullrom"
						},
						"17.0": {
							"post": [67.33, -27.73, -55.61],
							"lerp_mode": "catmullrom"
						},
						"17.5": {
							"post": [32.74277, -18.92491, -11.88121],
							"lerp_mode": "catmullrom"
						},
						"18.0": {
							"post": [22.61746, -19.98433, 14.69647],
							"lerp_mode": "catmullrom"
						},
						"18.5": {
							"post": [35.34242, -15.32526, -25.31258],
							"lerp_mode": "catmullrom"
						},
						"19.0": {
							"post": [20.83722, -20.48843, 20.34625],
							"lerp_mode": "catmullrom"
						},
						"19.5": {
							"post": [32.74277, -18.92491, -11.88121],
							"lerp_mode": "catmullrom"
						},
						"21.0": {
							"post": [25.76, -20.94, -12.33],
							"lerp_mode": "catmullrom"
						},
						"21.1667": {
							"post": [49.7, -21.23, -12.42],
							"lerp_mode": "catmullrom"
						},
						"21.3333": {
							"post": [14.59, -21.47, -12.5],
							"lerp_mode": "catmullrom"
						},
						"21.4167": {
							"post": [5.09456, -15.59241, 15.72049],
							"lerp_mode": "catmullrom"
						},
						"21.5": {
							"post": [25.76, -20.94, -12.33],
							"lerp_mode": "catmullrom"
						},
						"21.5833": {
							"post": [8.39938, -17.38625, 13.59012],
							"lerp_mode": "catmullrom"
						},
						"21.6667": {
							"post": [49.7, -21.23, -12.42],
							"lerp_mode": "catmullrom"
						},
						"21.75": {
							"post": [32.74, -18.92, -11.88],
							"lerp_mode": "catmullrom"
						},
						"21.8333": {
							"post": [14.59, -21.47, -12.5],
							"lerp_mode": "catmullrom"
						},
						"21.9167": {
							"post": [5.09456, -15.59241, 15.72049],
							"lerp_mode": "catmullrom"
						},
						"22.0": {
							"post": [17.30181, -21.32922, -16.72231],
							"lerp_mode": "catmullrom"
						},
						"22.0833": {
							"post": [8.39938, -17.38625, 13.59012],
							"lerp_mode": "catmullrom"
						},
						"22.1667": {
							"post": [21.61036, -21.20595, -18.97127],
							"lerp_mode": "catmullrom"
						},
						"22.75": {
							"post": [32.74, -18.92, -11.88],
							"lerp_mode": "catmullrom"
						},
						"23.0": {
							"post": [127.03185, 7.69093, -4.84485],
							"lerp_mode": "catmullrom"
						},
						"24.25": {
							"post": [127.03, 7.69, -4.84],
							"lerp_mode": "catmullrom"
						},
						"24.5": {
							"post": [168.28, 7.69, -4.84],
							"lerp_mode": "catmullrom"
						},
						"24.75": {
							"post": [79.53, 7.69, -4.84],
							"lerp_mode": "catmullrom"
						},
						"40.0": {
							"post": [79.53, 7.69, -4.84],
							"lerp_mode": "catmullrom"
						}
					},
					"position": {
						"0.0": {
							"post": [0, 0, 0],
							"lerp_mode": "catmullrom"
						},
						"0.25": {
							"post": [0, 0, 0],
							"lerp_mode": "catmullrom"
						},
						"13.0": {
							"post": [0, 0, 0],
							"lerp_mode": "catmullrom"
						},
						"21.0": {
							"post": [0, 0, 0],
							"lerp_mode": "catmullrom"
						},
						"21.5": {
							"post": [0, 0, 0],
							"lerp_mode": "catmullrom"
						},
						"21.75": {
							"post": [0, 0, 0],
							"lerp_mode": "catmullrom"
						},
						"22.75": {
							"post": [0, 0, 0],
							"lerp_mode": "catmullrom"
						},
						"40.0": {
							"post": [0, 0, 0],
							"lerp_mode": "catmullrom"
						}
					}
				},
				"leftarm": {
					"rotation": {
						"0.0": {
							"post": [0, -45, 15],
							"lerp_mode": "catmullrom"
						},
						"0.25": {
							"post": [0, -45, 15],
							"lerp_mode": "catmullrom"
						},
						"0.5": {
							"post": [14.51082, -43.07952, -5.75357],
							"lerp_mode": "catmullrom"
						},
						"1.25": {
							"post": [14.51082, -43.07952, -5.75357],
							"lerp_mode": "catmullrom"
						},
						"2.25": {
							"post": [14.51, -43.08, -5.75],
							"lerp_mode": "catmullrom"
						},
						"2.5": {
							"post": [22.90918, -39.85631, -18.39979],
							"lerp_mode": "catmullrom"
						},
						"2.75": {
							"post": [14.51, -43.08, -5.75],
							"lerp_mode": "catmullrom"
						},
						"3.0": {
							"post": [22.90918, -39.85631, -18.39979],
							"lerp_mode": "catmullrom"
						},
						"3.5": {
							"post": [22.91, -39.86, -18.4],
							"lerp_mode": "catmullrom"
						},
						"3.625": {
							"post": [47.91, -39.86, -18.4],
							"lerp_mode": "catmullrom"
						},
						"4.0": {
							"post": [14.51, -43.08, -5.75],
							"lerp_mode": "catmullrom"
						},
						"4.25": {
							"post": [22.90918, -39.85631, -18.39979],
							"lerp_mode": "catmullrom"
						},
						"4.5": {
							"post": [14.51, -43.08, -5.75],
							"lerp_mode": "catmullrom"
						},
						"4.75": {
							"post": [22.90918, -39.85631, -18.39979],
							"lerp_mode": "catmullrom"
						},
						"11.75": {
							"post": [22.91, -39.86, -18.4],
							"lerp_mode": "catmullrom"
						},
						"40.0": {
							"post": [22.91, -39.86, -18.4],
							"lerp_mode": "catmullrom"
						}
					},
					"position": {
						"0.0": {
							"post": [2, 26, 13],
							"lerp_mode": "catmullrom"
						},
						"0.25": {
							"post": [2, 26, 13],
							"lerp_mode": "catmullrom"
						},
						"0.5": {
							"post": [2, 18, 6],
							"lerp_mode": "catmullrom"
						},
						"1.25": {
							"post": [2, 18, 6],
							"lerp_mode": "catmullrom"
						},
						"2.25": {
							"post": [2, 18, 6],
							"lerp_mode": "catmullrom"
						},
						"2.5": {
							"post": [-1, 19, 6],
							"lerp_mode": "catmullrom"
						},
						"2.75": {
							"post": [2, 18, 6],
							"lerp_mode": "catmullrom"
						},
						"3.0": {
							"post": [-1, 19, 6],
							"lerp_mode": "catmullrom"
						},
						"3.5": {
							"post": [-1, 19, 6],
							"lerp_mode": "catmullrom"
						},
						"3.625": {
							"post": [-1.42, 16, 6],
							"lerp_mode": "catmullrom"
						},
						"4.0": {
							"post": [2, 18, 6],
							"lerp_mode": "catmullrom"
						},
						"4.25": {
							"post": [-1, 20, 6],
							"lerp_mode": "catmullrom"
						},
						"4.5": {
							"post": [2, 18, 6],
							"lerp_mode": "catmullrom"
						},
						"4.75": {
							"post": [-1, 20, 6],
							"lerp_mode": "catmullrom"
						},
						"7.0": {
							"post": [-1.78, 18.74, 6],
							"lerp_mode": "catmullrom"
						},
						"7.25": {
							"post": [7.24, 18.6, 6],
							"lerp_mode": "catmullrom"
						},
						"11.75": {
							"post": [1, 15, 6],
							"lerp_mode": "catmullrom"
						},
						"12.7917": {
							"post": [33, 15, 6],
							"lerp_mode": "catmullrom"
						},
						"40.0": {
							"post": [33, 15, 6],
							"lerp_mode": "catmullrom"
						}
					}
				},
				"leftarm2": {
					"rotation": {
						"0.0": {
							"post": [35, -65, 0],
							"lerp_mode": "catmullrom"
						},
						"0.25": {
							"post": [35, -65, 0],
							"lerp_mode": "catmullrom"
						},
						"0.5": {
							"post": [20, -65, 0],
							"lerp_mode": "catmullrom"
						},
						"1.25": {
							"post": [20, -65, 0],
							"lerp_mode": "catmullrom"
						},
						"2.25": {
							"post": [20, -65, 0],
							"lerp_mode": "catmullrom"
						},
						"2.5": {
							"post": [19.95981, -50.89343, 5.11259],
							"lerp_mode": "catmullrom"
						},
						"2.75": {
							"post": [20, -65, 0],
							"lerp_mode": "catmullrom"
						},
						"3.0": {
							"post": [19.95981, -50.89343, 5.11259],
							"lerp_mode": "catmullrom"
						},
						"3.5": {
							"post": [19.96, -50.89, 5.11],
							"lerp_mode": "catmullrom"
						},
						"3.625": {
							"post": [20.50599, -72.03414, -2.64591],
							"lerp_mode": "catmullrom"
						},
						"4.0": {
							"post": [20, -65, 0],
							"lerp_mode": "catmullrom"
						},
						"4.25": {
							"post": [19.95981, -50.89343, 5.11259],
							"lerp_mode": "catmullrom"
						},
						"4.5": {
							"post": [20, -65, 0],
							"lerp_mode": "catmullrom"
						},
						"4.75": {
							"post": [19.95981, -50.89343, 5.11259],
							"lerp_mode": "catmullrom"
						},
						"40.0": {
							"post": [19.96, -50.89, 5.11],
							"lerp_mode": "catmullrom"
						}
					}
				},
				"rightarm": {
					"rotation": {
						"0.0": {
							"post": [0, 0, -42.5],
							"lerp_mode": "catmullrom"
						},
						"0.25": {
							"post": [0, 0, -42.5],
							"lerp_mode": "catmullrom"
						},
						"0.5": {
							"post": [0, 0, -42.5],
							"lerp_mode": "catmullrom"
						},
						"1.25": {
							"post": [0, 0, -42.5],
							"lerp_mode": "catmullrom"
						},
						"7.5": {
							"post": [0, 0, -42.5],
							"lerp_mode": "catmullrom"
						},
						"8.25": {
							"post": [14.21633, -56.72411, -109.553],
							"lerp_mode": "catmullrom"
						},
						"8.5": {
							"post": [14.21633, -56.72411, -109.553],
							"lerp_mode": "catmullrom"
						},
						"8.625": {
							"post": [11.38829, -46.96853, -105.97009],
							"lerp_mode": "catmullrom"
						},
						"8.9167": {
							"post": [11.38829, -46.96853, -105.97009],
							"lerp_mode": "catmullrom"
						},
						"9.0417": {
							"post": [14.21633, -56.72411, -109.553],
							"lerp_mode": "catmullrom"
						},
						"9.375": {
							"post": [14.21633, -56.72411, -109.553],
							"lerp_mode": "catmullrom"
						},
						"9.5": {
							"post": [11.38829, -46.96853, -105.97009],
							"lerp_mode": "catmullrom"
						},
						"9.7917": {
							"post": [11.38829, -46.96853, -105.97009],
							"lerp_mode": "catmullrom"
						},
						"9.9167": {
							"post": [14.21633, -56.72411, -109.553],
							"lerp_mode": "catmullrom"
						},
						"10.25": {
							"post": [14.21633, -56.72411, -109.553],
							"lerp_mode": "catmullrom"
						},
						"10.375": {
							"post": [11.38829, -46.96853, -105.97009],
							"lerp_mode": "catmullrom"
						},
						"12.0": {
							"post": [11.39, -46.97, -105.97],
							"lerp_mode": "catmullrom"
						},
						"12.25": {
							"post": [-56.20913, -59.76628, 5.86128],
							"lerp_mode": "catmullrom"
						},
						"12.5": {
							"post": [-62.5, 75, 0],
							"lerp_mode": "catmullrom"
						},
						"13.0": {
							"post": [-62.5, 75, 0],
							"lerp_mode": "catmullrom"
						},
						"15.5": {
							"post": [-75, 75, 0],
							"lerp_mode": "catmullrom"
						},
						"18.0": {
							"post": [-94.41, 75, 0],
							"lerp_mode": "catmullrom"
						},
						"18.25": {
							"post": [-75.54, 75, 0],
							"lerp_mode": "catmullrom"
						},
						"18.75": {
							"post": [-61.91, 75, 0],
							"lerp_mode": "catmullrom"
						},
						"19.0": {
							"post": [-75.54, 75, 0],
							"lerp_mode": "catmullrom"
						},
						"19.5": {
							"post": [-70, 75, 0],
							"lerp_mode": "catmullrom"
						},
						"19.75": {
							"post": [-61.91, 75, 0],
							"lerp_mode": "catmullrom"
						},
						"19.9167": {
							"post": [-69.54, 75, 0],
							"lerp_mode": "catmullrom"
						},
						"20.25": {
							"post": [-52.57, 75, 0],
							"lerp_mode": "catmullrom"
						},
						"20.4167": {
							"post": [-73.58093, 73.53058, -11.53106],
							"lerp_mode": "catmullrom"
						},
						"20.5833": {
							"post": [-54.29, 73.58, -11.11],
							"lerp_mode": "catmullrom"
						},
						"20.75": {
							"post": [-99.83491, 73.72335, -9.98662],
							"lerp_mode": "catmullrom"
						},
						"20.9167": {
							"post": [-66.38659, 72.64706, 26.26768],
							"lerp_mode": "catmullrom"
						},
						"21.0833": {
							"post": [-147.02704, 60.41198, -60.62387],
							"lerp_mode": "catmullrom"
						},
						"21.25": {
							"post": [-150.56054, 52.22264, -67.74584],
							"lerp_mode": "catmullrom"
						},
						"21.4167": {
							"post": [-125.81915, 54.42843, -42.61997],
							"lerp_mode": "catmullrom"
						},
						"21.5833": {
							"post": [-77.30074, 64.85208, -19.73962],
							"lerp_mode": "catmullrom"
						},
						"21.75": {
							"post": [-70, 75, 0],
							"lerp_mode": "catmullrom"
						},
						"22.5": {
							"post": [-76.42949, 1.4199, -115.42656],
							"lerp_mode": "catmullrom"
						},
						"22.75": {
							"post": [-76.42949, 1.4199, -115.42656],
							"lerp_mode": "catmullrom"
						},
						"22.9583": {
							"post": [-74.61607, 18.37482, -133.54906],
							"lerp_mode": "catmullrom"
						},
						"24.25": {
							"post": [-74.61607, 18.37482, -133.54906],
							"lerp_mode": "catmullrom"
						},
						"24.5": {
							"post": [-116.17365, 15.01258, -241.47189],
							"lerp_mode": "catmullrom"
						},
						"24.75": {
							"post": [-187.6729, 82.54101, -301.45501],
							"lerp_mode": "catmullrom"
						},
						"28.5": {
							"post": [132.5, 75, 0],
							"lerp_mode": "catmullrom"
						},
						"31.0": {
							"post": [90, 180, -35],
							"lerp_mode": "catmullrom"
						},
						"40.0": {
							"post": [90, 180, -35],
							"lerp_mode": "catmullrom"
						}
					},
					"position": {
						"0.0": {
							"post": [0, 25, 12],
							"lerp_mode": "catmullrom"
						},
						"0.25": {
							"post": [0, 25, 12],
							"lerp_mode": "catmullrom"
						},
						"0.5": {
							"post": [0, 15, 5],
							"lerp_mode": "catmullrom"
						},
						"1.25": {
							"post": [0, 15, 5],
							"lerp_mode": "catmullrom"
						},
						"1.5": {
							"post": [2, 16, 5],
							"lerp_mode": "catmullrom"
						},
						"2.25": {
							"post": [1.88, 16.15, 5],
							"lerp_mode": "catmullrom"
						},
						"2.5": {
							"post": [-0.18, 16.18, 5],
							"lerp_mode": "catmullrom"
						},
						"2.75": {
							"post": [1.88, 16.15, 5],
							"lerp_mode": "catmullrom"
						},
						"3.0": {
							"post": [-0.18, 16.18, 5],
							"lerp_mode": "catmullrom"
						},
						"3.5": {
							"post": [-0.18, 16.18, 5],
							"lerp_mode": "catmullrom"
						},
						"3.625": {
							"post": [1.68, 15.28, 5],
							"lerp_mode": "catmullrom"
						},
						"4.0": {
							"post": [1.88, 16.15, 5],
							"lerp_mode": "catmullrom"
						},
						"4.25": {
							"post": [-0.18, 16.18, 5],
							"lerp_mode": "catmullrom"
						},
						"4.5": {
							"post": [1.88, 16.15, 5],
							"lerp_mode": "catmullrom"
						},
						"4.75": {
							"post": [-0.18, 16.18, 5],
							"lerp_mode": "catmullrom"
						},
						"7.0": {
							"post": [0.11, 17.05, 5],
							"lerp_mode": "catmullrom"
						},
						"7.25": {
							"post": [5.94, 17.09, 5],
							"lerp_mode": "catmullrom"
						},
						"7.5": {
							"post": [5.94, 17.09, 5],
							"lerp_mode": "catmullrom"
						},
						"8.25": {
							"post": [8.34, 16.9, 4.88],
							"lerp_mode": "catmullrom"
						},
						"9.9167": {
							"post": [9.46, 17.37, 4.37],
							"lerp_mode": "catmullrom"
						},
						"11.4583": {
							"post": [8.73, 17.94, 3.6],
							"lerp_mode": "catmullrom"
						},
						"11.75": {
							"post": [4.7, 18.19, 3.27],
							"lerp_mode": "catmullrom"
						},
						"12.0": {
							"post": [3.46, 17.37, 4.37],
							"lerp_mode": "catmullrom"
						},
						"12.25": {
							"post": [-17, 14.5, 21],
							"lerp_mode": "catmullrom"
						},
						"12.5": {
							"post": [-22, -6, 34],
							"lerp_mode": "catmullrom"
						},
						"13.0": {
							"post": [-22, -6, 34],
							"lerp_mode": "catmullrom"
						},
						"15.5": {
							"post": [-22, -9, 34],
							"lerp_mode": "catmullrom"
						},
						"18.0": {
							"post": [-21, -10, 34],
							"lerp_mode": "catmullrom"
						},
						"18.25": {
							"post": [-21, -10, 34],
							"lerp_mode": "catmullrom"
						},
						"18.4167": {
							"post": [-21, -10, 34],
							"lerp_mode": "catmullrom"
						},
						"18.5833": {
							"post": [-21, -10, 34],
							"lerp_mode": "catmullrom"
						},
						"18.75": {
							"post": [-21, -10, 34],
							"lerp_mode": "catmullrom"
						},
						"19.0": {
							"post": [-21, -10, 34],
							"lerp_mode": "catmullrom"
						},
						"19.1667": {
							"post": [-21, -10, 34],
							"lerp_mode": "catmullrom"
						},
						"19.3333": {
							"post": [-21, -10, 34],
							"lerp_mode": "catmullrom"
						},
						"19.5": {
							"post": [-21, -10, 34],
							"lerp_mode": "catmullrom"
						},
						"19.5833": {
							"post": [-21, -10, 34],
							"lerp_mode": "catmullrom"
						},
						"19.75": {
							"post": [-21, -10, 34],
							"lerp_mode": "catmullrom"
						},
						"19.9167": {
							"post": [-21, -10, 34],
							"lerp_mode": "catmullrom"
						},
						"20.0833": {
							"post": [-21, -10, 34],
							"lerp_mode": "catmullrom"
						},
						"20.25": {
							"post": [-21, -10, 34],
							"lerp_mode": "catmullrom"
						},
						"20.4167": {
							"post": [-21, -10, 34],
							"lerp_mode": "catmullrom"
						},
						"21.75": {
							"post": [-21, -10, 34],
							"lerp_mode": "catmullrom"
						},
						"22.5": {
							"post": [-21, -14, 31],
							"lerp_mode": "catmullrom"
						},
						"22.75": {
							"post": [-21, -14, 31],
							"lerp_mode": "catmullrom"
						},
						"22.9583": {
							"post": [-15.79, -20.95, 30.45],
							"lerp_mode": "catmullrom"
						},
						"24.25": {
							"post": [-11.79, -18.95, 30.45],
							"lerp_mode": "catmullrom"
						},
						"24.5": {
							"post": [-7.71, -33.67, 30.11],
							"lerp_mode": "catmullrom"
						},
						"24.75": {
							"post": [-16.77, -39.36, 29.75],
							"lerp_mode": "catmullrom"
						},
						"28.5": {
							"post": [-14, -38, 33],
							"lerp_mode": "catmullrom"
						},
						"31.0": {
							"post": [-8, -35, 59],
							"lerp_mode": "catmullrom"
						},
						"37.0": {
							"post": [-11, -34, 179],
							"lerp_mode": "catmullrom"
						},
						"40.0": {
							"post": [-11, -34, 179],
							"lerp_mode": "catmullrom"
						}
					}
				},
				"rightarm2": {
					"rotation": {
						"0.0": {
							"post": [0, 0, 0],
							"lerp_mode": "catmullrom"
						},
						"0.25": {
							"post": [0, 0, 0],
							"lerp_mode": "catmullrom"
						},
						"19.5": {
							"post": [0, 0, 0],
							"lerp_mode": "catmullrom"
						},
						"21.75": {
							"post": [0, 0, 0],
							"lerp_mode": "catmullrom"
						},
						"40.0": {
							"post": [0, 0, 0],
							"lerp_mode": "catmullrom"
						}
					}
				},
				"leftleg": {
					"rotation": {
						"0.0": {
							"post": [0, 55, 0],
							"lerp_mode": "catmullrom"
						},
						"0.25": {
							"post": [0, 55, 0],
							"lerp_mode": "catmullrom"
						},
						"4.0": {
							"post": [0, 55, 0],
							"lerp_mode": "catmullrom"
						},
						"4.1667": {
							"post": [-13.365, 23.48106, -14.14523],
							"lerp_mode": "catmullrom"
						},
						"4.3333": {
							"post": [0, -50, 0],
							"lerp_mode": "catmullrom"
						},
						"5.25": {
							"post": [0, -50, 0],
							"lerp_mode": "catmullrom"
						},
						"6.9167": {
							"post": [0, -50, 0],
							"lerp_mode": "catmullrom"
						},
						"8.4583": {
							"post": [0, -50, 0],
							"lerp_mode": "catmullrom"
						},
						"10.1667": {
							"post": [0, -50, 0],
							"lerp_mode": "catmullrom"
						},
						"11.0": {
							"post": [0, -50, 0],
							"lerp_mode": "catmullrom"
						},
						"11.75": {
							"post": [-90, -77.5, 0],
							"lerp_mode": "catmullrom"
						},
						"12.0": {
							"post": [-90, -77.5, 0],
							"lerp_mode": "catmullrom"
						},
						"12.5": {
							"post": [56.95059, 81.5235, -71.94151],
							"lerp_mode": "catmullrom"
						},
						"19.5": {
							"post": [49.45, 81.52, -71.94],
							"lerp_mode": "catmullrom"
						},
						"21.75": {
							"post": [41.95, 81.52, -71.94],
							"lerp_mode": "catmullrom"
						},
						"40.0": {
							"post": [34.45, 81.52, -71.94],
							"lerp_mode": "catmullrom"
						}
					},
					"position": {
						"0.0": {
							"post": [0, 0, 0],
							"lerp_mode": "catmullrom"
						},
						"0.25": {
							"post": [0, 0, 0],
							"lerp_mode": "catmullrom"
						},
						"4.0": {
							"post": [0, 0, 0],
							"lerp_mode": "catmullrom"
						},
						"5.0833": {
							"post": [0, 0, -2],
							"lerp_mode": "catmullrom"
						},
						"5.25": {
							"post": [0, 2, 0],
							"lerp_mode": "catmullrom"
						},
						"5.4167": {
							"post": [-2, 2, 2],
							"lerp_mode": "catmullrom"
						},
						"5.5833": {
							"post": [-2, 0, 2],
							"lerp_mode": "catmullrom"
						},
						"5.75": {
							"post": [0, 0, -2],
							"lerp_mode": "catmullrom"
						},
						"6.75": {
							"post": [0, 0, -2],
							"lerp_mode": "catmullrom"
						},
						"6.9167": {
							"post": [0, 2, 0],
							"lerp_mode": "catmullrom"
						},
						"7.0833": {
							"post": [-2, 2, 2],
							"lerp_mode": "catmullrom"
						},
						"7.25": {
							"post": [-2, 0, 2],
							"lerp_mode": "catmullrom"
						},
						"7.4167": {
							"post": [0, 0, -2],
							"lerp_mode": "catmullrom"
						},
						"8.2917": {
							"post": [0, 0, -2],
							"lerp_mode": "catmullrom"
						},
						"8.4583": {
							"post": [0, 2, 0],
							"lerp_mode": "catmullrom"
						},
						"8.625": {
							"post": [-2, 2, 2],
							"lerp_mode": "catmullrom"
						},
						"8.7917": {
							"post": [-2, 0, 2],
							"lerp_mode": "catmullrom"
						},
						"8.9583": {
							"post": [0, 0, -2],
							"lerp_mode": "catmullrom"
						},
						"10.0": {
							"post": [0, 0, -2],
							"lerp_mode": "catmullrom"
						},
						"10.1667": {
							"post": [0, 2, 0],
							"lerp_mode": "catmullrom"
						},
						"10.3333": {
							"post": [-2, 2, 2],
							"lerp_mode": "catmullrom"
						},
						"10.5": {
							"post": [-2, 0, 2],
							"lerp_mode": "catmullrom"
						},
						"10.6667": {
							"post": [0, 0, -2],
							"lerp_mode": "catmullrom"
						},
						"11.0": {
							"post": [0, 0, -2],
							"lerp_mode": "catmullrom"
						},
						"11.75": {
							"post": [-8, -1, 0],
							"lerp_mode": "catmullrom"
						},
						"12.0": {
							"post": [-8, -1, 1],
							"lerp_mode": "catmullrom"
						},
						"12.5": {
							"post": [-2, -14, 2],
							"lerp_mode": "catmullrom"
						},
						"19.5": {
							"post": [-4, -15, 1],
							"lerp_mode": "catmullrom"
						},
						"21.75": {
							"post": [-3, -14, 1],
							"lerp_mode": "catmullrom"
						},
						"40.0": {
							"post": [4, -12, -2],
							"lerp_mode": "catmullrom"
						}
					}
				},
				"leftleg1": {
					"rotation": {
						"0.0": {
							"post": [0, 0, 0],
							"lerp_mode": "catmullrom"
						},
						"0.25": {
							"post": [0, 0, 0],
							"lerp_mode": "catmullrom"
						},
						"11.0": {
							"post": [0, 0, 0],
							"lerp_mode": "catmullrom"
						},
						"11.125": {
							"post": [0, 0, 0],
							"lerp_mode": "catmullrom"
						},
						"19.5": {
							"post": [0, 0, 0],
							"lerp_mode": "catmullrom"
						},
						"21.75": {
							"post": [0, 0, 0],
							"lerp_mode": "catmullrom"
						},
						"40.0": {
							"post": [0, 0, 0],
							"lerp_mode": "catmullrom"
						}
					}
				},
				"rightleg": {
					"rotation": {
						"0.0": {
							"post": [0, 0, 0],
							"lerp_mode": "catmullrom"
						},
						"4.4583": {
							"post": [0, 0, 0],
							"lerp_mode": "catmullrom"
						},
						"4.7917": {
							"post": [0, -40, 0],
							"lerp_mode": "catmullrom"
						},
						"6.125": {
							"post": [0, -50, 0],
							"lerp_mode": "catmullrom"
						},
						"7.625": {
							"post": [0, -50, 0],
							"lerp_mode": "catmullrom"
						},
						"9.2083": {
							"post": [0, -50, 0],
							"lerp_mode": "catmullrom"
						},
						"12.0": {
							"post": [0, -50, 0],
							"lerp_mode": "catmullrom"
						},
						"12.5": {
							"post": [-62.5, 85, 0],
							"lerp_mode": "catmullrom"
						},
						"19.5": {
							"post": [-62.5, 85, 0],
							"lerp_mode": "catmullrom"
						},
						"21.75": {
							"post": [-17.5, 85, 0],
							"lerp_mode": "catmullrom"
						}
					},
					"position": {
						"0.0": {
							"post": [0, 0, 0],
							"lerp_mode": "catmullrom"
						},
						"4.4583": {
							"post": [0, 0, 0],
							"lerp_mode": "catmullrom"
						},
						"4.625": {
							"post": [0, 2, 0],
							"lerp_mode": "catmullrom"
						},
						"4.7917": {
							"post": [0, 0, 0],
							"lerp_mode": "catmullrom"
						},
						"5.9583": {
							"post": [0, 0, -2],
							"lerp_mode": "catmullrom"
						},
						"6.125": {
							"post": [0, 2, 0],
							"lerp_mode": "catmullrom"
						},
						"6.2917": {
							"post": [-2, 2, 2],
							"lerp_mode": "catmullrom"
						},
						"6.4583": {
							"post": [-2, 0, 2],
							"lerp_mode": "catmullrom"
						},
						"6.625": {
							"post": [0, 0, -2],
							"lerp_mode": "catmullrom"
						},
						"7.4583": {
							"post": [0, 0, -2],
							"lerp_mode": "catmullrom"
						},
						"7.625": {
							"post": [0, 2, 0],
							"lerp_mode": "catmullrom"
						},
						"7.7917": {
							"post": [-2, 2, 2],
							"lerp_mode": "catmullrom"
						},
						"7.9583": {
							"post": [-2, 0, 2],
							"lerp_mode": "catmullrom"
						},
						"8.125": {
							"post": [0, 0, -2],
							"lerp_mode": "catmullrom"
						},
						"9.0417": {
							"post": [0, 0, -2],
							"lerp_mode": "catmullrom"
						},
						"9.2083": {
							"post": [0, 2, 0],
							"lerp_mode": "catmullrom"
						},
						"9.375": {
							"post": [-2, 2, 2],
							"lerp_mode": "catmullrom"
						},
						"9.5417": {
							"post": [-2, 0, 2],
							"lerp_mode": "catmullrom"
						},
						"9.7083": {
							"post": [0, 0, -2],
							"lerp_mode": "catmullrom"
						},
						"12.0": {
							"post": [0, 0, -2],
							"lerp_mode": "catmullrom"
						},
						"12.5": {
							"post": [1, -12, 6],
							"lerp_mode": "catmullrom"
						},
						"19.5": {
							"post": [1, -12, 6],
							"lerp_mode": "catmullrom"
						},
						"21.75": {
							"post": [-1, -16, 6],
							"lerp_mode": "catmullrom"
						}
					}
				}
			}
		}
	}
}