{
	"format_version": "1.8.0",
	"animations": {
		"animation.poppy.kidnap": {
			"loop": true,
			"animation_length": 10,
			"bones": {
				"root": {
					"rotation": {
						"0.0": {
							"post": [0, 0, 0],
							"lerp_mode": "catmullrom"
						},
						"3.0": {
							"post": [0, 0, 0],
							"lerp_mode": "catmullrom"
						},
						"3.25": {
							"post": [-86.25, 0, 0],
							"lerp_mode": "catmullrom"
						},
						"10.0": {
							"post": [-86.25, 0, 0],
							"lerp_mode": "catmullrom"
						}
					},
					"position": {
						"0.0": {
							"post": [0, 0, 0],
							"lerp_mode": "catmullrom"
						},
						"3.0": {
							"post": [0, 0, 0],
							"lerp_mode": "catmullrom"
						},
						"3.25": {
							"post": [0, -6, 47],
							"lerp_mode": "catmullrom"
						},
						"4.0": {
							"post": [0, -160, 47],
							"lerp_mode": "catmullrom"
						},
						"10.0": {
							"post": [0, -160, 47],
							"lerp_mode": "catmullrom"
						}
					}
				},
				"body": {
					"rotation": [0, 0, 0],
					"position": [0, 0, 0]
				},
				"head": {
					"rotation": {
						"0.0": {
							"post": [0, 0, 0],
							"lerp_mode": "catmullrom"
						},
						"0.5": {
							"post": [-7.5, 0, 0],
							"lerp_mode": "catmullrom"
						},
						"0.75": {
							"post": [5.35, 0, 0],
							"lerp_mode": "catmullrom"
						},
						"1.0": {
							"post": [-7.5, 0, 0],
							"lerp_mode": "catmullrom"
						},
						"1.25": {
							"post": [5.35, 0, 0],
							"lerp_mode": "catmullrom"
						},
						"1.5": {
							"post": [-7.5, 0, 0],
							"lerp_mode": "catmullrom"
						},
						"1.75": {
							"post": [5.35, 0, 0],
							"lerp_mode": "catmullrom"
						},
						"2.25": {
							"post": [0, 0, 0],
							"lerp_mode": "catmullrom"
						},
						"10.0": {
							"post": [0, 0, 0],
							"lerp_mode": "catmullrom"
						}
					},
					"position": {
						"0.0": {
							"post": [0, 0, 0],
							"lerp_mode": "catmullrom"
						},
						"0.5": {
							"post": [0, 0, 2],
							"lerp_mode": "catmullrom"
						},
						"0.75": {
							"post": [0, 0, -2.09],
							"lerp_mode": "catmullrom"
						},
						"1.0": {
							"post": [0, 0, 2],
							"lerp_mode": "catmullrom"
						},
						"1.25": {
							"post": [0, 0, -2.09],
							"lerp_mode": "catmullrom"
						},
						"1.5": {
							"post": [0, 0, 2],
							"lerp_mode": "catmullrom"
						},
						"1.75": {
							"post": [0, 0, -2.09],
							"lerp_mode": "catmullrom"
						},
						"2.25": {
							"post": [0, 0, 0],
							"lerp_mode": "catmullrom"
						},
						"10.0": {
							"post": [0, 0, 0],
							"lerp_mode": "catmullrom"
						}
					}
				},
				"rightLeg": {
					"rotation": {
						"0.0": {
							"post": [0, 0, 0],
							"lerp_mode": "catmullrom"
						},
						"1.5": {
							"post": [10.78, 0, 0],
							"lerp_mode": "catmullrom"
						},
						"3.0": {
							"post": [0, 0, 0],
							"lerp_mode": "catmullrom"
						},
						"3.25": {
							"post": [-86.92, 0, 0],
							"lerp_mode": "catmullrom"
						},
						"10.0": {
							"post": [-86.92, 0, 0],
							"lerp_mode": "catmullrom"
						}
					},
					"position": {
						"0.0": {
							"post": [0, 0, 0],
							"lerp_mode": "catmullrom"
						},
						"1.5": {
							"post": [0, 0.38, 2.06],
							"lerp_mode": "catmullrom"
						},
						"3.0": {
							"post": [0, 0, 0],
							"lerp_mode": "catmullrom"
						},
						"3.25": {
							"post": [0, 18, 16],
							"lerp_mode": "catmullrom"
						},
						"4.0": {
							"post": [0, -134, 16],
							"lerp_mode": "catmullrom"
						},
						"10.0": {
							"post": [0, -134, 16],
							"lerp_mode": "catmullrom"
						}
					}
				},
				"leftLeg": {
					"rotation": {
						"0.0": {
							"post": [0, 0, 0],
							"lerp_mode": "catmullrom"
						},
						"1.5": {
							"post": [10.78, 0, 0],
							"lerp_mode": "catmullrom"
						},
						"3.0": {
							"post": [0, 0, 0],
							"lerp_mode": "catmullrom"
						},
						"3.25": {
							"post": [-86.92, 0, 0],
							"lerp_mode": "catmullrom"
						},
						"10.0": {
							"post": [-86.92, 0, 0],
							"lerp_mode": "catmullrom"
						}
					},
					"position": {
						"0.0": {
							"post": [0, 0, 0],
							"lerp_mode": "catmullrom"
						},
						"1.5": {
							"post": [0, 0.38, 2.06],
							"lerp_mode": "catmullrom"
						},
						"3.0": {
							"post": [0, 0, 0],
							"lerp_mode": "catmullrom"
						},
						"3.25": {
							"post": [0, 18, 17],
							"lerp_mode": "catmullrom"
						},
						"4.0": {
							"post": [0, -135, 17],
							"lerp_mode": "catmullrom"
						},
						"10.0": {
							"post": [0, -135, 17],
							"lerp_mode": "catmullrom"
						}
					}
				},
				"rightarm3": {
					"rotation": {
						"0.0": {
							"post": [-15, 85, -180],
							"lerp_mode": "catmullrom"
						},
						"2.5": {
							"post": [-15, 85, -180],
							"lerp_mode": "catmullrom"
						},
						"3.0": {
							"post": [-212.5, 85, -180],
							"lerp_mode": "catmullrom"
						},
						"3.25": {
							"post": [-126.09, 85, -180],
							"lerp_mode": "catmullrom"
						},
						"10.0": {
							"post": [-126.09, 85, -180],
							"lerp_mode": "catmullrom"
						}
					},
					"position": {
						"0.0": {
							"post": [0, 0, 13],
							"lerp_mode": "catmullrom"
						},
						"2.5": {
							"post": [0, 0, 13],
							"lerp_mode": "catmullrom"
						},
						"3.0": {
							"post": [0, -4, 20],
							"lerp_mode": "catmullrom"
						},
						"3.25": {
							"post": [0, -2.25, 16.94],
							"lerp_mode": "catmullrom"
						},
						"4.0": {
							"post": [0, -157.25, 16.94],
							"lerp_mode": "catmullrom"
						},
						"10.0": {
							"post": [0, -157.25, 16.94],
							"lerp_mode": "catmullrom"
						}
					}
				},
				"rightarm1": {
					"rotation": {
						"0.0": {
							"post": [30, 0, 0],
							"lerp_mode": "catmullrom"
						},
						"10.0": {
							"post": [30, 0, 0],
							"lerp_mode": "catmullrom"
						}
					},
					"position": {
						"0.0": {
							"post": [0, 0, 0],
							"lerp_mode": "catmullrom"
						},
						"10.0": {
							"post": [0, 0, 0],
							"lerp_mode": "catmullrom"
						}
					}
				},
				"rightarm4": {
					"rotation": {
						"0.0": {
							"post": [0, 0, 0],
							"lerp_mode": "catmullrom"
						},
						"10.0": {
							"post": [0, 0, 0],
							"lerp_mode": "catmullrom"
						}
					},
					"position": {
						"0.0": {
							"post": [0, 10, -8],
							"lerp_mode": "catmullrom"
						},
						"10.0": {
							"post": [0, 10, -8],
							"lerp_mode": "catmullrom"
						}
					}
				},
				"rightarm5": {
					"rotation": {
						"0.0": {
							"post": [-67.5, 0, 0],
							"lerp_mode": "catmullrom"
						},
						"10.0": {
							"post": [-67.5, 0, 0],
							"lerp_mode": "catmullrom"
						}
					},
					"position": {
						"0.0": {
							"post": [0, 16, -10],
							"lerp_mode": "catmullrom"
						},
						"10.0": {
							"post": [0, 16, -10],
							"lerp_mode": "catmullrom"
						}
					}
				},
				"rightarm12": {
					"rotation": {
						"0.0": {
							"post": [91.90946, -21.01694, 16.54931],
							"lerp_mode": "catmullrom"
						},
						"10.0": {
							"post": [91.91, -21.02, 16.55],
							"lerp_mode": "catmullrom"
						}
					},
					"position": {
						"0.0": {
							"post": [1, 20, -13],
							"lerp_mode": "catmullrom"
						},
						"10.0": {
							"post": [1, 20, -13],
							"lerp_mode": "catmullrom"
						}
					}
				}
			}
		}
	}
}