{
  "format_version": "1.8.0",
  "animations": {
    "animation.grabpack.hold": {
      "loop": true,
      "bones": {
      "body2": {
          "rotation": [
           2.5,
            180,
            0
          ],
          "position": [
            15.5,
            6,
            10
          ],
          "scale": 0.7
        },
        "grab": {
          "position": [
            -2.7,
            0,
            0
          ]
        } ,
        "pack": {
          "position": [
            2.7,
            0,
            0
          ]
        }
      }
    },
    "animation.grabpack.hold_view": {
      "loop": true,
      "animation_length": 11.96667,
      "bones": {
      "body2": {
          "rotation": [
            0,
            0,
            0
          ],
          "position": [
            0,
            1,
            0
          ]
        }, 
        "grab": {
          "rotation": [
            0,
            0,
            0
          ],
          "position": [
            0,
            0,
            0
          ]
        }
      }
    }
  }
}