{
	"format_version": "1.8.0",
	"animations": {
		"animation.entity.look_at_target.default": {
			"loop": true,
			"bones": {
			"eyes": {
					"position": ["query.target_y_rotation / 90", "query.target_x_rotation / 90", 0]
				},
				"head": {
					"relative_to": {
						"rotation": "entity"
					},
					"rotation": ["query.target_x_rotation * 0.5", "query.target_y_rotation", 0]
				}
			}
		},
		"animation.longlegs.look_at_target.default": {
			"loop": true,
			"bones": {
			"eyes": {
					"position": ["query.target_y_rotation / -90", "query.target_x_rotation / -90", 0]
				},
				"head": {
					"relative_to": {
						"rotation": "entity"
					},
					"rotation": ["20 + query.target_x_rotation * 0.5", "query.target_y_rotation", 0]
				}
			}  
		},
			"animation.player.first_person.offset": {
			"loop": true,
			"bones": {
				"root": {
					"position": [ 2.5, -8.0, 0.0 ]
				}
			}
		}
	}
}