{
  "format_version": "1.16.100",
  "minecraft:entity": {
    "description": {
      "identifier": "ic:boxy_closed",
      "is_spawnable": true,
      "is_summonable": true,
      "is_experimental": false
      },
    "component_groups": {
    "docile": {
			"minecraft:timer": {
			  "looping": false,
			  "time": 1,
			  "randomInterval": false,
			  "time_down_event": {
				"event": "revert"
			  }
			}
		},
		"revert": {
			"minecraft:transformation": {
                    "into": "ic:boxy1"
                }
		},
    "jumpscare_boxy_closed": {
			"minecraft:attack": {
				"damage": 0
			  }
		},
		"jumpscare_cooldown_boxy_closed": {
			"minecraft:is_stunned": {},
			"minecraft:attack": {
				"damage": 10
			  },
			  "minecraft:timer": {
				"looping": false,
				"randomInterval": false,
				"time": 1,
				"time_down_event": {
					"event": "ic:jumpscare_standby"
				}
			}
		}
			},
    "components": {
      "minecraft:type_family": {
        "family": [
        "playtime", 
          "boxy",
          "monster",
          "vex"
        ]
      },
        "minecraft:damage_sensor": {
        "triggers": {
          "cause": "fall",
          "deals_damage": false
        }
      },
        "minecraft:behavior.float": {
        "priority": 0
      },
      "minecraft:nameable": {
        "alwaysShow": false,
        "allowNameTagRenaming": false
      },
      "minecraft:collision_box": {
        "height": 0.6,
        "width": 0.9
      },
      "minecraft:loot": {
        "table": "loot_tables/entities/robot.json"
      },
      "minecraft:health": {
        "value": 270,
        "max": 270
      },
      "minecraft:knockback_resistance": {
        "value": 1.0,
        "max": 1.0
      },
      "minecraft:navigation.walk": {
        "avoid_damage_blocks": true
      },
      "minecraft:fall_damage": {
        "value": 0.0
      },
      "minecraft:knockback_resistance": {
        "value": 1.0,
        "max": 1.0
      },
      "minecraft:leashable": {
        "soft_distance": 4.0,
        "hard_distance": 6.0,
        "max_distance": 10.0
      },
      "minecraft:balloonable": {},
      "minecraft:behavior.hurt_by_target": {
        "priority": 4
      },
      "minecraft:physics": {},
      "minecraft:follow_range": {
        "value": 32
      },
      "minecraft:experience_reward": {
        "on_death": "query.last_hit_by_player ? 10 : 0"
      },
      "minecraft:underwater_movement": {
        "value": 0.02
      },
      "minecraft:scale": {
        "value": 0.75
      },
      "minecraft:fire_immune": true,
      "minecraft:behavior.owner_hurt_by_target": {
        "priority": 1
      },
      "minecraft:behavior.owner_hurt_target": {
        "priority": 2
      },
      "minecraft:annotation.break_door": {
        "break_time": 10.0,
        "min_difficulty": "easy"
      },
      "minecraft:on_death": {
        "event": "on:death",
        "target": "self"
      },
      "minecraft:on_hurt": {
        "event": "on:hurt",
        "target": "self"
      },
      "minecraft:on_hurt_by_player": {
        "event": "on:hurt_by_player",
        "target": "self"
      },
      "minecraft:on_ignite": {
        "event": "on:ignite",
        "target": "self"
      },
      "minecraft:on_target_acquired": {
        "event": "on:target_acquired",
        "target": "self"
      },
      "minecraft:on_target_escape": {
        "event": "on:target_escape",
        "target": "self"
      },
      "minecraft:on_wake_with_owner": {
        "event": "on:wake_with_owner",
        "target": "self"
    },
    "minecraft:entity_sensor": {
          "sensor_range":5,
          "relative_range": false,
          "require_all": false,
          "event_filters": { 
			"all_of": [
				{"test": "is_family", "subject": "other", "value" : "player" }
			]
		  },
          "event": "open_boo"
        }
    },
    "events": {
      "on:death": {
        "run_command": {
          "command": []
        }
      },
      "minecraft:entity_spawned": {
				"add": {
					"component_groups": ["jumpscare_boxy_closed"]
				}
			},
			"open_boo": {
				"add": {
					"component_groups": ["revert"]
				}
			},
      "on:hurt": {
        "run_command": {
          "command": []
        }
      },
      "on:hurt_by_player": {
        "run_command": {
          "command": []
        }
      },
      "on:ignite": {
        "run_command": {
          "command": []
        }
      },
      "on:target_acquired": {
        "run_command": {
          "command": []
        }
      },
      "on:target_escape": {
        "run_command": {
          "command": []
        }
      },
      "on:wake_with_owner": {
        "run_command": {
          "command": []
      }
    }
  }
 }
}