{
  "format_version": "1.16.100",
  "minecraft:entity": {
    "description": {
      "identifier": "ic:boxy1",
      "is_spawnable": false,
      "is_summonable": true,
      "is_experimental": false,
      "scripts": {
				"animate": [
		  "spin"
		]
			},
			"animations": {
				"spin": "animation.boxy_spin"
			}  
    },
    "component_groups": {
    "docile": {
			"minecraft:timer": {
			  "looping": false,
			  "time": 10,
			  "randomInterval": false,
			  "time_down_event": {
				"event": "revert"
			  }
			}
		},
		"revert": {
			"minecraft:transformation": {
                    "into": "ic:boxy"
                }
		},
    "jumpscare_boxy": {
			"minecraft:attack": {
				"damage": 0
			  }
		},
		"jumpscare_cooldown_boxy": {
			"minecraft:is_stunned": {},
			"minecraft:attack": {
				"damage": 10
			  },
			  "minecraft:timer": {
				"looping": false,
				"randomInterval": false,
				"time": 1,
				"time_down_event": {
					"event": "ic:jumpscare_standby"
				}
			}
		}
			},
    "components": {
      "minecraft:type_family": {
        "family": [
        "playtime", 
          "boxy",
          "monster",
          "vex"
        ]
      },
        "minecraft:damage_sensor": {
        "triggers": {
          "cause": "fall",
          "deals_damage": false
        }
      },
        "minecraft:behavior.float": {
        "priority": 0
      },
      "minecraft:knockback_resistance": {
        "value": 1.0,
        "max": 1.0
      },
      "minecraft:nameable": {
        "alwaysShow": false,
        "allowNameTagRenaming": false
      },
      "minecraft:collision_box": {
        "height": 0.7,
        "width": 0.5
      },
      "minecraft:loot": {
        "table": "loot_tables/entities/robot.json"
      },
      "minecraft:health": {
        "value": 270,
        "max": 270
      },
      "minecraft:fall_damage": {
        "value": 0.0
      },
      "minecraft:timer": {
			  "looping": false,
			  "time": 30,
			  "randomInterval": false,
			  "time_down_event": {
				"event": "phase"
			  }
		},
      "minecraft:physics": {},
      "minecraft:follow_range": {
        "value": 32
      },
      "minecraft:experience_reward": {
        "on_death": "query.last_hit_by_player ? 10 : 0"
      },
      "minecraft:underwater_movement": {
        "value": 0.02
      },
      "minecraft:scale": {
        "value": 0.75
      },
      "minecraft:fire_immune": true,
      "minecraft:behavior.owner_hurt_by_target": {
        "priority": 1
      },
      "minecraft:behavior.owner_hurt_target": {
        "priority": 2
      },
      "minecraft:annotation.break_door": {
        "break_time": 10.0,
        "min_difficulty": "easy"
      },
      "minecraft:on_death": {
        "event": "on:death",
        "target": "self"
      },
      "minecraft:on_hurt": {
        "event": "on:hurt",
        "target": "self"
      },
      "minecraft:on_hurt_by_player": {
        "event": "on:hurt_by_player",
        "target": "self"
      },
      "minecraft:on_ignite": {
        "event": "on:ignite",
        "target": "self"
      },
      "minecraft:on_target_acquired": {
        "event": "on:target_acquired",
        "target": "self"
      },
      "minecraft:on_target_escape": {
        "event": "on:target_escape",
        "target": "self"
      },
      "minecraft:on_wake_with_owner": {
        "event": "on:wake_with_owner",
        "target": "self"
    }
    },
    "events": {
      "on:death": {
        "run_command": {
          "command": []
        }
      },
      "minecraft:entity_spawned": {
				"add": {
					"component_groups": ["jumpscare_boxy"]
				}
			},
			"phase": {
				"add": {
					"component_groups": ["revert"]
				}
			},
      "on:hurt": {
        "run_command": {
          "command": []
        }
      },
      "on:hurt_by_player": {
        "run_command": {
          "command": []
        }
      },
      "on:ignite": {
        "run_command": {
          "command": []
        }
      },
      "on:target_acquired": {
        "run_command": {
          "command": []
        }
      },
      "on:target_escape": {
        "run_command": {
          "command": []
        }
      },
      "on:wake_with_owner": {
        "run_command": {
          "command": []
      }
    }
  }
 }
}