{
  "format_version": "1.16.100",
  "minecraft:entity": {
    "description": {
      "identifier": "ic:boxy",
      "is_spawnable": true,
      "is_summonable": true,
      "is_experimental": false, 
      "scripts": {
				"animate": [
		  "jumpscare_boxy",
		"docile_boxy",
		"chase" 
		]
			},
			"animations": {
				"jumpscare_boxy": "controller.animation.jumpscare_boxy",
				"docile_boxy": "controller.animation.docile_boxy",
				"chase": "controller.animation.boxy_chase",
				"docile": "animation.boxy.docile",
				"docile_delay": "animation.boxy.docile_delay",
				"pounce": "animation.boxy.pounce",
				"pounce_delay": "animation.boxy.pounce_delay"  
			} 
    },
    "component_groups": {
		"revert": {
			"minecraft:transformation": {
                    "into": "ic:boxy_closed1"
                }
		},
    "jumpscare_boxy": {
			"minecraft:attack": {
				"damage": 0
			  }
		},
		"pounce_stop": {
			"minecraft:behavior.melee_attack": {
        "priority": 0,
        "speed_multiplier": 1.1,
        "track_target": true,
        "reach_multiplier": 1.6
      }
      },
		"pounce": {
			"minecraft:behavior.melee_attack": {
        "priority": 1,
        "speed_multiplier": 1.1,
        "track_target": true,
        "reach_multiplier": 1.6
      },
      "minecraft:behavior.stalk_and_pounce_on_target": {
        "priority": 0,
        "stalk_speed": 1.3,
        "max_stalk_dist": 30.0,
        "leap_height": 1.2,
        "leap_dist": 2.0,
        "pounce_max_dist": 15.0,
        "interest_time": 0.0
      }
		},
		"jumpscare_cooldown_boxy": {
		"minecraft:is_stunned": {},
			"minecraft:attack": {
				"damage": 15
			  },
			  "minecraft:timer": {
				"looping": false,
				"randomInterval": false,
				"time": 20,
				"time_down_event": {
					"event": "ic:jumpscare_standby"
				}
			}
		}
			},
    "components": {
      "minecraft:type_family": {
        "family": [
        "playtime", 
          "boxy",
          "monster",
          "vex"
        ]
      },
        "minecraft:damage_sensor": {
        "triggers": {
          "cause": "fall",
          "deals_damage": false
        }
      },
        "minecraft:behavior.float": {
        "priority": 0
      },
      "minecraft:nameable": {
        "alwaysShow": false,
        "allowNameTagRenaming": false
      },
      "minecraft:rideable": {
					"seat_count": 1,
					"rider_can_interact": false,
					"seats": [
						{
							"position": [0, 2.7, 2.3], 
                             "rotate_rider_by": 180,
							 "lock_rider_rotation": 0
						}
					]
				},
      "minecraft:collision_box": {
        "height": 3.7,
        "width": 1.1
      },
      "minecraft:loot": {
        "table": "loot_tables/entities/robot.json"
      },
      "minecraft:health": {
        "value": 270,
        "max": 270
      },
      "minecraft:movement": {
        "value": 0.35
      },
      "minecraft:navigation.walk": {
        "avoid_damage_blocks": true
      },
      "minecraft:movement.basic": {},
      "minecraft:jump.static": {},
      "minecraft:can_climb": {},
      "minecraft:attack": {
        "damage": 8
      },
      "minecraft:fall_damage": {
        "value": 0.0
      },
      "minecraft:knockback_resistance": {
        "value": 1.0,
        "max": 1.0
      },
      "minecraft:leashable": {
        "soft_distance": 4.0,
        "hard_distance": 6.0,
        "max_distance": 10.0
      },
      "minecraft:balloonable": {},
      "minecraft:behavior.melee_attack": {
        "priority": 0,
        "speed_multiplier": 1.1,
        "track_target": true,
        "reach_multiplier": 1.6
      },
      "minecraft:behavior.move_towards_target": {
        "priority": 1,
        "speed_multiplier": 1.1,
        "within_radius": 64
      },
      "minecraft:behavior.random_stroll": {
        "priority": 6,
        "speed_multiplier": 0.9
      },
      "minecraft:behavior.look_at_player": {
        "priority": 7,
        "look_distance": 6.0,
        "probability": 0.02
      },
      "minecraft:behavior.random_look_around": {
        "priority": 8
      },
      "minecraft:behavior.nearest_attackable_target": {
			"priority": 2,
			"within_radius": 64,
			"reselect_targets": true,
			"entity_types": [{
				"filters": {
				  "any_of": [
					{
					  "test": "is_family",
					  "subject": "other",
					  "value": "player"
					},
					{
						"test": "is_family",
						"subject": "other",
						"value": "villager"
					  },
					  {
						"test": "is_family",
						"subject": "other",
						"value": "irongolem"
					  },{
						  "test": "is_family",
						  "subject": "other",
						  "value": "wandering_trader"
					  },{
						  "test": "is_family",
						  "subject": "other",
						  "value":"snowgolem"
					  },{
						"test": "is_family",
						"subject": "other",
						"value":"mob"
					},{
						"test": "is_family",
						"subject": "other",
						"operator": "!=",
						"value":"playtime"
					}
				  ]
				},
				"max_dist": 64
			  }
			],
			"must_see": true,
			"must_see_forget_duration": 1000.0
		  },
      "minecraft:behavior.hurt_by_target": {
        "priority": 4
      },
      "minecraft:physics": {},
      "minecraft:follow_range": {
        "value": 64
      },
      "minecraft:experience_reward": {
        "on_death": "query.last_hit_by_player ? 10 : 0"
      },
      "minecraft:underwater_movement": {
        "value": 0.02
      },
      "minecraft:scale": {
        "value": 0.75
      },
      "minecraft:fire_immune": true,
      "minecraft:behavior.owner_hurt_by_target": {
        "priority": 1
      },
      "minecraft:behavior.owner_hurt_target": {
        "priority": 2
      },
      "minecraft:annotation.break_door": {
        "break_time": 10.0,
        "min_difficulty": "easy"
      },
      "minecraft:on_death": {
        "event": "on:death",
        "target": "self"
      },
      "minecraft:on_hurt": {
        "event": "on:hurt",
        "target": "self"
      },
      "minecraft:on_hurt_by_player": {
        "event": "on:hurt_by_player",
        "target": "self"
      },
      "minecraft:on_ignite": {
        "event": "on:ignite",
        "target": "self"
      },
      "minecraft:pushable": {
        "is_pushable": true,
        "is_pushable_by_piston": false
      },
      "minecraft:on_target_acquired": {
        "event": "on:target_acquired",
        "target": "self"
      },
      "minecraft:on_target_escape": {
        "event": "on:target_escape",
        "target": "self"
      },
      "minecraft:on_wake_with_owner": {
        "event": "on:wake_with_owner",
        "target": "self"
    }
    },
    "events": {
      "on:death": {
        "run_command": {
          "command": []
        }
      },
      "minecraft:entity_spawned": {
				"add": {
					"component_groups": ["jumpscare_boxy"]
				}
			},
			"close_delay": {
				"remove": {
					"component_groups": ["docile"]
				},
				"add":{
				"component_groups": ["docile_delay"]
				}
			},
			"ic:pounce": {
				"remove": {
					"component_groups": ["pounce_stop"]
				},
				"add":{
				"component_groups": ["pounce"]
				}
			},
			"ic:pounce_stop": {
				"remove": {
					"component_groups": ["pounce"]
				},
				"add":{
				"component_groups": ["pounce_stop"]
				}
			},
			"revert": {
				"add": {
					"component_groups": ["revert"]
				}
			},
			"close_standby": {
				"add": {
					"component_groups": ["revert"]
				},
				"remove":{
				"component_groups": ["docile_delay"]
				}
			},
			"revert": {
				"add": {
					"component_groups": ["revert"]
				}
			},
      "ic:jumpscare_standby": {
				"remove": {
					"component_groups": ["jumpscare_cooldown_boxy"]
				},
				"add": {
					"component_groups": ["jumpscare_boxy"]
				}
			},
			"ic:jumpscare_stop": {
				"add": {
					"component_groups": ["jumpscare_cooldown_boxy"]
				},
				"remove": {
					"component_groups": ["jumpscare_boxy"]
				}
			},
      "on:hurt": {
        "run_command": {
          "command": []
        }
      },
      "on:hurt_by_player": {
        "run_command": {
          "command": []
        }
      },
      "on:ignite": {
        "run_command": {
          "command": []
        }
      },
      "on:target_acquired": {
        "run_command": {
          "command": []
        }
      },
      "on:target_escape": {
        "run_command": {
          "command": []
        }
      },
      "on:wake_with_owner": {
        "run_command": {
          "command": []
      }
    }
  }
 }
}