{
  "format_version": "1.13.0",
  "minecraft:entity": {
    "description": {
      "identifier": "ic:lounge",
      "is_spawnable": true,
      "is_summonable": true,
      "is_experimental": false,
      "scripts": {
				"animate": [
				"position",
		{"exit" : "query.health <= 15 && query.is_alive"}
		]
			},
			"animations": {
	"exit": "animation.lounge.exit",
	"position": "animation.position" 
			}  
    },
    "component_groups": {
"exit": {
                "minecraft:transformation": {
                    "into": "ic:lounge"
                }
			}
					},
    "components": {
      "minecraft:type_family": {
        "family": [ "inanimate","playtime"]
      },
      "minecraft:knockback_resistance": {
        "value": 1.0,
        "max": 1.0
      },
      "minecraft:scale": {
        "value": 1.05
      },
      "minecraft:collision_box": {
        "width": 1.2,
        "height": 2.5
      },
      "minecraft:health": {
        "value": 80,
        "max": 80
      },
      "minecraft:rideable": {
					"seat_count": 1,
					"rider_can_interact": false,
					"seats": [
						{
							"position": [0, 0.3, 0.0]
						}
					]
				}, 
      "minecraft:is_stackable": {
      },
      "minecraft:physics": {
      "has_gravity" : true
      },
      "minecraft:pushable": {
        "is_pushable": false,
        "is_pushable_by_piston": true
      }
    },
    "events": { 
        "ic:force_exit": {
        "add": {
          "component_groups": ["exit"] 
        }
      }
    }  
  }
}