{
  "format_version": "1.13.0",
  "minecraft:entity": {
    "description": {
      "identifier": "minecraft:player",
      "is_spawnable": false,
      "is_summonable": false,
      "is_experimental": false, 
      "scripts": {
				"animate": [
		  "expire_controller",
		{"boxy_controller" : "query.is_item_name_any('slot.armor.head','ic:boxy_morph')"},
		{"longlegs_controller" : "query.is_item_name_any('slot.armor.head','ic:longlegs_morph')"},
		{"huggy_controller" : "query.is_item_name_any('slot.armor.head','ic:huggy_morph')"} 
		]
			},
			"animations": {
				"expire": "animation.expire", 
				"boxy_sneak": "animation.boxy_sneak", 
				"boxy_default": "animation.boxy_default",
				"boxy_controller": "controller.animation.boxy_morph",
				"huggy_sneak": "animation.huggy_sneak", 
				"huggy_sprint": "animation.huggy_sprint", 
				"huggy_default": "animation.huggy_default",
				"huggy_controller": "controller.animation.huggy_morph",
				"longlegs_sneak": "animation.longlegs_sneak", 
				"longlegs_default": "animation.longlegs_default",
				"longlegs_controller": "controller.animation.longlegs_morph",
				"expire_controller": "controller.animation.expire" 
			}
    },
    "component_groups": {
      "minecraft:add_bad_omen": {
        "minecraft:spell_effects": {
          "add_effects": [
            {
              "effect": "bad_omen",
              "duration": 6000,
              "display_on_screen_animation": true
            }
          ]
        },
        "minecraft:timer": {
          "time": [ 0.0, 0.0 ],
          "looping": false,
          "time_down_event": {
            "event": "minecraft:clear_add_bad_omen",
            "target": "self"
          }
        }
      },
      "reset": {
        "minecraft:movement": {
        "value": 0.1
      },
      "minecraft:type_family": {
        "family": [ "player" ]
      },
      "minecraft:spell_effects": {
          "remove_effects": ["jump_boost", "instant_health","health_boost","speed","night_vision","slow_falling"]
        },
      "minecraft:attack": {
        "damage": 1
      },
      "minecraft:collision_box": {
        "width": 0.6,
        "height": 1.8
      },
      "minecraft:scale": {
        "value": 1.0
      } 
      },
      "boxy_boo": {
      "minecraft:type_family": {
        "family": [ "playtime" ]
      },
      "minecraft:damage_sensor": {
        "triggers": {
          "cause": "fall",
          "deals_damage": false
        }
      },
        "minecraft:movement": {
        "value": 0.1
      },
      "minecraft:spell_effects": {
          "add_effects": [
            {
              "effect": "jump_boost",
              "amplifier" : 2,
              "duration": 10000,
              "visible" : false,
              "display_on_screen_animation": false
            },
            {
              "effect": "instant_health",
              "amplifier" : 10,
              "duration": 30,
              "visible" : false,
              "display_on_screen_animation": false
            },
            {
              "effect": "health_boost",
              "amplifier" : 50,
              "duration": 10000,
              "visible" : false,
              "display_on_screen_animation": false
            } 
          ],
          "remove_effects": ["speed","night_vision","slow_falling" ]
        },
      "minecraft:attack": {
        "damage": 15
      },
      "minecraft:collision_box": {
        "width": 1.5,
        "height": 4.5
      },
      "minecraft:scale": {
        "value": 0.75
      }
      },
      "boxy_sneak": {
      "minecraft:spell_effects": {
          "add_effects": [
            {
              "effect": "speed",
              "amplifier" : 3,
              "duration": 10000,
              "visible" : false,
              "display_on_screen_animation": false
            }
          ]
        },
        "minecraft:movement": {
        "value": 0.1
      },
      "minecraft:damage_sensor": {
        "triggers": {
          "cause": "fall",
          "deals_damage": false
        }
      },
      "minecraft:attack": {
        "damage": 15
      },
      "minecraft:collision_box": {
        "width": 1.5,
        "height": 3.0
      },
      "minecraft:scale": {
        "value": 0.75
      }
      },
      "huggy": {
      "minecraft:type_family": {
        "family": [ "playtime" ]
      },
      "minecraft:damage_sensor": {
        "triggers": {
          "cause": "fall",
          "deals_damage": false
        }
      },
        "minecraft:movement": {
        "value": 0.1
      },
      "minecraft:spell_effects": {
          "add_effects": [
            {
              "effect": "instant_health",
              "amplifier" : 10,
              "duration": 30,
              "visible" : false,
              "display_on_screen_animation": false
            },
            {
              "effect": "health_boost",
              "amplifier" : 50,
              "duration": 10000,
              "visible" : false,
              "display_on_screen_animation": false
            } 
          ],
          "remove_effects": ["jump_boost","slowness","speed","night_vision","slow_falling"] 
        },
      "minecraft:attack": {
        "damage": 15
      },
      "minecraft:collision_box": {
        "width": 0.8,
        "height": 4.5
      },
      "minecraft:scale": {
        "value": 1.1
      }
      },
      "huggy_sneak": {
      "minecraft:spell_effects": {
          "add_effects": [
            {
              "effect": "speed",
              "amplifier" : 10,
              "duration": 10000,
              "visible" : false,
              "display_on_screen_animation": false
            }
          ]
        },
        "minecraft:movement": {
        "value": 0.1
      },
      "minecraft:damage_sensor": {
        "triggers": {
          "cause": "fall",
          "deals_damage": false
        }
      },
      "minecraft:attack": {
        "damage": 15
      },
      "minecraft:collision_box": {
        "width": 0.8,
        "height": 1.8
      },
      "minecraft:scale": {
        "value": 1.1
      }
      },
      "huggy_sprint": {
      "minecraft:spell_effects": {
          "add_effects": [
            {
              "effect": "speed",
              "amplifier" : 2,
              "duration": 10000,
              "visible" : false,
              "display_on_screen_animation": false
            }
          ]
        },
        "minecraft:movement": {
        "value": 0.1
      },
      "minecraft:collision_box": {
        "width": 0.8,
        "height": 1.8
      },
      "minecraft:scale": {
        "value": 1.1
      } 
     },
     "longlegs": {
      "minecraft:type_family": {
        "family": [ "playtime" ]
      },
      "minecraft:damage_sensor": {
        "triggers": {
          "cause": "fall",
          "deals_damage": false
        }
      },
        "minecraft:movement": {
        "value": 0.1
      },
      "minecraft:spell_effects": {
          "add_effects": [
            {
              "effect": "night_vision",
              "amplifier" : 1,
              "duration": 10000,
              "visible" : false,
              "display_on_screen_animation": false
            },
            {
              "effect": "slow_falling",
              "amplifier" : 2,
              "duration": 10000,
              "visible" : false,
              "display_on_screen_animation": false
            },
            {
              "effect": "instant_health",
              "amplifier" : 10,
              "duration": 30,
              "visible" : false,
              "display_on_screen_animation": false
            },
            {
              "effect": "health_boost",
              "amplifier" : 50,
              "duration": 10000,
              "visible" : false,
              "display_on_screen_animation": false
            } 
          ],
          "remove_effects": ["jump_boost","slowness","speed"] 
        },
      "minecraft:attack": {
        "damage": 15
      },
      "minecraft:collision_box": {
        "width": 0.8,
        "height": 1.8
      },
      "minecraft:scale": {
        "value": 1.1
      }
      },
      "longlegs_sneak": {
      "minecraft:spell_effects": {
      "add_effects": [
            {
              "effect": "speed",
              "amplifier" : 4,
              "duration": 10000,
              "visible" : false,
              "display_on_screen_animation": false
            }
          ]
        },
        "minecraft:movement": {
        "value": 0.1
      },
      "minecraft:damage_sensor": {
        "triggers": {
          "cause": "fall",
          "deals_damage": false
        }
      },
      "minecraft:attack": {
        "damage": 15
      },
      "minecraft:collision_box": {
        "width": 0.8,
        "height": 1.8
      },
      "minecraft:scale": {
        "value": 1.1
      }
      },
      "minecraft:clear_bad_omen_spell_effect": {
        "minecraft:spell_effects": {
        }
      },
      "minecraft:raid_trigger": {
        "minecraft:raid_trigger": {
          "triggered_event": {
            "event": "minecraft:remove_raid_trigger",
            "target": "self"
          }
        },
        "minecraft:spell_effects": {
          "remove_effects": "bad_omen"
        }
      }
    },
    "components": {
      "minecraft:experience_reward": {
        "on_death": "Math.Min(query.player_level * 7, 100)"
      },
      "minecraft:type_family": {
        "family": [ "player" ]
      },
      "minecraft:is_hidden_when_invisible": {
      },
      "minecraft:loot": {
        "table": "loot_tables/empty.json"
      },
      "minecraft:collision_box": {
        "width": 0.6,
        "height": 1.8
      },
      "minecraft:can_climb": {
      },
      "minecraft:movement": {
        "value": 0.1
      },
      "minecraft:hurt_on_condition": {
        "damage_conditions": [
          {
            "filters": { "test": "in_lava", "subject": "self", "operator": "==", "value": true },
            "cause": "lava",
            "damage_per_tick": 4
          }
        ]
      },
      "minecraft:attack": {
        "damage": 1
      },
      "minecraft:player.saturation": {
        "value": 20
      },
      "minecraft:player.exhaustion": {
        "value": 0,
        "max": 4
      },
      "minecraft:player.level": {
        "value": 0,
        "max": 24791
      },
      "minecraft:player.experience": {
        "value": 0,
        "max": 1
      },
      "minecraft:breathable": {
        "total_supply": 15,
        "suffocate_time": -1,
        "inhale_time": 3.75,
        "generates_bubbles": false
      },
      "minecraft:nameable": {
        "always_show": true,
        "allow_name_tag_renaming": false
      },
      "minecraft:physics": {
      },
      "minecraft:pushable": {
        "is_pushable": false,
        "is_pushable_by_piston": true
      },
      "minecraft:insomnia": {
        "days_until_insomnia": 3
      },
      "minecraft:rideable": {
        "seat_count": 2,
        "family_types": [
          "parrot_tame"
        ],
        "pull_in_entities": true,
        "seats": [
          {
            "position": [ 0.4, -0.2, -0.1 ],
            "min_rider_count": 0,
            "max_rider_count": 0,
            "lock_rider_rotation": 0
          },
          {
            "position": [ -0.4, -0.2, -0.1 ],
            "min_rider_count": 1,
            "max_rider_count": 2,
            "lock_rider_rotation": 0
          }
        ]
      },
      "minecraft:scaffolding_climber": {},
      "minecraft:environment_sensor": {
        "triggers": {
          "filters": {
            "all_of": [
              {
                "test": "has_mob_effect",
                "subject": "self",
                "value": "bad_omen"
              },
              {
                "test": "is_in_village",
                "subject": "self",
                "value": true
              }
            ]
          },
          "event": "minecraft:trigger_raid"
        },
        "triggers": {
          "filters": {
            "all_of": [
            {
              "test": "has_equipment",
              "subject": "self",
              "domain": "head",
              "operator": "!=",
              "value": "ic:boxy_morph"
            },
            {
              "test": "has_equipment",
              "subject": "self",
              "domain": "head",
              "operator": "!=",
              "value": "ic:huggy_morph"
            } ,
            {
              "test": "has_equipment",
              "subject": "self",
              "domain": "head",
              "operator": "!=",
              "value": "ic:longlegs_morph"
            }
          ]
        },
          "event": "reset"
        }
      }
    },
    "events": {
      "minecraft:gain_bad_omen": {
        "add": {
          "component_groups": [
            "minecraft:add_bad_omen"
          ]
        }
      },
      "ic:boxy_default": {
        "add": {
          "component_groups": [
            "boxy_boo"
          ]
        },
        "remove": {
          "component_groups": [
            "boxy_sneak","huggy","huggy_sneak","huggy_sprint","longlegs","longlegs_sneak"
          ]
        } 
      },
      "ic:boxy_sneak": {
        "add": {
          "component_groups": [
            "boxy_sneak"
          ]
        },
        "remove": {
          "component_groups": [
            "boxy_boo"
          ]
        } 
      },
      "ic:huggy_default": {
        "add": {
          "component_groups": [
            "huggy"
          ]
        },
        "remove": {
          "component_groups": [
            "huggy_sneak","huggy_sprint", "boxy_boo", "boxy_sneak","longlegs","longlegs_sneak" 
          ]
        } 
      },
      "ic:huggy_sneak": {
        "add": {
          "component_groups": [
            "huggy_sneak"
          ]
        },
        "remove": {
          "component_groups": [
            "huggy","huggy_sprint" 
          ]
        } 
      },
      "ic:huggy_sprint": {
        "add": {
          "component_groups": [
            "huggy_sprint"
          ]
        },
        "remove": {
          "component_groups": [
            "huggy","huggy_sneak"
          ]
        } 
      },
      "ic:longlegs_default": {
        "add": {
          "component_groups": [
            "longlegs"
          ]
        },
        "remove": {
          "component_groups": [
            "huggy_sneak","huggy_sprint", "boxy_boo", "boxy_sneak","huggy","longlegs_sneak"
          ]
        } 
      },
      "ic:longlegs_sneak": {
        "add": {
          "component_groups": [
            "longlegs_sneak"
          ]
        },
        "remove": {
          "component_groups": [
            "longlegs" 
          ]
        } 
      },
      "reset": {
        "remove": {
          "component_groups": [
            "boxy_boo","boxy_sneak","huggy","huggy_sneak","huggy_sprint","longlegs","longlegs_sneak"
          ]
        },
        "add": {
          "component_groups": [
            "reset"
          ]
        } 
      },
      "minecraft:clear_add_bad_omen": {
        "remove": {
          "component_groups": [
            "minecraft:add_bad_omen"
          ]
        },
        "add": {
          "component_groups": [
            "minecraft:clear_bad_omen_spell_effect"
          ]
        }
      },
      "minecraft:trigger_raid": {
        "add": {
          "component_groups": [ "minecraft:raid_trigger" ]
        }
      },
      "minecraft:remove_raid_trigger": {
        "remove": {
          "component_groups": [ "minecraft:raid_trigger" ]
        }
      }
    }
  }
}




