{
  "format_version": "1.10.0",
  "minecraft:client_entity": {
    "description": {
      "identifier": "ic:door_pull",
      "textures": {
        "default": "textures/entity/doors/ic_small_door_both"
      },
      "animations": {
        "door_anim": "animation.door_pull.interact"
      },
      "scripts": {
        "animate": [
            "door_anim"
        ]
      }, 
      "materials": {
        "default": "entity_emissive_alpha"
      },
      "spawn_egg": {
        "texture": "ic:door_pull",
        "texture_index": 0
      },
      "render_controllers": [
        "controller.render.default"
      ],
      "geometry": {
        "default": "geometry.ic_door_pull"
      }
    }
  }
}