{
  "format_version": "1.10.0",
  "minecraft:client_entity": {
    "description": {
      "identifier": "ic:gate",
      "textures": {
        "default": "textures/entity/doors/ic_gate"
      },
      "animations": {
        "door_anim": "animation.gate.close"
      },
      "scripts": {
        "animate": [
            "door_anim"
        ]
      }, 
      "materials": {
        "default": "entity_alphatest"
      },
      "spawn_egg": {
        "texture": "ic:gate",
        "texture_index": 0
      },
      "render_controllers": [
        "controller.render.default"
      ],
      "geometry": {
        "default": "geometry.ic_gate"
      }
    }
  }
}