{
  "format_version": "1.10.0",
  "minecraft:client_entity": {
    "description": {
      "identifier": "ic:small_door_red_open",
      "textures": {
        "default": "textures/entity/doors/ic_small_door_red"
      },
      "animations": {
        "door_anim": "animation.small_door_open"
      },
      "scripts": {
        "animate": [
            "door_anim"
        ]
      }, 
      "materials": {
        "default": "entity_alphatest"
      },
      "render_controllers": [
        "controller.render.default"
      ],
      "geometry": {
        "default": "geometry.small_door"
      }
    }
  }
}