{
  "format_version": "1.8.0",
  "minecraft:client_entity": {
    "description": {
      "identifier": "ic:small_door_empty",
      "textures": {
        "default": "textures/entity/doors/small_door_blue"
      },
      "spawn_egg": {
        "texture": "ic:door_pull",
        "texture_index": 0
      },
      "materials": {
        "default": "entity_alphatest"
      },
      "render_controllers": [
        "controller.render.default"
      ],
      "geometry": {
        "default": "geometry.small_door_empty"
      }
    }
  }
}