{
  "format_version": "1.10.0",
  "minecraft:client_entity": {
    "description": {
      "identifier": "ic:boxy_offset",
      "materials": {
        "default": "entity_alphatest"
      },
      "textures": {
        "default": "textures/entity/pamobile/placeholder"
      },
      "geometry": {
        "default": "geometry.placeholder"
      },
      "animations": {
        "move": "geometry.ic_web_projectile"
      },
      "scripts": {
        "animate": [
          "move"
        ]
      },
      "render_controllers": [
        "controller.render.default"
      ]
    }
  }
}