{
  "format_version": "1.16.100",
  "minecraft:item": {
    "description": {
      "identifier": "ic:door_fixer", 
      "category": "Equipment" 
    },
    "components": {
      "minecraft:display_name": {
        "value": "§l§bICEy's §rEntity Remover"
      },
      "minecraft:enchantable": {
			"slot": "flintsteel",
			"value": 45
		},
		"minecraft:durability": {
			"max_durability": 270,
			"damage_chance": {
				"min": 5,
				"max": 10
			}
		},
		"minecraft:creative_category": {
        "parent": "itemGroup.name.tools"
      },
		"minecraft:on_use": {
			"on_use": {
				"event":"position"
			}		
		},
      "minecraft:stacked_by_data": false,
      "minecraft:cooldown": {
        "category": "fix",
        "duration": 0.1
      },
      "minecraft:allow_off_hand": true,
      "minecraft:hand_equipped": false,
      "minecraft:use_duration": 17,
      "minecraft:max_stack_size": 1, 
      "minecraft:icon": {
        "texture": "ic:door_fixer"
      }
     }, 
     "events": {
		"position": {
			"sequence": [
				{
					"shoot": {
						"projectile": "snowball",
						"launch_power": 1.2
					}
				},
				{
					"damage": {
						"type": "none",
						"amount": 1,
						"target": "self"
					}, 
					"run_command": {
							"command": [
								"kill @e[r=2,rm=1]"
							]
						}
				}
			]
		}
	} 
  }
}