{
  "format_version": "1.16.100",
  "minecraft:item": {
    "description": {
      "identifier": "ic:grabpack_retractbr", 
      "category": "commands" 
    },
    "components": {
      "minecraft:display_name": {
        "value": "Retract Grabpack §1(Blue §f+ §4Red)"
      },
      "minecraft:enchantable": {
			"slot": "flintsteel",
			"value": 45
		},
		"minecraft:durability": {
			"max_durability": 270,
			"damage_chance": {
				"min": 5,
				"max": 10
			}
		},
		"minecraft:on_use": {
			"on_use": {
				"event":"equip"
			}		
		},
      "minecraft:stacked_by_data": true,
      "minecraft:cooldown": {
        "category": "retract",
        "duration": 5.0
      },
      "minecraft:allow_off_hand": false,
      "minecraft:hand_equipped": false,
      "minecraft:use_duration": 17,
      "minecraft:max_stack_size": 1, 
      "minecraft:icon": {
        "texture": "ic:grabpackbluered"
      }
     }, 
     "events": {
		"equip": {
			"sequence": [
				{
					"damage": {
						"type": "none",
						"amount": 1,
						"target": "self"
					}, 
					"run_command": {
							"command": [
								"clear @s ic:grabpack_br",
                                 "clear @s ic:grabpack_red",
                                 "clear @s ic:grabpack_retractbr",
                                 "replaceitem entity @s slot.hotbar 0 ic:grabpack_bluered"
							]
						}
				}
			]
		}
	} 
  }
}