{
  "format_version": "1.13.0",
  "minecraft:entity": {
    "description": {
      "identifier": "ic:door_pull",
      "is_spawnable": true,
      "is_summonable": true,
      "is_experimental": false, 
      "scripts": {
				"animate": [
		"position",
		"interact"
		]
			},
			"animations": {
				"position": "animation.position",
				"interact": "animation.door_pull.interact" 
			} 
    },
"component_groups": {
"cooldown": {
                "minecraft:entity_sensor": {
          "sensor_range":2,
          "relative_range": true,
          "require_all": false,
          "event_filters": { 
			"any_of": [
				{"test": "is_family", "subject": "other", "value": "grab" }
			]
		  },
          "event": "interact"
        }
			},
"interact": {
                "minecraft:transformation": {
                    "into": "ic:door_pull"
                }
			}
					},
    "components": {
      "minecraft:type_family": {
        "family": [ "inanimate", "playtime" ]
      },
      "minecraft:damage_sensor": {
        "triggers": {
          "cause": "all",
          "deals_damage": false
        }
      },
      "minecraft:knockback_resistance": {
        "value": 1.0,
        "max": 1.0
      },
      "minecraft:collision_box": {
        "width": 0.9,
        "height": 3.0
      },
      "minecraft:health": {
        "value": 100,
        "max": 100
      },
      "minecraft:loot": {
        "table": "loot_tables/entities/boat.json"
      },
      "minecraft:is_stackable": {
      },
      "minecraft:physics": {
      "has_gravity" : false,
      "has_collision" : false 
      },
      "minecraft:pushable": {
        "is_pushable": false,
        "is_pushable_by_piston": false
      }, 
      "minecraft:on_hurt_by_player": {
        "event": "fall",
        "target": "self"
      },
      "minecraft:timer": {
				"looping": false,
				"randomInterval": false,
				"time": 25,
				"time_down_event": {
					"event": "ic:cooldown_door"
				}
			},
      "minecraft:on_hurt": {
        "event": "fall",
        "target": "self"
      }
    }, 
        "events": { 
        "ic:cooldown_door": {
				"add": {
					"component_groups": ["cooldown"]
				}
			},
        "interact": {
        "add": {
          "component_groups": ["interact"] 
        }
      }
    } 
  }
}