{
  "format_version": "1.13.0",
  "minecraft:entity": {
    "description": {
      "identifier": "ic:green_receiver_on",
      "is_spawnable": false,
      "is_summonable": true,
      "is_experimental": false, 
      "scripts": {
				"animate": [
		  "out",
		"position"
		]
			},
			"animations": {
				"out": "animation.out",
				"position" : "animation.position"
			} 
    },
    "component_groups": {
    "out": {
                "minecraft:transformation": {
                    "into": "ic:green_receiver_out"
                }
			}, 
			"expire": {
                "minecraft:transformation": {
                    "into": "ic:green_receiver"
                }
			} 
		}, 
    "components": {
      "minecraft:type_family": {
        "family": [ "inanimate","playtime","on"]
      },
      "minecraft:damage_sensor": {
      "damage_conditions": [

          {

            "filters": { "test": "in_lava", "subject": "self", "operator": "==", "value": true },

            "cause": "lava",

            "damage_per_tick": 4

          }

        ], 
        "triggers": {
          "cause": "all",
          "deals_damage": false
        }
      },
      "minecraft:timer": {
			  "looping": false,
			  "time": 10,
			  "randomInterval": false,
			  "time_down_event": {
				"event": "expire"
			  }
			},
      "minecraft:knockback_resistance": {
        "value": 1.0,
        "max": 1.0
      },
      "minecraft:collision_box": {
        "width": 0.5,
        "height": 0.5
      },
      "minecraft:health": {
        "value": 10,
        "max": 10
      },
      "minecraft:loot": {
        "table": "loot_tables/entities/boat.json"
      },
      "minecraft:physics": {
      "has_gravity" : false,
      "has_collision" : false 
      },
      "minecraft:pushable": {
        "is_pushable": false,
        "is_pushable_by_piston": false
      }, 
      "minecraft:entity_sensor": {
          "sensor_range":0.5,
          "relative_range": false,
          "require_all": false,
          "event_filters": { 
			"all_of": [
				{"test": "is_family", "subject": "other", "value": "green" }
			]
		  },
          "event": "out"
        } 
    }, 
    "events": { 
    "minecraft:entity_transformed": {
				"add": {
					"component_groups": ["test"]
				}
			},
        "out": {
        "add": {
          "component_groups": ["out"] 
        }
      }, 
      "expire": {
        "add": {
          "component_groups": ["expire"] 
        }
      }
    }  
  }
}