{
  "format_version": "1.13.0",
  "minecraft:entity": {
    "description": {
      "identifier": "ic:green_generator_down",
      "is_spawnable": false,
      "is_summonable": true,
      "is_experimental": false, 
      "scripts": {
				"animate": [
		  "transfer",
		"position"
		]
			},
			"animations": {
				"transfer": "animation.transfer",
				"position" : "animation.position"
			} 
    },
    "component_groups": {
    "recharge": {
                "minecraft:transformation": {
                    "into": "ic:green_generator"
                }
			}
		}, 
    "components": {
      "minecraft:type_family": {
        "family": [ "inanimate","playtime"]
      },
      "minecraft:damage_sensor": {
      "damage_conditions": [

          {

            "filters": { "test": "in_lava", "subject": "self", "operator": "==", "value": true },

            "cause": "lava",

            "damage_per_tick": 4

          }

        ], 
        "triggers": {
          "cause": "all",
          "deals_damage": false
        }
      },
      "minecraft:timer": {
			  "looping": false,
			  "time": 10,
			  "randomInterval": false,
			  "time_down_event": {
				"event": "recharge"
			  }
			},
      "minecraft:knockback_resistance": {
        "value": 1.0,
        "max": 1.0
      },
      "minecraft:collision_box": {
        "width": 0.5,
        "height": 0.5
      },
      "minecraft:health": {
        "value": 10,
        "max": 10
      },
      "minecraft:loot": {
        "table": "loot_tables/entities/boat.json"
      },
      "minecraft:physics": {
      "has_gravity" : false,
      "has_collision" : false 
      },
      "minecraft:pushable": {
        "is_pushable": false,
        "is_pushable_by_piston": false
      }
    }, 
    "events": { 
    "minecraft:entity_transformed": {
				"add": {
					"component_groups": ["test"]
				}
			},
        "recharge": {
        "add": {
          "component_groups": ["recharge"] 
        }
      }
    }  
  }
}