{
  "format_version": "1.13.0",
  "minecraft:entity": {
    "description": {
      "identifier": "ic:vent_door2",
      "is_spawnable": false,
      "is_summonable": true,
      "is_experimental": false, 
      "scripts": {
				"animate": [
		  "vent_open",
		"position"
		]
			},
			"animations": {
				"vent_open": "animation.ventopen",
				"position" : "animation.position"
			} 
    },
    "component_groups": {
    "close": {
                "minecraft:transformation": {
                    "into": "ic:vent_door"
                }
			}
		}, 
    "components": {
      "minecraft:type_family": {
        "family": [ "inanimate","playtime"]
      },
      "minecraft:damage_sensor": {
        "triggers": {
          "cause": "all",
          "deals_damage": false
        }
      },
      "minecraft:knockback_resistance": {
        "value": 1.0,
        "max": 1.0
      },
      "minecraft:collision_box": {
        "width": 0.2,
        "height": 0.8
      },
      "minecraft:health": {
        "value": 100,
        "max": 100
      },
      "minecraft:loot": {
        "table": "loot_tables/entities/boat.json"
      },
      "minecraft:physics": {
      "has_gravity" : false,
      "has_collision" : false 
      },
      "minecraft:pushable": {
        "is_pushable": false,
        "is_pushable_by_piston": false
      }, 
      "minecraft:entity_sensor": {
          "sensor_range":2,
          "relative_range": false,
          "require_all": true,
          "event_filters": { 
			"none_of": [
                { "test": "is_family", "subject": "other", "value": "on" } 
			]
		  },
          "event": "close"
        }
    }, 
    "events": { 
    "minecraft:entity_transformed": {
				"add": {
					"component_groups": ["test"]
				}
			},
        "close": {
        "add": {
          "component_groups": ["close"] 
        }
      }
    }  
  }
}