{
	"format_version": "1.8.0",
	"animations": {
	  "animation.door_pull.interact": {
		"animation_length": 13.0,
		"anim_time_update": "query.anim_time + query.delta_time * 0.8",
		"timeline" :{
		"0.25" : "/execute @s ~ ~ ~ fill ^-1 ^ ^ ^1 ^ ^ barrier",
		"0.7" : "/execute @s ~ ~ ~ fill ^-1 ^1 ^ ^1 ^1 ^ barrier",
		"1.0" : "/execute @s ~ ~ ~ fill ^-1 ^2 ^ ^1 ^2 ^ barrier",
		"11.0" : "/execute @s ~ ~ ~ fill ^-1 ^ ^ ^1 ^ ^ air",
		"12.0" : "/execute @s ~ ~ ~ fill ^-1 ^1 ^ ^1 ^1 ^ air",
		"12.5" : "/execute @s ~ ~ ~ fill ^-1 ^2 ^ ^1 ^2 ^ air"
		}
	  }
  }
}