{
	"format_version": "1.8.0",
	"animations": {
	  "animation.dooropen": {
		"animation_length": 30.0,
		"timeline" :{
		"0.0" : "/playsound door.scan.all @a[r=25] ~ ~ ~", 
		"4.5" : "/playsound door.scan.all @a[r=25] ~ ~ ~", 
		"10.0" : "/execute @s ~ ~ ~ fill ^-1 ^ ^ ^1 ^ ^ air",
		"11.0" : "/execute @s ~ ~ ~ fill ^-1 ^1 ^ ^1 ^1 ^ air",
		"11.45" : "/execute @s ~ ~ ~ fill ^-1 ^2 ^ ^1 ^2 ^ air",
		"29.0" : "/execute @s ~ ~ ~ fill ^-1 ^2 ^ ^1 ^2 ^ barrier",
		"29.35" : "/execute @s ~ ~ ~ fill ^-1 ^1 ^ ^1 ^1 ^ barrier",
		"29.7" : "/execute @s ~ ~ ~ fill ^-1 ^ ^ ^1 ^ ^ barrier"
		}
	  }
  }
}