{
	"format_version": "1.8.0",
	"animations": {
	  "animation.position": {
	"loop": false,
		"animation_length": 2.0,
		"anim_time_update": "query.anim_time + query.delta_time * 0.7",
		"timeline" :{
		"0.05" : "/execute @s[rym=45,ry=135,r=2] ~ ~ ~ tp ^ ^ ^ facing ~-90 ~ ~",
		"0.1" : "/execute @s[rym=135,ry=-135,r=2] ~ ~ ~ tp ^ ^ ^ facing ~ ~ ~-90",
		"0.15" : "/execute @s[rym=-135,ry=-45,r=2] ~ ~ ~ tp ^ ^ ^ facing ~90 ~ ~",
		"0.2" : "/execute @s[rym=-45,ry=45,r=2] ~ ~ ~ tp ^ ^ ^ facing ~ ~ ~90"
		}
	  }
  }
}