{
	"format_version": "1.12.0",
	"minecraft:geometry": [
		{
			"description": {
				"identifier": "geometry.ic_bunzo_hanged",
				"texture_width": 64,
				"texture_height": 64,
				"visible_bounds_width": 5,
				"visible_bounds_height": 4,
				"visible_bounds_offset": [0, 2, 0]
			},
			"bones": [
				{
					"name": "root",
					"pivot": [0, 19, -14],
					"rotation": [90, 0, 0]
				},
				{
					"name": "body",
					"parent": "root",
					"pivot": [0, 19, -14],
					"cubes": [
						{"origin": [-4, 5, -17], "size": [8, 10, 6], "uv": [0, 30]},
						{"origin": [-4.5, 5, -17.5], "size": [9, 6, 7], "uv": [25, 23]}
					]
				},
				{
					"name": "head",
					"parent": "body",
					"pivot": [0, 16, -14],
					"cubes": [
						{"origin": [-4, 17, -18], "size": [8, 8, 8], "uv": [0, 14]},
						{"origin": [-4.5, 16, -18.5], "size": [9, 5, 9], "uv": [0, 0]},
						{"origin": [-2, 25, -16], "size": [4, 3, 4], "uv": [36, 11]},
						{"origin": [-1.5, 28, -15.5], "size": [3, 3, 3], "uv": [24, 46]},
						{"origin": [-1, 15, -15], "size": [2, 1, 2], "uv": [0, 0]}
					]
				},
				{
					"name": "ear",
					"parent": "head",
					"pivot": [3, 23, -12],
					"rotation": [17.49593, -59.18043, -27.99263],
					"cubes": [
						{"origin": [4.09972, 14.67682, -14], "size": [2, 10, 4], "uv": [12, 46]}
					]
				},
				{
					"name": "ear2",
					"parent": "ear",
					"pivot": [-7.90028, -16.32318, -12],
					"rotation": [0, 0, 12.5],
					"cubes": [
						{"origin": [-2.90028, 7.67682, -14], "size": [2, 10, 4], "uv": [0, 46]}
					]
				},
				{
					"name": "ear3",
					"parent": "head",
					"pivot": [-2, 23, -12],
					"rotation": [10.8216, 34.87706, 19.08318],
					"cubes": [
						{"origin": [-5.74714, 14.88322, -14], "size": [2, 10, 4], "uv": [12, 46]}
					]
				},
				{
					"name": "ear4",
					"parent": "ear3",
					"pivot": [-3.74714, -19.11678, -12],
					"rotation": [0, 0, -12.5],
					"cubes": [
						{"origin": [1.25286, 4.88322, -14], "size": [2, 10, 4], "uv": [0, 46]}
					]
				},
				{
					"name": "rightArm",
					"parent": "body",
					"pivot": [-4.54009, 14.57725, -14.5],
					"rotation": [7.5, 0, 12.5],
					"cubes": [
						{"origin": [-4.89077, 8.17342, -16.3823], "size": [2, 7, 3], "uv": [28, 36]}
					]
				},
				{
					"name": "rightArm2",
					"parent": "rightArm",
					"pivot": [-3.89077, 7.67342, -14.8823],
					"rotation": [-106.22043, 21.38282, -14.72134],
					"cubes": [
						{"origin": [-4.89077, 1.17342, -16.3823], "size": [2, 7, 3], "uv": [28, 36]}
					]
				},
				{
					"name": "rightArm7",
					"parent": "rightArm2",
					"pivot": [2.10923, -9.82658, -14.3823],
					"rotation": [0, 0, -12.5],
					"cubes": [
						{"origin": [-2.39077, -0.82658, -16.8823], "size": [2, 4, 4], "uv": [48, 52]},
						{"origin": [-0.35068, -3.82658, -19.8823], "size": [0, 10, 10], "uv": [50, 10]}
					]
				},
				{
					"name": "leftArm",
					"parent": "body",
					"pivot": [4.97724, 14.54314, -14.5],
					"rotation": [15, 0, -2.5],
					"mirror": true,
					"cubes": [
						{"origin": [3.84638, 8.14812, -16.77572], "size": [2, 7, 3], "uv": [38, 36], "mirror": false}
					]
				},
				{
					"name": "leftArm2",
					"parent": "leftArm",
					"pivot": [4.84638, 7.64812, -15.27572],
					"rotation": [-111.88023, -23.39896, 9.06159],
					"mirror": true,
					"cubes": [
						{"origin": [3.84638, 1.14812, -16.77572], "size": [2, 7, 3], "uv": [38, 36], "mirror": false}
					]
				},
				{
					"name": "leftArm7",
					"parent": "leftArm2",
					"pivot": [2.84638, -3.85188, -14.77572],
					"rotation": [0, 0, 12.5],
					"mirror": true,
					"cubes": [
						{"origin": [2.84638, -1.85188, -17.27572], "size": [2, 4, 4], "uv": [36, 52], "mirror": false},
						{"origin": [2.82905, -4.81777, -20.27572], "size": [0, 10, 10], "uv": [50, 10], "mirror": false}
					]
				},
				{
					"name": "rightLeg",
					"pivot": [-2.9, 20, 0],
					"rotation": [85, 0, 0],
					"cubes": [
						{"origin": [-4.4, 18, -2.5], "size": [4, 4, 4], "uv": [24, 14]},
						{"origin": [-3.9, 15, -2], "size": [3, 3, 3], "uv": [36, 46]}
					]
				},
				{
					"name": "rightLeg2",
					"parent": "rightLeg",
					"pivot": [-2.9, 15, 0],
					"rotation": [17.5, 0, 0],
					"cubes": [
						{"origin": [-3.9, 10, -2], "size": [3, 5, 3], "uv": [24, 52]}
					]
				},
				{
					"name": "rightLeg3",
					"parent": "rightLeg2",
					"pivot": [-1.9, -3, 0],
					"cubes": [
						{"origin": [-4.4, 7, -4], "size": [4, 3, 6], "uv": [27, 0]}
					]
				},
				{
					"name": "leftLeg",
					"pivot": [2.9, 20, 0],
					"rotation": [85, 0, 0],
					"mirror": true,
					"cubes": [
						{"origin": [0.4, 18, -2.5], "size": [4, 4, 4], "uv": [24, 14], "mirror": false},
						{"origin": [0.9, 15, -2], "size": [3, 3, 3], "uv": [36, 46], "mirror": false}
					]
				},
				{
					"name": "leftLeg2",
					"parent": "leftLeg",
					"pivot": [1.9, 15, 0],
					"rotation": [17.5, 0, 0],
					"mirror": true,
					"cubes": [
						{"origin": [0.9, 10, -2], "size": [3, 5, 3], "uv": [24, 52], "mirror": false}
					]
				},
				{
					"name": "leftleg3",
					"parent": "leftLeg2",
					"pivot": [1.9, -3, 0],
					"mirror": true,
					"cubes": [
						{"origin": [0.4, 7, -4], "size": [4, 3, 6], "uv": [27, 0], "mirror": false}
					]
				}
			]
		}
	]
}