{
	"format_version": "1.12.0",
	"minecraft:geometry": [
		{
			"description": {
				"identifier": "geometry.ic_boxy",
				"texture_width": 128,
				"texture_height": 128,
				"visible_bounds_width": 8,
				"visible_bounds_height": 6.5,
				"visible_bounds_offset": [0, 2.75, 0]
			},
			"bones": [
				{
					"name": "root",
					"pivot": [0, 0, 0]
				},
				{
					"name": "waist",
					"parent": "root",
					"pivot": [0, 30, 0],
					"cubes": [
						{"origin": [-12, 30, -12], "size": [24, 24, 24], "uv": [0, 0]}
					]
				},
				{
					"name": "left_hole2",
					"parent": "waist",
					"pivot": [12.1, 48, -1],
					"rotation": [0, 0, -125],
					"cubes": [
						{"origin": [12.1, 44, -8], "size": [0, 4, 14], "uv": [100, 25]}
					]
				},
				{
					"name": "left_hole",
					"parent": "waist",
					"pivot": [12, 39, 0],
					"rotation": [0, 0, 147.5],
					"cubes": [
						{"origin": [12.1, 39, -8], "size": [0, 5, 14], "uv": [100, 29]}
					]
				},
				{
					"name": "left_bottom",
					"parent": "waist",
					"pivot": [2, 29.9, -1],
					"rotation": [0, 0, 80],
					"cubes": [
						{"origin": [2, 29.9, -6], "size": [9, 0, 10], "uv": [62, 62]}
					]
				},
				{
					"name": "right_bottom",
					"parent": "waist",
					"pivot": [-2, 29.9, -1],
					"rotation": [0, 0, -80],
					"cubes": [
						{"origin": [-11, 29.9, -6], "size": [9, 0, 10], "uv": [62, 14]}
					]
				},
				{
					"name": "right_hole2",
					"parent": "waist",
					"pivot": [-12.1, 48, -1],
					"rotation": [0, 0, 125],
					"cubes": [
						{"origin": [-12.1, 44, -8], "size": [0, 4, 14], "uv": [0, 73]}
					]
				},
				{
					"name": "right_hole",
					"parent": "waist",
					"pivot": [-12, 39, 0],
					"rotation": [0, 0, -147.5],
					"cubes": [
						{"origin": [-12.1, 39, -8], "size": [0, 5, 14], "uv": [0, 73]}
					]
				},
				{
					"name": "lid",
					"parent": "waist",
					"pivot": [0, 54, 11],
					"rotation": [-137.5, 0, 0],
					"cubes": [
						{"origin": [-12, 54, -12], "size": [24, 1, 24], "uv": [0, 48]}
					]
				},
				{
					"name": "leftArm",
					"parent": "waist",
					"pivot": [11, 44, -1],
					"cubes": [
						{"origin": [9, 41.5, -3.5], "size": [16, 5, 5], "pivot": [11, 44, -1], "rotation": [0, 0, 47.5], "uv": [72, 48]}
					]
				},
				{
					"name": "leftArm2",
					"parent": "leftArm",
					"pivot": [20, 34, -1],
					"cubes": [
						{"origin": [18, 31.5, -3.5], "size": [16, 5, 5], "pivot": [20, 34, -1], "rotation": [0, 0, 62.5], "uv": [72, 48]}
					]
				},
				{
					"name": "leftArm3",
					"parent": "leftArm2",
					"pivot": [26, 23, -1],
					"rotation": [-90, -67.5, 90],
					"cubes": [
						{
							"origin": [30.78668, 15.38916, -11.8988],
							"size": [4.96, 8.68, 8.68],
							"pivot": [33.26668, 27.26032, -1.1],
							"rotation": [0, -90, 77.5],
							"uv": {
								"north": {"uv": [107, 85], "uv_size": [4, 7]},
								"east": {"uv": [100, 85], "uv_size": [7, 7]},
								"south": {"uv": [118, 85], "uv_size": [4, 7]},
								"west": {"uv": [111, 85], "uv_size": [7, 7]},
								"up": {"uv": [107, 78], "uv_size": [4, 7]},
								"down": {"uv": [111, 85], "uv_size": [4, -7]}
							}
						},
						{"origin": [27.47765, 13.35838, -8.72894], "size": [3.72, 3.72, 3.72], "pivot": [29.48852, 18.50176, -1.25912], "rotation": [0, -90, 120], "uv": [107, 82]},
						{"origin": [32.77191, 15.13741, -13.13959], "size": [0, 3.72, 4.96], "pivot": [29.48852, 18.50176, -1.25912], "rotation": [-100, 0, -150], "uv": [90, 79]},
						{"origin": [38.58149, 12.52177, -8.87121], "size": [0, 3.72, 4.96], "pivot": [32.56532, 15.78757, -1.29187], "rotation": [-97.69263, -6.40865, -177.06869], "uv": [90, 79]},
						{"origin": [43.17124, 14.32329, -6.89457], "size": [0, 3.72, 4.96], "pivot": [36.5649, 15.58276, -1.74169], "rotation": [-95.09914, 6.74125, 166.49714], "uv": [90, 79]},
						{"origin": [37.41846, 14.32328, -2.86628], "size": [0, 3.72, 4.96], "pivot": [36.5649, 15.58276, -1.74169], "rotation": [-98.14015, 2.25781, 129.13698], "uv": [90, 79]},
						{"origin": [34.50668, 15.6037, -12.64859], "size": [3.72, 3.72, 3.72], "pivot": [34.50668, 23.54032, -3.27], "rotation": [0, -90, 77.5], "uv": [107, 82]},
						{"origin": [34.50668, 15.57052, -6.00641], "size": [3.72, 3.72, 3.72], "pivot": [34.50668, 23.54032, -3.27], "rotation": [0, -90, 30], "uv": [107, 82]},
						{"origin": [34.50668, 13.4092, -14.19902], "size": [3.72, 3.72, 3.72], "pivot": [34.50668, 23.54032, -3.27], "rotation": [0, -90, 90], "uv": [107, 82]}
					]
				},
				{
					"name": "rightArm",
					"parent": "waist",
					"pivot": [-11, 44, -1],
					"cubes": [
						{"origin": [-25, 41.5, -3.5], "size": [16, 5, 5], "pivot": [-11, 44, -1], "rotation": [0, 0, -47.5], "uv": [72, 48], "mirror": true}
					]
				},
				{
					"name": "rightArm2",
					"parent": "rightArm",
					"pivot": [-20, 34, -1],
					"cubes": [
						{"origin": [-34, 31.5, -3.5], "size": [16, 5, 5], "pivot": [-20, 34, -1], "rotation": [0, 0, -62.5], "uv": [72, 48], "mirror": true}
					]
				},
				{
					"name": "rightArm3",
					"parent": "rightArm2",
					"pivot": [-26, 23, -1],
					"rotation": [-90, 67.5, -90],
					"cubes": [
						{
							"origin": [-35.74668, 15.38916, -11.8988],
							"size": [4.96, 8.68, 8.68],
							"pivot": [-33.26668, 27.26032, -1.1],
							"rotation": [0, 90, -77.5],
							"uv": {
								"north": {"uv": [111, 85], "uv_size": [-4, 7]},
								"east": {"uv": [118, 85], "uv_size": [-7, 7]},
								"south": {"uv": [122, 85], "uv_size": [-4, 7]},
								"west": {"uv": [107, 85], "uv_size": [-7, 7]},
								"up": {"uv": [111, 78], "uv_size": [-4, 7]},
								"down": {"uv": [115, 85], "uv_size": [-4, -7]}
							}
						},
						{"origin": [-34.81668, 24.37396, -17.12043], "size": [3.72, 3.72, 3.72], "pivot": [-33.26668, 27.26032, -1.1], "rotation": [0, 90, -132.5], "uv": [107, 82], "mirror": true},
						{"origin": [-34.81668, 19.72916, -14.3788], "size": [3.72, 3.72, 3.72], "pivot": [-33.26668, 27.26032, -1.1], "rotation": [0, 90, -77.5], "uv": [107, 82], "mirror": true},
						{"origin": [-34.81668, 16.68891, -6.77028], "size": [3.72, 3.72, 3.72], "pivot": [-33.26668, 27.26032, -1.1], "rotation": [0, 90, -30], "uv": [107, 82], "mirror": true},
						{"origin": [-34.81668, 18.3692, -15.74902], "size": [3.72, 3.72, 3.72], "pivot": [-33.26668, 27.26032, -1.1], "rotation": [0, 90, -90], "uv": [107, 82], "mirror": true},
						{"origin": [-39.47123, 24.2323, -18.26814], "size": [0, 3.72, 4.96], "pivot": [-33.26668, 27.26032, -1.1], "rotation": [-95.09914, -6.74125, -166.49714], "uv": [90, 79], "mirror": true},
						{"origin": [-39.37444, 22.25448, -20.04231], "size": [0, 3.72, 4.96], "pivot": [-33.26668, 27.26032, -1.1], "rotation": [-97.69263, 6.40865, 177.06869], "uv": [90, 79], "mirror": true},
						{"origin": [-34.29304, 22.25448, -21.37355], "size": [0, 3.72, 4.96], "pivot": [-33.26668, 27.26032, -1.1], "rotation": [-100, 0, 137.5], "uv": [90, 79], "mirror": true},
						{"origin": [-41.11591, 24.2323, -12.00152], "size": [0, 3.72, 4.96], "pivot": [-33.26668, 27.26032, -1.1], "rotation": [-98.14015, -2.25781, -129.13698], "uv": [90, 79], "mirror": true}
					]
				},
				{
					"name": "rightItem",
					"parent": "rightArm3",
					"pivot": [-27, 17.5, 1],
					"locators": {
						"lead_hold": [-21, 3, -14]
					}
				},
				{
					"name": "head",
					"parent": "waist",
					"pivot": [0, 52, -1],
					"cubes": [
						{"origin": [-44.24167, 5.27757, -3.5], "size": [13, 5, 5], "pivot": [6.9282, 14.87564, -1], "rotation": [0, -5, 90], "uv": [72, 48]}
					]
				},
				{
					"name": "head2",
					"parent": "head",
					"pivot": [0, 62, -1],
					"cubes": [
						{
							"origin": [-9.8, 60.8, -14.7],
							"size": [19.6, 9.8, 19.6],
							"uv": {
								"north": {"uv": [20, 118], "uv_size": [20, 10]},
								"east": {"uv": [0, 118], "uv_size": [20, 10]},
								"south": {"uv": [60, 118], "uv_size": [20, 10]},
								"west": {"uv": [40, 118], "uv_size": [20, 10]},
								"up": {"uv": [20, 98], "uv_size": [20, 20]},
								"down": {"uv": [40, 118], "uv_size": [20, -20]}
							}
						},
						{
							"origin": [-8.82, 70.6, -13.72],
							"size": [17.64, 2.94, 17.64],
							"uv": {
								"north": {"uv": [47, 94], "uv_size": [18, 3]},
								"east": {"uv": [29, 94], "uv_size": [18, 3]},
								"south": {"uv": [83, 94], "uv_size": [18, 3]},
								"west": {"uv": [65, 94], "uv_size": [18, 3]},
								"up": {"uv": [47, 76], "uv_size": [18, 18]},
								"down": {"uv": [65, 94], "uv_size": [18, -18]}
							}
						}
					]
				},
				{
					"name": "head3",
					"parent": "head2",
					"pivot": [0, 70.5, 5],
					"rotation": [2.5, 0, -180],
					"cubes": [
						{
							"origin": [-9.8, 60.73815, -14.72143],
							"size": [19.6, 9.8, 19.6],
							"uv": {
								"north": {"uv": [20, 118], "uv_size": [20, 10]},
								"east": {"uv": [0, 118], "uv_size": [20, 10]},
								"south": {"uv": [60, 118], "uv_size": [20, 10]},
								"west": {"uv": [40, 118], "uv_size": [20, 10]},
								"up": {"uv": [20, 98], "uv_size": [20, 20]},
								"down": {"uv": [40, 118], "uv_size": [20, -20]}
							}
						},
						{
							"origin": [-8.82, 70.53815, -13.74143],
							"size": [17.64, 2.94, 17.64],
							"uv": {
								"north": {"uv": [47, 94], "uv_size": [18, 3]},
								"east": {"uv": [29, 94], "uv_size": [18, 3]},
								"south": {"uv": [83, 94], "uv_size": [18, 3]},
								"west": {"uv": [65, 94], "uv_size": [18, 3]},
								"up": {"uv": [47, 76], "uv_size": [18, 18]},
								"down": {"uv": [65, 94], "uv_size": [18, -18]}
							}
						},
						{
							"origin": [3.1948, 65.09097, -16.35937],
							"size": [3.9984, 3.9984, 2.6656],
							"uv": {
								"north": {"uv": [16, 9], "uv_size": [3, 3]},
								"east": {"uv": [14, 17], "uv_size": [2, 3]},
								"south": {"uv": [17, 13], "uv_size": [3, 3]},
								"west": {"uv": [12, 11], "uv_size": [2, 3]},
								"up": {"uv": [14, 11], "uv_size": [-3, -2]},
								"down": {"uv": [23, 21], "uv_size": [-3, -2]}
							}
						},
						{
							"origin": [-6.6052, 65.09097, -16.35937],
							"size": [3.9984, 3.9984, 2.6656],
							"uv": {
								"north": {"uv": [16, 9], "uv_size": [3, 3]},
								"east": {"uv": [14, 17], "uv_size": [2, 3]},
								"south": {"uv": [17, 13], "uv_size": [3, 3]},
								"west": {"uv": [12, 11], "uv_size": [2, 3]},
								"up": {"uv": [14, 11], "uv_size": [-3, -2]},
								"down": {"uv": [23, 21], "uv_size": [-3, -2]}
							}
						}
					]
				},
				{
					"name": "eyes",
					"parent": "head3",
					"pivot": [0.7, 69.8, 5],
					"cubes": [
						{"origin": [4.7, 66.6, -16.4], "size": [1, 1, 0], "uv": [0, 0]},
						{"origin": [-5.2, 66.6, -16.4], "size": [1, 1, 0], "uv": [0, 0]}
					]
				},
				{
					"name": "lever",
					"parent": "waist",
					"pivot": [-12, 51, 7],
					"cubes": [
						{"origin": [-24, 50, 6], "size": [12, 2, 2], "uv": [48, 58]},
						{"origin": [-27.75, 54, 6], "size": [6, 2, 2], "uv": [52, 51]},
						{"origin": [-31.75, 53.5, 5.5], "size": [6, 3, 3], "uv": [37, 120]},
						{
							"origin": [-9.8, 46.25, 6.2],
							"size": [4.8, 1.6, 1.6],
							"pivot": [-18.4, 42.4, 5.6],
							"rotation": [0, 0, -90],
							"uv": {
								"north": {"uv": [52, 65], "uv_size": [6, 2]},
								"east": {"uv": [50, 65], "uv_size": [2, 2]},
								"south": {"uv": [60, 65], "uv_size": [6, 2]},
								"west": {"uv": [58, 65], "uv_size": [2, 2]},
								"up": {"uv": [52, 63], "uv_size": [6, 2]},
								"down": {"uv": [58, 65], "uv_size": [6, -2]}
							}
						}
					]
				},
				{
					"name": "leftLeg",
					"parent": "root",
					"pivot": [5.75, 32, -1],
					"cubes": [
						{"origin": [4.75833, 28.27757, -3.5], "size": [18, 5, 5], "pivot": [5.9282, 30.87564, -1], "rotation": [0, 0, 82.5], "uv": [72, 48]}
					]
				},
				{
					"name": "leftLeg2",
					"parent": "leftLeg",
					"pivot": [8, 16, -1],
					"cubes": [
						{"origin": [5.75833, 13.27757, -3.5], "size": [13, 5, 5], "pivot": [6.9282, 14.87564, -1], "rotation": [0, 0, 87.5], "uv": [72, 48]}
					]
				},
				{
					"name": "leftLeg3",
					"parent": "leftLeg2",
					"pivot": [8, 5, -1],
					"cubes": [
						{
							"origin": [19.05428, 13.96349, -8.892],
							"size": [4.7424, 10.6704, 11.856],
							"pivot": [6.21407, 17.63656, -1.1856],
							"rotation": [0, 0, 90],
							"uv": {
								"north": {"uv": [110, 69], "uv_size": [4, 9]},
								"east": {"uv": [100, 69], "uv_size": [10, 9]},
								"south": {"uv": [124, 69], "uv_size": [4, 9]},
								"west": {"uv": [114, 69], "uv_size": [10, 9]},
								"up": {"uv": [110, 59], "uv_size": [4, 10]},
								"down": {"uv": [114, 69], "uv_size": [4, -10]}
							}
						},
						{
							"origin": [0.7626, 2.42517, -11.856],
							"size": [7.1136, 0, 3.5568],
							"pivot": [3.7266, 2.42517, -10.0776],
							"rotation": [48.79243, 75.28572, 136.74415],
							"uv": {
								"north": {"uv": [85, 78], "uv_size": [6, 0]},
								"east": {"uv": [82, 78], "uv_size": [3, 0]},
								"south": {"uv": [94, 78], "uv_size": [6, 0]},
								"west": {"uv": [91, 78], "uv_size": [3, 0]},
								"up": {"uv": [85, 75], "uv_size": [6, 3]},
								"down": {"uv": [91, 78], "uv_size": [6, -3]}
							}
						},
						{
							"origin": [0.7626, 6.27837, -11.856],
							"size": [7.1136, 0, 3.5568],
							"pivot": [3.7266, 2.42517, -10.0776],
							"rotation": [1.89486, 80.29644, 94.00101],
							"uv": {
								"north": {"uv": [85, 78], "uv_size": [6, 0]},
								"east": {"uv": [82, 78], "uv_size": [3, 0]},
								"south": {"uv": [94, 78], "uv_size": [6, 0]},
								"west": {"uv": [91, 78], "uv_size": [3, 0]},
								"up": {"uv": [85, 75], "uv_size": [6, 3]},
								"down": {"uv": [91, 78], "uv_size": [6, -3]}
							}
						},
						{
							"origin": [0.7626, 10.42797, -11.856],
							"size": [7.1136, 0, 3.5568],
							"pivot": [3.7266, 2.42517, -10.0776],
							"rotation": [-44.52275, 76.33312, 46.7331],
							"uv": {
								"north": {"uv": [85, 78], "uv_size": [6, 0]},
								"east": {"uv": [82, 78], "uv_size": [3, 0]},
								"south": {"uv": [94, 78], "uv_size": [6, 0]},
								"west": {"uv": [91, 78], "uv_size": [3, 0]},
								"up": {"uv": [85, 75], "uv_size": [6, 3]},
								"down": {"uv": [91, 78], "uv_size": [6, -3]}
							}
						}
					]
				},
				{
					"name": "rightLeg",
					"parent": "root",
					"pivot": [-5.75, 32, -1],
					"cubes": [
						{"origin": [-22.75833, 28.27757, -3.5], "size": [18, 5, 5], "pivot": [-5.9282, 30.87564, -1], "rotation": [0, 0, -82.5], "uv": [72, 48], "mirror": true}
					]
				},
				{
					"name": "rightLeg2",
					"parent": "rightLeg",
					"pivot": [-8, 16, -1],
					"cubes": [
						{"origin": [-18.75833, 13.27757, -3.5], "size": [13, 5, 5], "pivot": [-6.9282, 14.87564, -1], "rotation": [0, 0, -87.5], "uv": [72, 48], "mirror": true}
					]
				},
				{
					"name": "rightLeg3",
					"parent": "rightLeg2",
					"pivot": [-8, 5, -1],
					"cubes": [
						{
							"origin": [-7.8762, 2.42517, -11.856],
							"size": [7.1136, 0, 3.5568],
							"pivot": [-3.7266, 2.42517, -10.0776],
							"rotation": [48.79243, -75.28572, -136.74415],
							"uv": {
								"north": {"uv": [91, 78], "uv_size": [-6, 0]},
								"east": {"uv": [94, 78], "uv_size": [-3, 0]},
								"south": {"uv": [100, 78], "uv_size": [-6, 0]},
								"west": {"uv": [85, 78], "uv_size": [-3, 0]},
								"up": {"uv": [91, 75], "uv_size": [-6, 3]},
								"down": {"uv": [97, 78], "uv_size": [-6, -3]}
							}
						},
						{
							"origin": [-23.79668, 13.96349, -8.892],
							"size": [4.7424, 10.6704, 11.856],
							"pivot": [-6.21407, 17.63656, -1.1856],
							"rotation": [0, 0, -90],
							"uv": {
								"north": {"uv": [114, 69], "uv_size": [-4, 9]},
								"east": {"uv": [124, 69], "uv_size": [-10, 9]},
								"south": {"uv": [128, 69], "uv_size": [-4, 9]},
								"west": {"uv": [110, 69], "uv_size": [-10, 9]},
								"up": {"uv": [114, 59], "uv_size": [-4, 10]},
								"down": {"uv": [118, 69], "uv_size": [-4, -10]}
							}
						},
						{
							"origin": [-7.8762, 6.27837, -11.856],
							"size": [7.1136, 0, 3.5568],
							"pivot": [-3.7266, 2.42517, -10.0776],
							"rotation": [1.89486, -80.29644, -94.00101],
							"uv": {
								"north": {"uv": [91, 78], "uv_size": [-6, 0]},
								"east": {"uv": [94, 78], "uv_size": [-3, 0]},
								"south": {"uv": [100, 78], "uv_size": [-6, 0]},
								"west": {"uv": [85, 78], "uv_size": [-3, 0]},
								"up": {"uv": [91, 75], "uv_size": [-6, 3]},
								"down": {"uv": [97, 78], "uv_size": [-6, -3]}
							}
						},
						{
							"origin": [-7.8762, 10.42797, -11.856],
							"size": [7.1136, 0, 3.5568],
							"pivot": [-3.7266, 2.42517, -10.0776],
							"rotation": [-44.52275, -76.33312, -46.7331],
							"uv": {
								"north": {"uv": [91, 78], "uv_size": [-6, 0]},
								"east": {"uv": [94, 78], "uv_size": [-3, 0]},
								"south": {"uv": [100, 78], "uv_size": [-6, 0]},
								"west": {"uv": [85, 78], "uv_size": [-3, 0]},
								"up": {"uv": [91, 75], "uv_size": [-6, 3]},
								"down": {"uv": [97, 78], "uv_size": [-6, -3]}
							}
						}
					]
				}
			]
		}
	]
}