{
	"format_version": "1.12.0",
	"minecraft:geometry": [
		{
			"description": {
				"identifier": "geometry.ic_boxy_closed",
				"texture_width": 128,
				"texture_height": 128,
				"visible_bounds_width": 8,
				"visible_bounds_height": 6.5,
				"visible_bounds_offset": [0, 2.75, 0]
			},
			"bones": [
				{
					"name": "root",
					"pivot": [0, -30, 0]
				},
				{
					"name": "waist",
					"parent": "root",
					"pivot": [0, 0, 0],
					"cubes": [
						{"origin": [-12, 0, -13], "size": [24, 24, 24], "uv": [0, 0]}
					]
				},
				{
					"name": "left_hole2",
					"parent": "waist",
					"pivot": [12.1, 18, -1],
					"cubes": [
						{"origin": [12.1, 14, -8], "size": [0, 4, 14], "uv": [100, 25]}
					]
				},
				{
					"name": "left_hole",
					"parent": "waist",
					"pivot": [12, 9, 0],
					"cubes": [
						{"origin": [12.1, 9, -8], "size": [0, 5, 14], "uv": [100, 29]}
					]
				},
				{
					"name": "left_bottom",
					"parent": "waist",
					"pivot": [2, -0.1, -1],
					"cubes": [
						{"origin": [2, -0.1, -6], "size": [9, 0, 10], "uv": [62, 62]}
					]
				},
				{
					"name": "right_bottom",
					"parent": "waist",
					"pivot": [-2, -0.1, -1],
					"cubes": [
						{"origin": [-11, -0.1, -6], "size": [9, 0, 10], "uv": [62, 14]}
					]
				},
				{
					"name": "right_hole2",
					"parent": "waist",
					"pivot": [-12.1, 18, -1],
					"cubes": [
						{"origin": [-12.1, 14, -8], "size": [0, 4, 14], "uv": [0, 73]}
					]
				},
				{
					"name": "right_hole",
					"parent": "waist",
					"pivot": [-12, 9, 0],
					"cubes": [
						{"origin": [-12.1, 9, -8], "size": [0, 5, 14], "uv": [0, 73]}
					]
				},
				{
					"name": "lid",
					"parent": "waist",
					"pivot": [0, 24, 10],
					"cubes": [
						{"origin": [-12, 24, -13], "size": [24, 1, 24], "uv": [0, 48]}
					]
				},
				{
					"name": "leftArm",
					"parent": "waist",
					"pivot": [-5, 14, -1],
					"rotation": [0, 0, -47.5],
					"cubes": [
						{"origin": [-7, 11.5, -3.5], "size": [16, 5, 5], "pivot": [-5, 14, -1], "rotation": [0, 0, 47.5], "uv": [72, 48]}
					]
				},
				{
					"name": "leftArm2",
					"parent": "leftArm",
					"pivot": [-5, 16, -1],
					"rotation": [0, 0, -15],
					"cubes": [
						{"origin": [-7, 13.5, -3.5], "size": [16, 5, 5], "pivot": [-5, 16, -1], "rotation": [0, 0, 62.5], "uv": [72, 48]}
					]
				},
				{
					"name": "leftArm3",
					"parent": "leftArm2",
					"pivot": [1, 5, -1],
					"rotation": [5, -67.5, 90],
					"cubes": [
						{
							"origin": [5.78668, -2.61084, -11.8988],
							"size": [4.96, 8.68, 8.68],
							"pivot": [8.26668, 9.26032, -1.1],
							"rotation": [0, -90, 77.5],
							"uv": {
								"north": {"uv": [107, 85], "uv_size": [4, 7]},
								"east": {"uv": [100, 85], "uv_size": [7, 7]},
								"south": {"uv": [118, 85], "uv_size": [4, 7]},
								"west": {"uv": [111, 85], "uv_size": [7, 7]},
								"up": {"uv": [107, 78], "uv_size": [4, 7]},
								"down": {"uv": [111, 85], "uv_size": [4, -7]}
							}
						},
						{"origin": [2.47765, -4.64162, -8.72894], "size": [3.72, 3.72, 3.72], "pivot": [4.48852, 0.50176, -1.25912], "rotation": [0, -90, 120], "uv": [107, 82]},
						{"origin": [7.77191, -2.86259, -13.13959], "size": [0, 3.72, 4.96], "pivot": [4.48852, 0.50176, -1.25912], "rotation": [-100, 0, -150], "uv": [90, 79]},
						{"origin": [13.58149, -5.47823, -8.87121], "size": [0, 3.72, 4.96], "pivot": [7.56532, -2.21243, -1.29187], "rotation": [-97.69263, -6.40865, -177.06869], "uv": [90, 79]},
						{"origin": [18.17124, -3.67671, -6.89457], "size": [0, 3.72, 4.96], "pivot": [11.5649, -2.41724, -1.74169], "rotation": [-95.09914, 6.74125, 166.49714], "uv": [90, 79]},
						{"origin": [12.41846, -3.67672, -2.86628], "size": [0, 3.72, 4.96], "pivot": [11.5649, -2.41724, -1.74169], "rotation": [-98.14015, 2.25781, 129.13698], "uv": [90, 79]},
						{"origin": [9.50668, -2.3963, -12.64859], "size": [3.72, 3.72, 3.72], "pivot": [9.50668, 5.54032, -3.27], "rotation": [0, -90, 77.5], "uv": [107, 82]},
						{"origin": [9.50668, -2.42948, -6.00641], "size": [3.72, 3.72, 3.72], "pivot": [9.50668, 5.54032, -3.27], "rotation": [0, -90, 30], "uv": [107, 82]},
						{"origin": [9.50668, -4.5908, -14.19902], "size": [3.72, 3.72, 3.72], "pivot": [9.50668, 5.54032, -3.27], "rotation": [0, -90, 90], "uv": [107, 82]}
					]
				},
				{
					"name": "rightArm",
					"parent": "waist",
					"pivot": [2, 14, -1],
					"rotation": [0, 0, 47.5],
					"cubes": [
						{"origin": [-12, 11.5, -3.5], "size": [16, 5, 5], "pivot": [2, 14, -1], "rotation": [0, 0, -47.5], "uv": [72, 48], "mirror": true}
					]
				},
				{
					"name": "rightArm2",
					"parent": "rightArm",
					"pivot": [4, 16, -1],
					"rotation": [0, 0, 15],
					"cubes": [
						{"origin": [-10, 13.5, -3.5], "size": [16, 5, 5], "pivot": [4, 16, -1], "rotation": [0, 0, -62.5], "uv": [72, 48], "mirror": true}
					]
				},
				{
					"name": "rightArm3",
					"parent": "rightArm2",
					"pivot": [-2, 5, -1],
					"rotation": [-10, 67.5, -90],
					"cubes": [
						{
							"origin": [-11.74668, -2.61084, -11.8988],
							"size": [4.96, 8.68, 8.68],
							"pivot": [-9.26668, 9.26032, -1.1],
							"rotation": [0, 90, -77.5],
							"uv": {
								"north": {"uv": [111, 85], "uv_size": [-4, 7]},
								"east": {"uv": [118, 85], "uv_size": [-7, 7]},
								"south": {"uv": [122, 85], "uv_size": [-4, 7]},
								"west": {"uv": [107, 85], "uv_size": [-7, 7]},
								"up": {"uv": [111, 78], "uv_size": [-4, 7]},
								"down": {"uv": [115, 85], "uv_size": [-4, -7]}
							}
						},
						{"origin": [-10.81668, 6.37396, -17.12043], "size": [3.72, 3.72, 3.72], "pivot": [-9.26668, 9.26032, -1.1], "rotation": [0, 90, -132.5], "uv": [107, 82], "mirror": true},
						{"origin": [-10.81668, 1.72916, -14.3788], "size": [3.72, 3.72, 3.72], "pivot": [-9.26668, 9.26032, -1.1], "rotation": [0, 90, -77.5], "uv": [107, 82], "mirror": true},
						{"origin": [-10.81668, -1.31109, -6.77028], "size": [3.72, 3.72, 3.72], "pivot": [-9.26668, 9.26032, -1.1], "rotation": [0, 90, -30], "uv": [107, 82], "mirror": true},
						{"origin": [-10.81668, 0.3692, -15.74902], "size": [3.72, 3.72, 3.72], "pivot": [-9.26668, 9.26032, -1.1], "rotation": [0, 90, -90], "uv": [107, 82], "mirror": true},
						{"origin": [-15.47123, 6.2323, -18.26814], "size": [0, 3.72, 4.96], "pivot": [-9.26668, 9.26032, -1.1], "rotation": [-95.09914, -6.74125, -166.49714], "uv": [90, 79], "mirror": true},
						{"origin": [-15.37444, 4.25448, -20.04231], "size": [0, 3.72, 4.96], "pivot": [-9.26668, 9.26032, -1.1], "rotation": [-97.69263, 6.40865, 177.06869], "uv": [90, 79], "mirror": true},
						{"origin": [-10.29304, 4.25448, -21.37355], "size": [0, 3.72, 4.96], "pivot": [-9.26668, 9.26032, -1.1], "rotation": [-100, 0, 137.5], "uv": [90, 79], "mirror": true},
						{"origin": [-17.11591, 6.2323, -12.00152], "size": [0, 3.72, 4.96], "pivot": [-9.26668, 9.26032, -1.1], "rotation": [-98.14015, -2.25781, -129.13698], "uv": [90, 79], "mirror": true}
					]
				},
				{
					"name": "head",
					"parent": "waist",
					"pivot": [0, 4, -1],
					"rotation": [-5, 0, 0],
					"cubes": [
						{"origin": [-44.24167, -42.72243, -3.5], "size": [13, 5, 5], "pivot": [6.9282, -33.12436, -1], "rotation": [0, -5, 90], "uv": [72, 48]}
					]
				},
				{
					"name": "head2",
					"parent": "head",
					"pivot": [0, 5, 3],
					"rotation": [5, 0, 0],
					"cubes": [
						{
							"origin": [-9.8, 3.8, -10.7],
							"size": [19.6, 9.8, 19.6],
							"uv": {
								"north": {"uv": [20, 118], "uv_size": [20, 10]},
								"east": {"uv": [0, 118], "uv_size": [20, 10]},
								"south": {"uv": [60, 118], "uv_size": [20, 10]},
								"west": {"uv": [40, 118], "uv_size": [20, 10]},
								"up": {"uv": [20, 98], "uv_size": [20, 20]},
								"down": {"uv": [40, 118], "uv_size": [20, -20]}
							}
						},
						{
							"origin": [-8.82, 13.6, -9.72],
							"size": [17.64, 2.94, 17.64],
							"uv": {
								"north": {"uv": [47, 94], "uv_size": [18, 3]},
								"east": {"uv": [29, 94], "uv_size": [18, 3]},
								"south": {"uv": [83, 94], "uv_size": [18, 3]},
								"west": {"uv": [65, 94], "uv_size": [18, 3]},
								"up": {"uv": [47, 76], "uv_size": [18, 18]},
								"down": {"uv": [65, 94], "uv_size": [18, -18]}
							}
						}
					]
				},
				{
					"name": "head3",
					"parent": "head2",
					"pivot": [0, 13.5, 9],
					"rotation": [2.5, 0, -180],
					"cubes": [
						{
							"origin": [-9.8, 3.73815, -10.72143],
							"size": [19.6, 9.8, 19.6],
							"uv": {
								"north": {"uv": [20, 118], "uv_size": [20, 10]},
								"east": {"uv": [0, 118], "uv_size": [20, 10]},
								"south": {"uv": [60, 118], "uv_size": [20, 10]},
								"west": {"uv": [40, 118], "uv_size": [20, 10]},
								"up": {"uv": [20, 98], "uv_size": [20, 20]},
								"down": {"uv": [40, 118], "uv_size": [20, -20]}
							}
						},
						{
							"origin": [-8.82, 13.53815, -9.74143],
							"size": [17.64, 2.94, 17.64],
							"uv": {
								"north": {"uv": [47, 94], "uv_size": [18, 3]},
								"east": {"uv": [29, 94], "uv_size": [18, 3]},
								"south": {"uv": [83, 94], "uv_size": [18, 3]},
								"west": {"uv": [65, 94], "uv_size": [18, 3]},
								"up": {"uv": [47, 76], "uv_size": [18, 18]},
								"down": {"uv": [65, 94], "uv_size": [18, -18]}
							}
						},
						{
							"origin": [3.1948, 8.09097, -12.35937],
							"size": [3.9984, 3.9984, 2.6656],
							"uv": {
								"north": {"uv": [16, 9], "uv_size": [3, 3]},
								"east": {"uv": [14, 17], "uv_size": [2, 3]},
								"south": {"uv": [17, 13], "uv_size": [3, 3]},
								"west": {"uv": [12, 11], "uv_size": [2, 3]},
								"up": {"uv": [14, 11], "uv_size": [-3, -2]},
								"down": {"uv": [23, 21], "uv_size": [-3, -2]}
							}
						},
						{
							"origin": [-6.6052, 8.09097, -12.35937],
							"size": [3.9984, 3.9984, 2.6656],
							"uv": {
								"north": {"uv": [16, 9], "uv_size": [3, 3]},
								"east": {"uv": [14, 17], "uv_size": [2, 3]},
								"south": {"uv": [17, 13], "uv_size": [3, 3]},
								"west": {"uv": [12, 11], "uv_size": [2, 3]},
								"up": {"uv": [14, 11], "uv_size": [-3, -2]},
								"down": {"uv": [23, 21], "uv_size": [-3, -2]}
							}
						}
					]
				},
				{
					"name": "lever",
					"parent": "waist",
					"pivot": [-12, 21, 7],
					"cubes": [
						{"origin": [-24, 20, 6], "size": [12, 2, 2], "uv": [48, 58]},
						{"origin": [-27.75, 24, 6], "size": [6, 2, 2], "uv": [52, 51]},
						{"origin": [-31.75, 23.5, 5.5], "size": [6, 3, 3], "uv": [37, 120]},
						{
							"origin": [-9.8, 16.25, 6.2],
							"size": [4.8, 1.6, 1.6],
							"pivot": [-18.4, 12.4, 5.6],
							"rotation": [0, 0, -90],
							"uv": {
								"north": {"uv": [52, 65], "uv_size": [6, 2]},
								"east": {"uv": [50, 65], "uv_size": [2, 2]},
								"south": {"uv": [60, 65], "uv_size": [6, 2]},
								"west": {"uv": [58, 65], "uv_size": [2, 2]},
								"up": {"uv": [52, 63], "uv_size": [6, 2]},
								"down": {"uv": [58, 65], "uv_size": [6, -2]}
							}
						}
					]
				},
				{
					"name": "leftLeg",
					"parent": "root",
					"pivot": [5.75, 20, -1],
					"rotation": [0, 0, 7.5],
					"cubes": [
						{"origin": [4.75833, 16.27757, -3.5], "size": [18, 5, 5], "pivot": [5.9282, 18.87564, -1], "rotation": [0, 0, 82.5], "uv": [72, 48]}
					]
				},
				{
					"name": "leftLeg2",
					"parent": "leftLeg",
					"pivot": [6, 17, -1],
					"rotation": [0, 0, -5],
					"cubes": [
						{"origin": [3.75833, 14.27757, -3.5], "size": [13, 5, 5], "pivot": [4.9282, 15.87564, -1], "rotation": [0, 0, 87.5], "uv": [72, 48]}
					]
				},
				{
					"name": "leftLeg3",
					"parent": "leftLeg2",
					"pivot": [6, 6, -1],
					"rotation": [-85, 0, 0],
					"cubes": [
						{
							"origin": [17.05428, 14.96349, -8.892],
							"size": [4.7424, 10.6704, 11.856],
							"pivot": [4.21407, 18.63656, -1.1856],
							"rotation": [0, 0, 90],
							"uv": {
								"north": {"uv": [110, 69], "uv_size": [4, 9]},
								"east": {"uv": [100, 69], "uv_size": [10, 9]},
								"south": {"uv": [124, 69], "uv_size": [4, 9]},
								"west": {"uv": [114, 69], "uv_size": [10, 9]},
								"up": {"uv": [110, 59], "uv_size": [4, 10]},
								"down": {"uv": [114, 69], "uv_size": [4, -10]}
							}
						},
						{
							"origin": [-1.2374, 3.42517, -11.856],
							"size": [7.1136, 0, 3.5568],
							"pivot": [1.7266, 3.42517, -10.0776],
							"rotation": [48.79243, 75.28572, 136.74415],
							"uv": {
								"north": {"uv": [85, 78], "uv_size": [6, 0]},
								"east": {"uv": [82, 78], "uv_size": [3, 0]},
								"south": {"uv": [94, 78], "uv_size": [6, 0]},
								"west": {"uv": [91, 78], "uv_size": [3, 0]},
								"up": {"uv": [85, 75], "uv_size": [6, 3]},
								"down": {"uv": [91, 78], "uv_size": [6, -3]}
							}
						},
						{
							"origin": [-1.2374, 7.27837, -11.856],
							"size": [7.1136, 0, 3.5568],
							"pivot": [1.7266, 3.42517, -10.0776],
							"rotation": [1.89486, 80.29644, 94.00101],
							"uv": {
								"north": {"uv": [85, 78], "uv_size": [6, 0]},
								"east": {"uv": [82, 78], "uv_size": [3, 0]},
								"south": {"uv": [94, 78], "uv_size": [6, 0]},
								"west": {"uv": [91, 78], "uv_size": [3, 0]},
								"up": {"uv": [85, 75], "uv_size": [6, 3]},
								"down": {"uv": [91, 78], "uv_size": [6, -3]}
							}
						},
						{
							"origin": [-1.2374, 11.42797, -11.856],
							"size": [7.1136, 0, 3.5568],
							"pivot": [1.7266, 3.42517, -10.0776],
							"rotation": [-44.52275, 76.33312, 46.7331],
							"uv": {
								"north": {"uv": [85, 78], "uv_size": [6, 0]},
								"east": {"uv": [82, 78], "uv_size": [3, 0]},
								"south": {"uv": [94, 78], "uv_size": [6, 0]},
								"west": {"uv": [91, 78], "uv_size": [3, 0]},
								"up": {"uv": [85, 75], "uv_size": [6, 3]},
								"down": {"uv": [91, 78], "uv_size": [6, -3]}
							}
						}
					]
				},
				{
					"name": "rightLeg",
					"parent": "root",
					"pivot": [-5.75, 24, -1],
					"rotation": [0, 0, -7.5],
					"cubes": [
						{"origin": [-22.75833, 20.27757, -3.5], "size": [18, 5, 5], "pivot": [-5.9282, 22.87564, -1], "rotation": [0, 0, -82.5], "uv": [72, 48], "mirror": true}
					]
				},
				{
					"name": "rightLeg2",
					"parent": "rightLeg",
					"pivot": [-7, 16.5, -1],
					"rotation": [0, 0, 7.5],
					"cubes": [
						{"origin": [-17.75833, 13.77757, -3.5], "size": [13, 5, 5], "pivot": [-5.9282, 15.37564, -1], "rotation": [0, 0, -87.5], "uv": [72, 48], "mirror": true}
					]
				},
				{
					"name": "rightLeg3",
					"parent": "rightLeg2",
					"pivot": [-7, 5.5, -1],
					"rotation": [-72.5, 0, 0],
					"cubes": [
						{
							"origin": [-6.8762, 2.92517, -11.856],
							"size": [7.1136, 0, 3.5568],
							"pivot": [-2.7266, 2.92517, -10.0776],
							"rotation": [48.79243, -75.28572, -136.74415],
							"uv": {
								"north": {"uv": [91, 78], "uv_size": [-6, 0]},
								"east": {"uv": [94, 78], "uv_size": [-3, 0]},
								"south": {"uv": [100, 78], "uv_size": [-6, 0]},
								"west": {"uv": [85, 78], "uv_size": [-3, 0]},
								"up": {"uv": [91, 75], "uv_size": [-6, 3]},
								"down": {"uv": [97, 78], "uv_size": [-6, -3]}
							}
						},
						{
							"origin": [-22.79668, 14.46349, -8.892],
							"size": [4.7424, 10.6704, 11.856],
							"pivot": [-5.21407, 18.13656, -1.1856],
							"rotation": [0, 0, -90],
							"uv": {
								"north": {"uv": [114, 69], "uv_size": [-4, 9]},
								"east": {"uv": [124, 69], "uv_size": [-10, 9]},
								"south": {"uv": [128, 69], "uv_size": [-4, 9]},
								"west": {"uv": [110, 69], "uv_size": [-10, 9]},
								"up": {"uv": [114, 59], "uv_size": [-4, 10]},
								"down": {"uv": [118, 69], "uv_size": [-4, -10]}
							}
						},
						{
							"origin": [-6.8762, 6.77837, -11.856],
							"size": [7.1136, 0, 3.5568],
							"pivot": [-2.7266, 2.92517, -10.0776],
							"rotation": [1.89486, -80.29644, -94.00101],
							"uv": {
								"north": {"uv": [91, 78], "uv_size": [-6, 0]},
								"east": {"uv": [94, 78], "uv_size": [-3, 0]},
								"south": {"uv": [100, 78], "uv_size": [-6, 0]},
								"west": {"uv": [85, 78], "uv_size": [-3, 0]},
								"up": {"uv": [91, 75], "uv_size": [-6, 3]},
								"down": {"uv": [97, 78], "uv_size": [-6, -3]}
							}
						},
						{
							"origin": [-6.8762, 10.92797, -11.856],
							"size": [7.1136, 0, 3.5568],
							"pivot": [-2.7266, 2.92517, -10.0776],
							"rotation": [-44.52275, -76.33312, -46.7331],
							"uv": {
								"north": {"uv": [91, 78], "uv_size": [-6, 0]},
								"east": {"uv": [94, 78], "uv_size": [-3, 0]},
								"south": {"uv": [100, 78], "uv_size": [-6, 0]},
								"west": {"uv": [85, 78], "uv_size": [-3, 0]},
								"up": {"uv": [91, 75], "uv_size": [-6, 3]},
								"down": {"uv": [97, 78], "uv_size": [-6, -3]}
							}
						}
					]
				}
			]
		}
	]
}