{
	"format_version": "1.12.0",
	"minecraft:geometry": [
		{
			"description": {
				"identifier": "geometry.charge",
				"texture_width": 16,
				"texture_height": 16,
				"visible_bounds_width": 2,
				"visible_bounds_height": 1.5,
				"visible_bounds_offset": [0, 0.25, 0]
			},
			"bones": [
				{
					"name": "body",
					"pivot": [0, 3, 3],
					"cubes": [
						{
							"origin": [-2, -1, 5],
							"size": [5, 4, 1],
							"uv": {
								"north": {"uv": [0, 0], "uv_size": [5, 4]},
								"east": {"uv": [5, 2], "uv_size": [1, 4]},
								"south": {"uv": [0, 4], "uv_size": [5, 4]},
								"west": {"uv": [6, 2], "uv_size": [1, 4]},
								"up": {"uv": [5, 0], "uv_size": [5, 1]},
								"down": {"uv": [5, 2], "uv_size": [5, -1]}
							}
						},
						{
							"origin": [3, 1, 5],
							"size": [1, 4, 1],
							"pivot": [0, 3, 3],
							"rotation": [0, 0, 20],
							"uv": {
								"north": {"uv": [5, 6], "uv_size": [1, 4]},
								"east": {"uv": [6, 6], "uv_size": [1, 4]},
								"south": {"uv": [7, 2], "uv_size": [1, 4]},
								"west": {"uv": [7, 6], "uv_size": [1, 4]},
								"up": {"uv": [9, 10], "uv_size": [1, 1]},
								"down": {"uv": [11, 1], "uv_size": [1, -1]}
							}
						},
						{
							"origin": [2, 3, 5],
							"size": [1, 4, 1],
							"uv": {
								"north": {"uv": [0, 8], "uv_size": [1, 4]},
								"east": {"uv": [1, 8], "uv_size": [1, 4]},
								"south": {"uv": [2, 8], "uv_size": [1, 4]},
								"west": {"uv": [8, 2], "uv_size": [1, 4]},
								"up": {"uv": [11, 1], "uv_size": [1, 1]},
								"down": {"uv": [11, 3], "uv_size": [1, -1]}
							}
						},
						{
							"origin": [0.7, 3, 5],
							"size": [1, 4, 1],
							"uv": {
								"north": {"uv": [3, 8], "uv_size": [1, 4]},
								"east": {"uv": [4, 8], "uv_size": [1, 4]},
								"south": {"uv": [8, 6], "uv_size": [1, 4]},
								"west": {"uv": [9, 2], "uv_size": [1, 4]},
								"up": {"uv": [11, 3], "uv_size": [1, 1]},
								"down": {"uv": [11, 5], "uv_size": [1, -1]}
							}
						},
						{
							"origin": [-0.7, 3, 5],
							"size": [1, 4, 1],
							"uv": {
								"north": {"uv": [9, 6], "uv_size": [1, 4]},
								"east": {"uv": [10, 0], "uv_size": [1, 4]},
								"south": {"uv": [10, 4], "uv_size": [1, 4]},
								"west": {"uv": [5, 10], "uv_size": [1, 4]},
								"up": {"uv": [11, 5], "uv_size": [1, 1]},
								"down": {"uv": [11, 7], "uv_size": [1, -1]}
							}
						},
						{
							"origin": [-2, 3, 5],
							"size": [1, 4, 1],
							"uv": {
								"north": {"uv": [6, 10], "uv_size": [1, 4]},
								"east": {"uv": [7, 10], "uv_size": [1, 4]},
								"south": {"uv": [8, 10], "uv_size": [1, 4]},
								"west": {"uv": [10, 8], "uv_size": [1, 4]},
								"up": {"uv": [11, 7], "uv_size": [1, 1]},
								"down": {"uv": [11, 9], "uv_size": [1, -1]}
							}
						}
					]
				}
			]
		}
	]
}