{
	"format_version": "1.10.0",
	"geometry.ic_catbee": {
		"texturewidth": 64,
		"textureheight": 64,
		"visible_bounds_width": 2,
		"visible_bounds_height": 3,
		"visible_bounds_offset": [0, 1.5, 0],
		"bones": [
			{
				"name": "body",
				"pivot": [0, 24, 0],
				"cubes": [
					{"origin": [-3, 4, -4.25], "size": [6, 5, 9], "uv": [0, 0]}
				]
			},
			{
				"name": "wing",
				"parent": "body",
				"pivot": [-2, 0.75, -1],
				"rotation": [0, 0, 15],
				"cubes": [
					{"origin": [-9, 8.75, -2.25], "size": [5, 0, 3], "uv": [10, 29]}
				]
			},
			{
				"name": "wing2",
				"parent": "body",
				"pivot": [11, 3, -1],
				"rotation": [0, 0, -15],
				"cubes": [
					{"origin": [4, 11, -2.25], "size": [5, 0, 3], "uv": [10, 29]}
				]
			},
			{
				"name": "tail",
				"pivot": [0, 6, 4],
				"rotation": [50, 0, 0],
				"cubes": [
					{"origin": [-1, 5, 4], "size": [2, 2, 5], "uv": [21, 0]}
				]
			},
			{
				"name": "head",
				"pivot": [0, 24, 0],
				"cubes": [
					{"origin": [-3.5, 5.75, -11], "size": [7, 7, 6], "uv": [0, 14]},
					{"origin": [-1.5, 6.75, -13], "size": [3, 3, 4], "uv": [22, 23]}
				]
			},
			{
				"name": "antenna",
				"parent": "head",
				"pivot": [-1, -0.25, -6.5],
				"rotation": [-25, 0, 0],
				"cubes": [
					{"origin": [-2, 11.75, -11.5], "size": [1, 3, 1], "uv": [0, 14]},
					{"origin": [-2, 13.75, -14.5], "size": [1, 1, 4], "uv": [25, 15]}
				]
			},
			{
				"name": "antenna2",
				"parent": "head",
				"pivot": [2, -0.25, -6.5],
				"rotation": [-25, 0, 0],
				"cubes": [
					{"origin": [1, 11.75, -11.5], "size": [1, 3, 1], "uv": [0, 14]},
					{"origin": [1, 13.75, -14.5], "size": [1, 1, 4], "uv": [25, 15]}
				]
			},
			{
				"name": "ear",
				"parent": "head",
				"pivot": [-9.5, 10.5, -0.5],
				"rotation": [0, 0, 57.5],
				"cubes": [
					{"origin": [-5.5, 21.5, -8.5], "size": [1, 2, 1], "uv": [30, 10]},
					{"origin": [-3.5, 21.5, -8.5], "size": [1, 2, 1], "uv": [30, 10]},
					{"origin": [-4.5, 21, -8.5], "size": [1, 3, 1], "uv": [21, 0]}
				]
			},
			{
				"name": "ear2",
				"parent": "head",
				"pivot": [3.5, 1.25, -0.5],
				"rotation": [0, 0, -57.5],
				"cubes": [
					{"origin": [7.5, 12.25, -8.5], "size": [1, 2, 1], "uv": [30, 10]},
					{"origin": [9.5, 12.25, -8.5], "size": [1, 2, 1], "uv": [30, 10]},
					{"origin": [8.5, 11.75, -8.5], "size": [1, 3, 1], "uv": [21, 0]}
				]
			},
			{
				"name": "bone",
				"parent": "head",
				"pivot": [0, 17, 12],
				"rotation": [-35, 0, 0],
				"cubes": [
					{"origin": [-1, -2, 3], "size": [2, 2, 3], "uv": [0, 27]}
				]
			},
			{
				"name": "rightArm",
				"pivot": [-3, 5, -3],
				"rotation": [-26.78135, 20.29348, -9.92926],
				"cubes": [
					{"origin": [-3.9, 0, -4], "size": [2, 5, 2], "uv": [0, 0]}
				]
			},
			{
				"name": "leftArm",
				"pivot": [3, 5, -3],
				"rotation": [-23.47603, -16.1299, 6.88003],
				"mirror": true,
				"cubes": [
					{"origin": [1.62644, 0.03996, -4], "size": [2, 5, 2], "uv": [0, 0], "mirror": false}
				]
			},
			{
				"name": "rightLeg",
				"pivot": [-0.9, 12, 3],
				"rotation": [0, 0, 22.5],
				"cubes": [
					{"origin": [-0.9, 0, 3], "size": [2, 5, 2], "uv": [0, 0]}
				]
			},
			{
				"name": "leftLeg",
				"pivot": [-1.1, 12, 0],
				"rotation": [0, 0, -22.5],
				"mirror": true,
				"cubes": [
					{"origin": [-1.37356, -0.96004, 3], "size": [2, 5, 2], "uv": [0, 0], "mirror": false}
				]
			}
		]
	}
}