{
	"format_version": "1.10.0",
	"geometry.ic_daisy_puppet": {
		"texturewidth": 64,
		"textureheight": 64,
		"visible_bounds_width": 4,
		"visible_bounds_height": 3,
		"visible_bounds_offset": [0, 1.5, 0],
		"bones": [
			{
				"name": "body",
				"pivot": [8, 6, 16],
				"rotation": [-90, 0, 0],
				"cubes": [
					{"origin": [0, -11, 4], "size": [1, 1, 5], "uv": [18, 39]},
					{"origin": [-1, -12, 9], "size": [3, 3, 3], "uv": [38, 23]},
					{"origin": [-3, -14, 18], "size": [7, 7, 4], "uv": [0, 53]},
					{"origin": [-4, -15, 12], "size": [9, 9, 6], "uv": [34, 49]}
				]
			},
			{
				"name": "head",
				"parent": "body",
				"pivot": [0, -1, 0],
				"cubes": [
					{"origin": [-3, -12, -7], "size": [7, 3, 7], "uv": [0, 0]}
				]
			},
			{
				"name": "petal",
				"parent": "head",
				"pivot": [-7, -2, 3],
				"rotation": [0, -55, 0],
				"cubes": [
					{"origin": [-10.5, -11.5, -4], "size": [4, 2, 5], "uv": [31, 32]}
				]
			},
			{
				"name": "petal2",
				"parent": "head",
				"pivot": [1, -2, 6],
				"cubes": [
					{"origin": [-1.5, -11.5, -1], "size": [4, 2, 5], "uv": [13, 32]}
				]
			},
			{
				"name": "petal3",
				"parent": "head",
				"pivot": [9, -2, 1],
				"rotation": [0, 60, 0],
				"cubes": [
					{"origin": [6.5, -11.5, -6], "size": [4, 2, 5], "uv": [30, 0]}
				]
			},
			{
				"name": "petal5",
				"parent": "petal3",
				"pivot": [16, -2, -14],
				"rotation": [0, 77.5, 0],
				"cubes": [
					{"origin": [6.5, -11.5, -18], "size": [4, 2, 5], "uv": [23, 25]}
				]
			},
			{
				"name": "petal4",
				"parent": "head",
				"pivot": [5, -2, 7],
				"rotation": [0, 45, 0],
				"cubes": [
					{"origin": [6.5, -11.5, -11], "size": [4, 2, 5], "uv": [0, 28]}
				]
			},
			{
				"name": "Leftleg4",
				"parent": "body",
				"pivot": [9, -2, 6],
				"rotation": [0, -70, 0],
				"cubes": [
					{"origin": [8, -11, 15], "size": [1, 1, 8], "uv": [0, 19]}
				]
			},
			{
				"name": "Leftleg5",
				"parent": "Leftleg4",
				"pivot": [9, -2, 6],
				"rotation": [0, -67.5, 0],
				"cubes": [
					{"origin": [23.70595, -11, 12.50562], "size": [1, 1, 7], "uv": [0, 35]}
				]
			},
			{
				"name": "Leftleg6",
				"parent": "Leftleg5",
				"pivot": [2, -2, 12],
				"rotation": [0, -12.5, 0],
				"cubes": [
					{"origin": [23.95882, -13, 13.96699], "size": [5, 5, 0], "uv": [25, 39]}
				]
			},
			{
				"name": "Rightleg4",
				"parent": "body",
				"pivot": [-7, -19, 1],
				"rotation": [-2.49721, -49.94633, -176.17242],
				"cubes": [
					{"origin": [-8, -28, 10], "size": [1, 1, 8], "uv": [0, 10]}
				]
			},
			{
				"name": "Rightleg5",
				"parent": "Rightleg4",
				"pivot": [-7, -19, 1],
				"rotation": [0, -77.5, 0],
				"cubes": [
					{"origin": [8.59703, -28, 4.67947], "size": [1, 1, 7], "uv": [33, 7]}
				]
			},
			{
				"name": "Rightleg6",
				"parent": "Rightleg5",
				"pivot": [-14, -19, 7],
				"rotation": [0, -12.5, 0],
				"cubes": [
					{"origin": [8.21709, -30, 6.51497], "size": [5, 5, 0], "uv": [26, 32]}
				]
			}
		]
	}
}