{
	"format_version": "1.12.0",
	"minecraft:geometry": [
		{
			"description": {
				"identifier": "geometry.grab_pack_charged",
				"texture_width": 32,
				"texture_height": 32,
				"visible_bounds_width": 5,
				"visible_bounds_height": 3.5,
				"visible_bounds_offset": [0, 1.25, 0]
			},
			"bones": [
				{
					"name": "waist",
					"pivot": [0, 12, 0]
				},
				{
					"name": "body",
					"parent": "waist",
					"pivot": [0, 24, 0]
				},
				{
					"name": "body2",
					"parent": "body",
					"pivot": [-9.15138, 19.10037, -7.125]
				},
				{
					"name": "grab",
					"parent": "body2",
					"pivot": [-9.15138, 19.10037, -7.125]
				},
				{
					"name": "main",
					"parent": "grab",
					"pivot": [-9.15138, 19.10037, -7.125],
					"cubes": [
						{
							"origin": [-10.5, 16, -15],
							"size": [2, 2, 5],
							"uv": {
								"north": {"uv": [0, 12], "uv_size": [2, 2]},
								"east": {"uv": [0, 12], "uv_size": [5, 2]},
								"south": {"uv": [0, 12], "uv_size": [2, 2]},
								"west": {"uv": [0, 12], "uv_size": [5, 2]},
								"up": {"uv": [14, 5], "uv_size": [-2, -5]},
								"down": {"uv": [14, 5], "uv_size": [-2, -5]}
							}
						},
						{
							"origin": [-11, 15.5, -12],
							"size": [3, 3, 5],
							"uv": {
								"north": {"uv": [12, 5], "uv_size": [3, 3]},
								"east": {"uv": [11, 9], "uv_size": [5, 3]},
								"south": {"uv": [12, 5], "uv_size": [3, 3]},
								"west": {"uv": [11, 9], "uv_size": [5, 3]},
								"up": {"uv": [8, 14], "uv_size": [-3, -5]},
								"down": {"uv": [8, 14], "uv_size": [-3, -5]}
							}
						},
						{
							"origin": [-10, 14, -7.5],
							"size": [1, 1, 4],
							"pivot": [-9.5, 17, -7],
							"rotation": [-62.5, 0, 0],
							"uv": {
								"north": {"uv": [13, 13], "uv_size": [3, 3]},
								"east": {"uv": [8, 13], "uv_size": [5, 3]},
								"south": {"uv": [13, 13], "uv_size": [3, 3]},
								"west": {"uv": [8, 13], "uv_size": [5, 3]},
								"up": {"uv": [11, 13], "uv_size": [-3, -5]},
								"down": {"uv": [11, 13], "uv_size": [-3, -5]}
							}
						}
					]
				},
				{
					"name": "Connector",
					"parent": "grab",
					"pivot": [-4, -1, -3],
					"cubes": [
						{
							"origin": [-10.5, 16, -7.5],
							"size": [2, 2, 2],
							"pivot": [-9.5, 17, -7],
							"rotation": [-30, 0, 0],
							"uv": {
								"north": {"uv": [13, 13], "uv_size": [3, 3]},
								"east": {"uv": [8, 13], "uv_size": [5, 3]},
								"south": {"uv": [13, 13], "uv_size": [3, 3]},
								"west": {"uv": [8, 13], "uv_size": [5, 3]},
								"up": {"uv": [11, 13], "uv_size": [-3, -5]},
								"down": {"uv": [11, 13], "uv_size": [-3, -5]}
							}
						},
						{
							"origin": [-10.5, 15.73813, -5.89103],
							"size": [2, 2, 2],
							"pivot": [-9.5, 16.73813, -7.39103],
							"rotation": [-15, 0, 0],
							"uv": {
								"north": {"uv": [13, 13], "uv_size": [3, 3]},
								"east": {"uv": [8, 13], "uv_size": [5, 3]},
								"south": {"uv": [13, 13], "uv_size": [3, 3]},
								"west": {"uv": [8, 13], "uv_size": [5, 3]},
								"up": {"uv": [11, 13], "uv_size": [-3, -5]},
								"down": {"uv": [11, 13], "uv_size": [-3, -5]}
							}
						},
						{
							"origin": [-10.5, 13.9264, -4.40867],
							"size": [2, 2, 2],
							"pivot": [-9.5, 14.9264, -7.90867],
							"rotation": [15, 0, 0],
							"uv": {
								"north": {"uv": [13, 13], "uv_size": [3, 3]},
								"east": {"uv": [8, 13], "uv_size": [5, 3]},
								"south": {"uv": [13, 13], "uv_size": [3, 3]},
								"west": {"uv": [8, 13], "uv_size": [5, 3]},
								"up": {"uv": [11, 13], "uv_size": [-3, -5]},
								"down": {"uv": [11, 13], "uv_size": [-3, -5]}
							}
						},
						{
							"origin": [-10.5, 12.5, -2.1004],
							"size": [2, 2, 2],
							"pivot": [-9.5, 13.5, -7.6004],
							"rotation": [30, 0, 0],
							"uv": {
								"north": {"uv": [13, 13], "uv_size": [3, 3]},
								"east": {"uv": [8, 13], "uv_size": [5, 3]},
								"south": {"uv": [13, 13], "uv_size": [3, 3]},
								"west": {"uv": [8, 13], "uv_size": [5, 3]},
								"up": {"uv": [11, 13], "uv_size": [-3, -5]},
								"down": {"uv": [11, 13], "uv_size": [-3, -5]}
							}
						}
					]
				},
				{
					"name": "hand",
					"parent": "grab",
					"pivot": [-4, -1, -1],
					"cubes": [
						{
							"origin": [-12, 15.5, -16.2],
							"size": [5, 4, 1.4],
							"uv": {
								"north": {"uv": [0, 0], "uv_size": [5, 4]},
								"east": {"uv": [5, 2], "uv_size": [1, 4]},
								"south": {"uv": [0, 4], "uv_size": [5, 4]},
								"west": {"uv": [6, 2], "uv_size": [1, 4]},
								"up": {"uv": [5, 0], "uv_size": [5, 1]},
								"down": {"uv": [5, 2], "uv_size": [5, -1]}
							}
						},
						{
							"origin": [-11, 15.5, -15.2],
							"size": [3, 3, 1],
							"uv": {
								"north": {"uv": [0, 4], "uv_size": [5, 4]},
								"east": {"uv": [4, 4], "uv_size": [1, 4]},
								"south": {"uv": [0, 4], "uv_size": [5, 4]},
								"west": {"uv": [4, 4], "uv_size": [1, 4]},
								"up": {"uv": [0, 4], "uv_size": [5, 1]},
								"down": {"uv": [0, 5], "uv_size": [5, -1]}
							}
						}
					]
				},
				{
					"name": "wire",
					"parent": "hand",
					"pivot": [-4, -1, -1],
					"cubes": [
						{
							"origin": [-10, 16.5, -15],
							"size": [1, 1, 5],
							"uv": {
								"north": {"uv": [0, 14], "uv_size": [2, 2]},
								"east": {"uv": [0, 14], "uv_size": [5, 2]},
								"south": {"uv": [0, 14], "uv_size": [2, 2]},
								"west": {"uv": [0, 14], "uv_size": [5, 2]},
								"up": {"uv": [16, 5], "uv_size": [-2, -5]},
								"down": {"uv": [16, 5], "uv_size": [-2, -5]}
							}
						}
					]
				},
				{
					"name": "finger1",
					"parent": "hand",
					"pivot": [-7, 16, -15.5],
					"rotation": [0, 0, 5],
					"cubes": [
						{
							"origin": [-7, 17, -16],
							"size": [1, 4, 1],
							"pivot": [-10, 19, -13],
							"rotation": [0, 0, 20],
							"uv": {
								"north": {"uv": [3, 8], "uv_size": [1, 4]},
								"east": {"uv": [1, 8], "uv_size": [1, 4]},
								"south": {"uv": [5, 2], "uv_size": [1, 4]},
								"west": {"uv": [4, 8], "uv_size": [1, 4]},
								"up": {"uv": [5, 6], "uv_size": [1, 1]},
								"down": {"uv": [11, 1], "uv_size": [1, -1]}
							}
						}
					]
				},
				{
					"name": "finger2",
					"parent": "hand",
					"pivot": [-7.5, 19, -15.5],
					"rotation": [0, 0, 10],
					"cubes": [
						{
							"origin": [-8, 18.5, -16],
							"size": [1, 4, 1],
							"uv": {
								"north": {"uv": [0, 8], "uv_size": [1, 4]},
								"east": {"uv": [1, 8], "uv_size": [1, 4]},
								"south": {"uv": [2, 8], "uv_size": [1, 4]},
								"west": {"uv": [8, 2], "uv_size": [1, 4]},
								"up": {"uv": [11, 1], "uv_size": [1, 1]},
								"down": {"uv": [11, 3], "uv_size": [1, -1]}
							}
						}
					]
				},
				{
					"name": "finger3",
					"parent": "hand",
					"pivot": [-8.8, 19, -15.5],
					"rotation": [0, 0, 5],
					"cubes": [
						{
							"origin": [-9.3, 19, -16],
							"size": [1, 4, 1],
							"uv": {
								"north": {"uv": [3, 8], "uv_size": [1, 4]},
								"east": {"uv": [1, 8], "uv_size": [1, 4]},
								"south": {"uv": [6, 2], "uv_size": [1, 4]},
								"west": {"uv": [4, 8], "uv_size": [1, 4]},
								"up": {"uv": [11, 3], "uv_size": [1, 1]},
								"down": {"uv": [11, 5], "uv_size": [1, -1]}
							}
						}
					]
				},
				{
					"name": "finger4",
					"parent": "hand",
					"pivot": [-10.2, 19, -15.5],
					"cubes": [
						{
							"origin": [-10.7, 19, -16],
							"size": [1, 4, 1],
							"uv": {
								"north": {"uv": [3, 8], "uv_size": [1, 4]},
								"east": {"uv": [1, 8], "uv_size": [1, 4]},
								"south": {"uv": [7, 2], "uv_size": [1, 4]},
								"west": {"uv": [4, 8], "uv_size": [1, 4]},
								"up": {"uv": [11, 5], "uv_size": [1, 1]},
								"down": {"uv": [11, 7], "uv_size": [1, -1]}
							}
						}
					]
				},
				{
					"name": "finger5",
					"parent": "hand",
					"pivot": [-11.5, 19, -15.5],
					"rotation": [0, 0, -5],
					"cubes": [
						{
							"origin": [-12, 18, -16],
							"size": [1, 4, 1],
							"uv": {
								"north": {"uv": [3, 8], "uv_size": [1, 4]},
								"east": {"uv": [1, 8], "uv_size": [1, 4]},
								"south": {"uv": [8, 2], "uv_size": [1, 4]},
								"west": {"uv": [4, 8], "uv_size": [1, 4]},
								"up": {"uv": [11, 7], "uv_size": [1, 1]},
								"down": {"uv": [11, 9], "uv_size": [1, -1]}
							}
						}
					]
				},
				{
					"name": "electric",
					"parent": "hand",
					"pivot": [-9.15138, 19.25, -15.625],
					"cubes": [
						{
							"origin": [-13.15138, 15.25, -17.125],
							"size": [8, 8, 3],
							"uv": {
								"north": {"uv": [24, 19], "uv_size": [8, 8]},
								"east": {"uv": [19, 8], "uv_size": [3, 8]},
								"south": {"uv": [24, 19], "uv_size": [8, 8]},
								"west": {"uv": [19, 8], "uv_size": [3, 8]},
								"up": {"uv": [23, 8], "uv_size": [-8, -3]},
								"down": {"uv": [23, 8], "uv_size": [-8, -3]}
							}
						}
					]
				},
				{
					"name": "pack",
					"parent": "body2",
					"pivot": [9.84862, 19.10037, -7.125]
				},
				{
					"name": "Connectoroff",
					"parent": "pack",
					"pivot": [15, -1, -3],
					"cubes": [
						{
							"origin": [8.5, 16, -7.5],
							"size": [2, 2, 2],
							"pivot": [9.5, 17, -7],
							"rotation": [-30, 0, 0],
							"uv": {
								"north": {"uv": [13, 13], "uv_size": [3, 3]},
								"east": {"uv": [8, 13], "uv_size": [5, 3]},
								"south": {"uv": [13, 13], "uv_size": [3, 3]},
								"west": {"uv": [8, 13], "uv_size": [5, 3]},
								"up": {"uv": [11, 13], "uv_size": [-3, -5]},
								"down": {"uv": [11, 13], "uv_size": [-3, -5]}
							}
						},
						{
							"origin": [8.5, 15.73813, -5.89103],
							"size": [2, 2, 2],
							"pivot": [9.5, 16.73813, -7.39103],
							"rotation": [-15, 0, 0],
							"uv": {
								"north": {"uv": [13, 13], "uv_size": [3, 3]},
								"east": {"uv": [8, 13], "uv_size": [5, 3]},
								"south": {"uv": [13, 13], "uv_size": [3, 3]},
								"west": {"uv": [8, 13], "uv_size": [5, 3]},
								"up": {"uv": [11, 13], "uv_size": [-3, -5]},
								"down": {"uv": [11, 13], "uv_size": [-3, -5]}
							}
						},
						{
							"origin": [8.5, 13.9264, -4.40867],
							"size": [2, 2, 2],
							"pivot": [9.5, 14.9264, -7.90867],
							"rotation": [15, 0, 0],
							"uv": {
								"north": {"uv": [13, 13], "uv_size": [3, 3]},
								"east": {"uv": [8, 13], "uv_size": [5, 3]},
								"south": {"uv": [13, 13], "uv_size": [3, 3]},
								"west": {"uv": [8, 13], "uv_size": [5, 3]},
								"up": {"uv": [11, 13], "uv_size": [-3, -5]},
								"down": {"uv": [11, 13], "uv_size": [-3, -5]}
							}
						},
						{
							"origin": [8.5, 12.5, -2.1004],
							"size": [2, 2, 2],
							"pivot": [9.5, 13.5, -7.6004],
							"rotation": [30, 0, 0],
							"uv": {
								"north": {"uv": [13, 13], "uv_size": [3, 3]},
								"east": {"uv": [8, 13], "uv_size": [5, 3]},
								"south": {"uv": [13, 13], "uv_size": [3, 3]},
								"west": {"uv": [8, 13], "uv_size": [5, 3]},
								"up": {"uv": [11, 13], "uv_size": [-3, -5]},
								"down": {"uv": [11, 13], "uv_size": [-3, -5]}
							}
						}
					]
				},
				{
					"name": "handoff",
					"parent": "pack",
					"pivot": [15, -1, -1],
					"cubes": [
						{
							"origin": [7, 15.5, -16.2],
							"size": [5, 4, 1.4],
							"uv": {
								"north": {"uv": [0, 16], "uv_size": [5, 4]},
								"east": {"uv": [5, 18], "uv_size": [1, 4]},
								"south": {"uv": [0, 20], "uv_size": [5, 4]},
								"west": {"uv": [6, 18], "uv_size": [1, 4]},
								"up": {"uv": [5, 16], "uv_size": [5, 1]},
								"down": {"uv": [5, 18], "uv_size": [5, -1]}
							}
						},
						{
							"origin": [8, 15.5, -15.2],
							"size": [3, 3, 1],
							"uv": {
								"north": {"uv": [0, 20], "uv_size": [5, 4]},
								"east": {"uv": [3, 20], "uv_size": [1, 4]},
								"south": {"uv": [0, 20], "uv_size": [5, 4]},
								"west": {"uv": [3, 20], "uv_size": [1, 4]},
								"up": {"uv": [0, 22], "uv_size": [5, 1]},
								"down": {"uv": [0, 21], "uv_size": [5, -1]}
							}
						}
					]
				},
				{
					"name": "finger1off",
					"parent": "handoff",
					"pivot": [6.56911, 16.35739, -15.5],
					"rotation": [0, 0, -5],
					"cubes": [
						{
							"origin": [5.7, 16.5, -16],
							"size": [1, 4, 1],
							"pivot": [8.99004, 19.48674, -13],
							"rotation": [0, 0, -20],
							"uv": {
								"north": {"uv": [3, 24], "uv_size": [1, 4]},
								"east": {"uv": [1, 24], "uv_size": [1, 4]},
								"south": {"uv": [5, 18], "uv_size": [1, 4]},
								"west": {"uv": [4, 24], "uv_size": [1, 4]},
								"up": {"uv": [5, 22], "uv_size": [1, 1]},
								"down": {"uv": [11, 17], "uv_size": [1, -1]}
							}
						}
					]
				},
				{
					"name": "finger2off",
					"parent": "handoff",
					"pivot": [8.5, 18.5, -15.5],
					"rotation": [0, 0, -10],
					"cubes": [
						{
							"origin": [7.1, 18.5, -16],
							"size": [1, 4, 1],
							"uv": {
								"north": {"uv": [3, 24], "uv_size": [1, 4]},
								"east": {"uv": [1, 24], "uv_size": [1, 4]},
								"south": {"uv": [8, 18], "uv_size": [1, 4]},
								"west": {"uv": [4, 24], "uv_size": [1, 4]},
								"up": {"uv": [11, 23], "uv_size": [1, 1]},
								"down": {"uv": [11, 25], "uv_size": [1, -1]}
							}
						}
					]
				},
				{
					"name": "finger3off",
					"parent": "handoff",
					"pivot": [8.8, 19, -15.5],
					"rotation": [0, 0, -5],
					"cubes": [
						{
							"origin": [8.3, 19, -16],
							"size": [1, 4, 1],
							"uv": {
								"north": {"uv": [3, 24], "uv_size": [1, 4]},
								"east": {"uv": [1, 24], "uv_size": [1, 4]},
								"south": {"uv": [7, 18], "uv_size": [1, 4]},
								"west": {"uv": [4, 24], "uv_size": [1, 4]},
								"up": {"uv": [11, 21], "uv_size": [1, 1]},
								"down": {"uv": [11, 23], "uv_size": [1, -1]}
							}
						}
					]
				},
				{
					"name": "finger4off",
					"parent": "handoff",
					"pivot": [10.2, 19, -15.5],
					"cubes": [
						{
							"origin": [9.7, 19, -16],
							"size": [1, 4, 1],
							"uv": {
								"north": {"uv": [3, 24], "uv_size": [1, 4]},
								"east": {"uv": [1, 24], "uv_size": [1, 4]},
								"south": {"uv": [6, 18], "uv_size": [1, 4]},
								"west": {"uv": [4, 24], "uv_size": [1, 4]},
								"up": {"uv": [11, 19], "uv_size": [1, 1]},
								"down": {"uv": [11, 21], "uv_size": [1, -1]}
							}
						}
					]
				},
				{
					"name": "finger5off",
					"parent": "handoff",
					"pivot": [11.5, 19, -15.5],
					"rotation": [0, 0, 5],
					"cubes": [
						{
							"origin": [11, 18, -16],
							"size": [1, 4, 1],
							"uv": {
								"north": {"uv": [0, 24], "uv_size": [1, 4]},
								"east": {"uv": [1, 24], "uv_size": [1, 4]},
								"south": {"uv": [2, 24], "uv_size": [1, 4]},
								"west": {"uv": [8, 18], "uv_size": [1, 4]},
								"up": {"uv": [11, 17], "uv_size": [1, 1]},
								"down": {"uv": [11, 19], "uv_size": [1, -1]}
							}
						}
					]
				},
				{
					"name": "wireoff",
					"parent": "handoff",
					"pivot": [15, -1, -1],
					"cubes": [
						{
							"origin": [9, 16.5, -15],
							"size": [1, 1, 5],
							"uv": {
								"north": {"uv": [0, 30], "uv_size": [2, 2]},
								"east": {"uv": [0, 30], "uv_size": [5, 2]},
								"south": {"uv": [0, 30], "uv_size": [2, 2]},
								"west": {"uv": [0, 30], "uv_size": [5, 2]},
								"up": {"uv": [16, 21], "uv_size": [-2, -5]},
								"down": {"uv": [16, 21], "uv_size": [-2, -5]}
							}
						}
					]
				},
				{
					"name": "mainoff",
					"parent": "pack",
					"pivot": [9.84862, 19.10037, -7.125],
					"cubes": [
						{
							"origin": [8.5, 16, -15],
							"size": [2, 2, 5],
							"uv": {
								"north": {"uv": [0, 28], "uv_size": [2, 2]},
								"east": {"uv": [0, 28], "uv_size": [5, 2]},
								"south": {"uv": [0, 28], "uv_size": [2, 2]},
								"west": {"uv": [0, 28], "uv_size": [5, 2]},
								"up": {"uv": [14, 21], "uv_size": [-2, -5]},
								"down": {"uv": [14, 21], "uv_size": [-2, -5]}
							}
						},
						{
							"origin": [9, 14, -7.5],
							"size": [1, 1, 4],
							"pivot": [9.5, 17, -7],
							"rotation": [-65, 0, 0],
							"uv": {
								"north": {"uv": [13, 13], "uv_size": [3, 3]},
								"east": {"uv": [8, 13], "uv_size": [5, 3]},
								"south": {"uv": [13, 13], "uv_size": [3, 3]},
								"west": {"uv": [8, 13], "uv_size": [5, 3]},
								"up": {"uv": [11, 13], "uv_size": [-3, -5]},
								"down": {"uv": [11, 13], "uv_size": [-3, -5]}
							}
						},
						{
							"origin": [8, 15.5, -12],
							"size": [3, 3, 5],
							"uv": {
								"north": {"uv": [12, 21], "uv_size": [3, 3]},
								"east": {"uv": [11, 25], "uv_size": [5, 3]},
								"south": {"uv": [12, 21], "uv_size": [3, 3]},
								"west": {"uv": [11, 25], "uv_size": [5, 3]},
								"up": {"uv": [8, 30], "uv_size": [-3, -5]},
								"down": {"uv": [8, 30], "uv_size": [-3, -5]}
							}
						}
					]
				},
				{
					"name": "base",
					"parent": "body2",
					"pivot": [-9.15138, 19.10037, -7.125],
					"cubes": [
						{
							"origin": [-11, 15.5, -2],
							"size": [3, 3, 5],
							"uv": {
								"north": {"uv": [12, 5], "uv_size": [3, 3]},
								"east": {"uv": [11, 9], "uv_size": [5, 3]},
								"south": {"uv": [12, 5], "uv_size": [3, 3]},
								"west": {"uv": [11, 9], "uv_size": [5, 3]},
								"up": {"uv": [8, 14], "uv_size": [-3, -5]},
								"down": {"uv": [8, 14], "uv_size": [-3, -5]}
							}
						},
						{
							"origin": [8, 15.5, -2],
							"size": [3, 3, 5],
							"uv": {
								"north": {"uv": [12, 21], "uv_size": [3, 3]},
								"east": {"uv": [11, 25], "uv_size": [5, 3]},
								"south": {"uv": [12, 21], "uv_size": [3, 3]},
								"west": {"uv": [11, 25], "uv_size": [5, 3]},
								"up": {"uv": [8, 30], "uv_size": [-3, -5]},
								"down": {"uv": [8, 30], "uv_size": [-3, -5]}
							}
						}
					]
				},
				{
					"name": "bone2",
					"parent": "base",
					"pivot": [-9.15138, 19.10037, -7.125],
					"cubes": [
						{
							"origin": [-11.5, 15, 2.875],
							"size": [4, 4, 5],
							"uv": {
								"north": {"uv": [28, 0], "uv_size": [4, 4]},
								"east": {"uv": [23, 0], "uv_size": [5, 4]},
								"south": {"uv": [28, 0], "uv_size": [4, 4]},
								"west": {"uv": [23, 0], "uv_size": [5, 4]},
								"up": {"uv": [32, 5], "uv_size": [-4, -5]},
								"down": {"uv": [32, 5], "uv_size": [-4, -5]}
							}
						},
						{
							"origin": [7.5, 15, 2.875],
							"size": [4, 4, 5],
							"uv": {
								"north": {"uv": [28, 0], "uv_size": [4, 4]},
								"east": {"uv": [23, 0], "uv_size": [5, 4]},
								"south": {"uv": [28, 0], "uv_size": [4, 4]},
								"west": {"uv": [23, 0], "uv_size": [5, 4]},
								"up": {"uv": [32, 5], "uv_size": [-4, -5]},
								"down": {"uv": [32, 5], "uv_size": [-4, -5]}
							}
						}
					]
				},
				{
					"name": "bone3",
					"parent": "base",
					"pivot": [-9.15138, 19.10037, -7.125],
					"cubes": [
						{
							"origin": [-5.5, 14.5, 3],
							"size": [1, 6, 6],
							"uv": {
								"north": {"uv": [31, 13], "uv_size": [1, 6]},
								"east": {"uv": [26, 13], "uv_size": [6, 6]},
								"south": {"uv": [31, 13], "uv_size": [1, 6]},
								"west": {"uv": [26, 13], "uv_size": [6, 6]},
								"up": {"uv": [31, 19], "uv_size": [1, -6]},
								"down": {"uv": [32, 19], "uv_size": [-1, -6]}
							}
						},
						{
							"origin": [4.5, 14.5, 3],
							"size": [1, 6, 6],
							"uv": {
								"north": {"uv": [31, 13], "uv_size": [1, 6]},
								"east": {"uv": [26, 13], "uv_size": [6, 6]},
								"south": {"uv": [31, 13], "uv_size": [1, 6]},
								"west": {"uv": [26, 13], "uv_size": [6, 6]},
								"up": {"uv": [31, 19], "uv_size": [1, -6]},
								"down": {"uv": [32, 19], "uv_size": [-1, -6]}
							}
						}
					]
				},
				{
					"name": "bone4",
					"parent": "base",
					"pivot": [-9.15138, 19.10037, -7.125],
					"cubes": [
						{
							"origin": [-5.5, 11.5, -3],
							"size": [1, 12, 6],
							"uv": {
								"north": {"uv": [16, 20], "uv_size": [1, 12]},
								"east": {"uv": [17, 20], "uv_size": [6, 12]},
								"south": {"uv": [16, 20], "uv_size": [1, 12]},
								"west": {"uv": [17, 20], "uv_size": [6, 12]},
								"up": {"uv": [24, 32], "uv_size": [-1, -6]},
								"down": {"uv": [24, 32], "uv_size": [-1, -6]}
							}
						},
						{
							"origin": [4.5, 11.5, -3],
							"size": [1, 12, 6],
							"uv": {
								"north": {"uv": [16, 20], "uv_size": [1, 12]},
								"east": {"uv": [17, 20], "uv_size": [6, 12]},
								"south": {"uv": [16, 20], "uv_size": [1, 12]},
								"west": {"uv": [17, 20], "uv_size": [6, 12]},
								"up": {"uv": [24, 32], "uv_size": [-1, -6]},
								"down": {"uv": [24, 32], "uv_size": [-1, -6]}
							}
						}
					]
				},
				{
					"name": "bone",
					"parent": "base",
					"pivot": [-9.15138, 19.10037, -7.125],
					"cubes": [
						{
							"origin": [5.5, 15.5, 4.5],
							"size": [3, 3, 3],
							"uv": {
								"north": {"uv": [16, 9], "uv_size": [3, 3]},
								"east": {"uv": [16, 9], "uv_size": [3, 3]},
								"south": {"uv": [16, 9], "uv_size": [3, 3]},
								"west": {"uv": [16, 9], "uv_size": [3, 3]},
								"up": {"uv": [19, 12], "uv_size": [-3, -3]},
								"down": {"uv": [19, 12], "uv_size": [-3, -3]}
							}
						},
						{
							"origin": [-8.5, 15.5, 4.5],
							"size": [3, 3, 3],
							"uv": {
								"north": {"uv": [16, 9], "uv_size": [3, 3]},
								"east": {"uv": [16, 9], "uv_size": [3, 3]},
								"south": {"uv": [16, 9], "uv_size": [3, 3]},
								"west": {"uv": [16, 9], "uv_size": [3, 3]},
								"up": {"uv": [19, 12], "uv_size": [-3, -3]},
								"down": {"uv": [19, 12], "uv_size": [-3, -3]}
							}
						}
					]
				},
				{
					"name": "rope",
					"parent": "base",
					"pivot": [0, 17.5, 6],
					"cubes": [
						{
							"origin": [-4.5, 15, 3.5],
							"size": [9, 5, 5],
							"uv": {
								"north": {"uv": [23, 6], "uv_size": [9, 5]},
								"east": {"uv": [27, 27], "uv_size": [5, 5]},
								"south": {"uv": [23, 6], "uv_size": [9, 5]},
								"west": {"uv": [27, 27], "uv_size": [5, 5]},
								"up": {"uv": [32, 11], "uv_size": [-9, -5]},
								"down": {"uv": [32, 11], "uv_size": [-9, -5]}
							}
						}
					]
				}
			]
		}
	]
}