{
	"format_version": "1.12.0",
	"minecraft:geometry": [
		{
			"description": {
				"identifier": "geometry.green_generator",
				"texture_width": 64,
				"texture_height": 64,
				"visible_bounds_width": 3,
				"visible_bounds_height": 2.5,
				"visible_bounds_offset": [0, 0.75, 0]
			},
			"bones": [
				{
					"name": "main",
					"pivot": [0, 0, 7],
					"cubes": [
						{"origin": [-5, 0, 6], "size": [10, 2, 2], "uv": [22, 0]},
						{"origin": [-5, 2, 6.5], "size": [10, 14, 1], "uv": [0, 0]},
						{"origin": [-2, 7, 5.5], "size": [4, 4, 1], "uv": [12, 23]},
						{"origin": [-1, 8, 4.5], "size": [2, 2, 1], "uv": [27, 21]},
						{"origin": [5, 4, 6.5], "size": [2, 10, 1], "uv": [6, 23]},
						{"origin": [-7, 4, 6.5], "size": [2, 10, 1], "uv": [0, 23]},
						{"origin": [-9, 7, 6.5], "size": [2, 3, 1], "uv": [21, 27]},
						{"origin": [7, 7, 6.5], "size": [2, 3, 1], "uv": [22, 23]},
						{"origin": [-5, 15.32051, 6], "size": [10, 2, 2], "uv": [22, 0]},
						{"origin": [5.9641, 6.33013, 6], "size": [10, 2, 2], "pivot": [10.9641, 2.33013, 7], "rotation": [0, 0, -60], "uv": [22, 0]},
						{"origin": [-7.30385, 13.99038, 6], "size": [10, 2, 2], "pivot": [-2.30385, 9.99038, 7], "rotation": [0, 0, -60], "uv": [22, 0]},
						{"origin": [-15.9641, 6.33013, 6], "size": [10, 2, 2], "pivot": [-10.9641, 2.33013, 7], "rotation": [0, 0, 60], "uv": [22, 0]},
						{"origin": [-7.02628, 16.49038, 6], "size": [10, 2, 2], "pivot": [-2.02628, 7.49038, 7], "rotation": [0, 0, 60], "uv": [22, 0]}
					]
				}
			]
		}
	]
}