{
	"format_version": "1.12.0",
	"minecraft:geometry": [
		{
			"description": {
				"identifier": "geometry.green_receiver",
				"texture_width": 64,
				"texture_height": 64,
				"visible_bounds_width": 3,
				"visible_bounds_height": 2.5,
				"visible_bounds_offset": [0, 0.75, 0]
			},
			"bones": [
				{
					"name": "main",
					"pivot": [0, 0, 7],
					"cubes": [
						{"origin": [-5, 2, 6.5], "size": [10, 4, 1], "uv": [0, 8]},
						{"origin": [-4, 6, 6.5], "size": [8, 3, 1], "uv": [0, 13]},
						{"origin": [-2, 9, 6.5], "size": [4, 4, 1], "uv": [0, 17]},
						{"origin": [-2, 4, 5.5], "size": [4, 4, 1], "uv": [10, 17]},
						{"origin": [-1, 5, 4.5], "size": [2, 2, 1], "uv": [19, 21]},
						{"origin": [5, 1, 6.5], "size": [2, 3, 1], "uv": [20, 17]},
						{"origin": [-7, 1, 6.5], "size": [2, 3, 1], "uv": [20, 17]},
						{"origin": [-1.5, 12.32051, 6], "size": [3, 2, 2], "uv": [12, 0]},
						{"origin": [0.4609, 16.05687, 6], "size": [14, 2, 2], "pivot": [9.4609, 3.05687, 7], "rotation": [0, 0, -62.5], "uv": [2, 0]},
						{"origin": [-13.92265, 16.94388, 6], "size": [14, 2, 2], "pivot": [-9.92265, 3.94388, 7], "rotation": [0, 0, 62.5], "uv": [2, 0]},
						{"origin": [-8, 0, 6], "size": [16, 2, 2], "uv": [0, 0]}
					]
				}
			]
		}
	]
}