{
	"format_version": "1.12.0",
	"minecraft:geometry": [
		{
			"description": {
				"identifier": "geometry.ic_huggy_sentry",
				"texture_width": 64,
				"texture_height": 64,
				"visible_bounds_width": 4,
				"visible_bounds_height": 6,
				"visible_bounds_offset": [0, 3, 0]
			},
			"bones": [
				{
					"name": "main",
					"pivot": [0, 0.5, 0]
				},
				{
					"name": "root",
					"parent": "main",
					"pivot": [0, 13.5, 0]
				},
				{
					"name": "body",
					"parent": "root",
					"pivot": [0, 14.5, 0],
					"rotation": [17.5, 0, 0],
					"cubes": [
						{
							"origin": [-2, 15, -1.5],
							"size": [4, 5, 3],
							"uv": {
								"north": {"uv": [42, 37], "uv_size": [8, 10]},
								"east": {"uv": [36, 37], "uv_size": [6, 10]},
								"south": {"uv": [56, 37], "uv_size": [8, 10]},
								"west": {"uv": [50, 37], "uv_size": [6, 10]},
								"up": {"uv": [42, 31], "uv_size": [8, 6]},
								"down": {"uv": [50, 37], "uv_size": [8, -6]}
							}
						},
						{
							"origin": [-2.5, 18.5, -0.5],
							"size": [5, 1.5, 1],
							"uv": {
								"north": {"uv": [36, 2], "uv_size": [10, 3]},
								"east": {"uv": [34, 2], "uv_size": [2, 3]},
								"south": {"uv": [48, 2], "uv_size": [10, 3]},
								"west": {"uv": [46, 2], "uv_size": [2, 3]},
								"up": {"uv": [36, 0], "uv_size": [10, 2]},
								"down": {"uv": [46, 2], "uv_size": [10, -2]}
							}
						}
					]
				},
				{
					"name": "head",
					"parent": "body",
					"pivot": [0, 20, 0],
					"rotation": [-15, 0, 0],
					"cubes": [
						{
							"origin": [-2.7072, 20.8274, -1.84992],
							"size": [5.4144, 4.0608, 3.666],
							"uv": {
								"north": {"uv": [10, 10], "uv_size": [12, 9]},
								"east": {"uv": [2, 10], "uv_size": [8, 9]},
								"south": {"uv": [30, 10], "uv_size": [12, 9]},
								"west": {"uv": [22, 10], "uv_size": [8, 9]},
								"up": {"uv": [10, 2], "uv_size": [12, 8]},
								"down": {"uv": [22, 10], "uv_size": [12, -8]}
							}
						},
						{
							"origin": [-2.256, 20.3762, -1.8048],
							"size": [4.512, 0.4512, 3.6096],
							"uv": {
								"north": {"uv": [12, 18], "uv_size": [10, 1]},
								"east": {"uv": [4, 18], "uv_size": [8, 1]},
								"south": {"uv": [30, 18], "uv_size": [10, 1]},
								"west": {"uv": [22, 18], "uv_size": [8, 1]},
								"up": {"uv": [12, 10], "uv_size": [10, 8]},
								"down": {"uv": [22, 18], "uv_size": [10, -8]}
							}
						},
						{
							"origin": [-1.8048, 19.925, -1.8048],
							"size": [3.6096, 0.4512, 3.6096],
							"uv": {
								"north": {"uv": [10, 40], "uv_size": [8, 1]},
								"east": {"uv": [2, 40], "uv_size": [8, 1]},
								"south": {"uv": [26, 40], "uv_size": [8, 1]},
								"west": {"uv": [18, 40], "uv_size": [8, 1]},
								"up": {"uv": [10, 32], "uv_size": [8, 8]},
								"down": {"uv": [18, 40], "uv_size": [8, -8]}
							}
						},
						{
							"origin": [0.06674, 22.71396, -0.9024],
							"size": [4.512, 2.256, 1.3536],
							"pivot": [2.1273, 23.39076, -0.9024],
							"rotation": [-45, 0, 115],
							"uv": {
								"north": {"uv": [18, 38], "uv_size": [-10, 5]},
								"east": {"uv": [25, 38], "uv_size": [-4, 5]},
								"south": {"uv": [36, 38], "uv_size": [-10, 5]},
								"west": {"uv": [4, 38], "uv_size": [-4, 5]},
								"up": {"uv": [18, 30], "uv_size": [-10, 4]},
								"down": {"uv": [28, 34], "uv_size": [-10, -4]}
							}
						},
						{
							"origin": [0.03289, 22.71396, -0.4512],
							"size": [4.512, 1.8048, 1.8048],
							"pivot": [2.1273, 23.39076, 0.9024],
							"rotation": [45, 0, 115],
							"uv": {
								"north": {"uv": [18, 38], "uv_size": [-10, 4]},
								"east": {"uv": [22, 38], "uv_size": [-4, 4]},
								"south": {"uv": [32, 38], "uv_size": [-10, 4]},
								"west": {"uv": [8, 38], "uv_size": [-4, 4]},
								"up": {"uv": [18, 34], "uv_size": [-10, 4]},
								"down": {"uv": [28, 38], "uv_size": [-10, -4]}
							}
						},
						{
							"origin": [-4.57873, 22.71396, -0.9024],
							"size": [4.512, 2.256, 1.3536],
							"pivot": [-2.1273, 23.39076, -0.9024],
							"rotation": [-45, 0, -115],
							"uv": {
								"north": {"uv": [8, 38], "uv_size": [10, 5]},
								"east": {"uv": [0, 38], "uv_size": [4, 5]},
								"south": {"uv": [26, 38], "uv_size": [10, 5]},
								"west": {"uv": [21, 38], "uv_size": [4, 5]},
								"up": {"uv": [8, 30], "uv_size": [10, 4]},
								"down": {"uv": [18, 34], "uv_size": [10, -4]}
							}
						},
						{
							"origin": [-4.5449, 22.71396, -0.4512],
							"size": [4.512, 1.8048, 1.8048],
							"pivot": [-2.1273, 23.39076, 0.9024],
							"rotation": [45, 0, -115],
							"uv": {
								"north": {"uv": [8, 38], "uv_size": [10, 4]},
								"east": {"uv": [4, 38], "uv_size": [4, 4]},
								"south": {"uv": [22, 38], "uv_size": [10, 4]},
								"west": {"uv": [18, 38], "uv_size": [4, 4]},
								"up": {"uv": [8, 34], "uv_size": [10, 4]},
								"down": {"uv": [18, 38], "uv_size": [10, -4]}
							}
						},
						{
							"origin": [-2.44787, 29.53415, -1.8048],
							"size": [4.512, 2.256, 3.53064],
							"pivot": [-0.14307, 27.50375, 0],
							"rotation": [0, 0, 177.5],
							"uv": {
								"north": {"uv": [17, 37], "uv_size": [-10, 5]},
								"east": {"uv": [24, 37], "uv_size": [-7, 5]},
								"south": {"uv": [34, 37], "uv_size": [-10, 5]},
								"west": {"uv": [7, 37], "uv_size": [-7, 5]},
								"up": {"uv": [17, 30], "uv_size": [-10, 7]},
								"down": {"uv": [27, 37], "uv_size": [-10, -7]}
							}
						},
						{
							"origin": [-2.06413, 29.53415, -1.77096],
							"size": [4.512, 2.256, 3.57576],
							"pivot": [0.14307, 27.50375, 0],
							"rotation": [0, 0, -175],
							"uv": {
								"north": {"uv": [7, 37], "uv_size": [10, 5]},
								"east": {"uv": [0, 37], "uv_size": [7, 5]},
								"south": {"uv": [24, 37], "uv_size": [10, 5]},
								"west": {"uv": [17, 37], "uv_size": [7, 5]},
								"up": {"uv": [7, 30], "uv_size": [10, 7]},
								"down": {"uv": [17, 37], "uv_size": [10, -7]}
							}
						}
					]
				},
				{
					"name": "smile",
					"parent": "head",
					"pivot": [0, 1.377, 0],
					"cubes": [
						{
							"origin": [-2.256, 20.3762, -1.94016],
							"size": [4.512, 2.256, 0.4512],
							"uv": {
								"north": {"uv": [1, 59], "uv_size": [10, 5]},
								"east": {"uv": [0, 59], "uv_size": [1, 5]},
								"south": {"uv": [12, 59], "uv_size": [10, 5]},
								"west": {"uv": [11, 59], "uv_size": [1, 5]},
								"up": {"uv": [1, 58], "uv_size": [10, 1]},
								"down": {"uv": [11, 59], "uv_size": [10, -1]}
							}
						}
					]
				},
				{
					"name": "eyeball2",
					"parent": "head",
					"pivot": [1.25, 23.25, -2.25],
					"cubes": [
						{
							"origin": [0.61518, 22.96875, -2.21429],
							"size": [0.9988, 0.9988, 0.66587],
							"uv": {
								"north": {"uv": [30, 33], "uv_size": [3, 3]},
								"east": {"uv": [28, 33], "uv_size": [2, 3]},
								"south": {"uv": [35, 33], "uv_size": [3, 3]},
								"west": {"uv": [33, 33], "uv_size": [2, 3]},
								"up": {"uv": [30, 31], "uv_size": [3, 2]},
								"down": {"uv": [33, 33], "uv_size": [3, -2]}
							}
						},
						{
							"origin": [0.55083, 22.9044, -2.10704],
							"size": [1.12749, 1.12749, 0.66587],
							"uv": {
								"north": {"uv": [28, 27], "uv_size": [2, 2]},
								"east": {"uv": [27, 27], "uv_size": [1, 2]},
								"south": {"uv": [31, 27], "uv_size": [2, 2]},
								"west": {"uv": [30, 27], "uv_size": [1, 2]},
								"up": {"uv": [28, 26], "uv_size": [2, 1]},
								"down": {"uv": [30, 27], "uv_size": [2, -1]}
							}
						},
						{
							"origin": [-1.66032, 22.6544, -2.10704],
							"size": [1.12749, 1.12749, 0.66587],
							"uv": {
								"north": {"uv": [28, 27], "uv_size": [2, 2]},
								"east": {"uv": [27, 27], "uv_size": [1, 2]},
								"south": {"uv": [31, 27], "uv_size": [2, 2]},
								"west": {"uv": [30, 27], "uv_size": [1, 2]},
								"up": {"uv": [28, 26], "uv_size": [2, 1]},
								"down": {"uv": [30, 27], "uv_size": [2, -1]}
							}
						}
					]
				},
				{
					"name": "eyeball1",
					"parent": "head",
					"pivot": [-1.25, 23.25, -2.25],
					"cubes": [
						{
							"origin": [-1.60897, 22.71875, -2.21429],
							"size": [0.9988, 0.9988, 0.66587],
							"uv": {
								"north": {"uv": [30, 33], "uv_size": [3, 3]},
								"east": {"uv": [28, 33], "uv_size": [2, 3]},
								"south": {"uv": [35, 33], "uv_size": [3, 3]},
								"west": {"uv": [33, 33], "uv_size": [2, 3]},
								"up": {"uv": [30, 31], "uv_size": [3, 2]},
								"down": {"uv": [33, 33], "uv_size": [3, -2]}
							}
						}
					]
				},
				{
					"name": "creepy",
					"parent": "head",
					"pivot": [0, 21, -1],
					"cubes": [
						{
							"origin": [-2.256, 20.1762, -1.47766],
							"size": [4.512, 2.456, 0.4512],
							"uv": {
								"north": {"uv": [34.5, 59], "uv_size": [10, 5]},
								"east": {"uv": [0, 59], "uv_size": [1, 5]},
								"south": {"uv": [12, 59], "uv_size": [10, 5]},
								"west": {"uv": [11, 59], "uv_size": [1, 5]},
								"up": {"uv": [1, 58], "uv_size": [10, 1]},
								"down": {"uv": [11, 59], "uv_size": [10, -1]}
							}
						}
					]
				},
				{
					"name": "upper",
					"parent": "creepy",
					"pivot": [0, 22.0042, -1.46456],
					"cubes": [
						{
							"origin": [-2.256, 21.3762, -1.56516],
							"size": [4.512, 1.256, 0.4512],
							"pivot": [0, 22.0042, -1.46456],
							"rotation": [-7.5, 0, 0],
							"uv": {
								"north": {"uv": [54, 58], "uv_size": [10, 3]},
								"east": {"uv": [0, 59], "uv_size": [1, 5]},
								"south": {"uv": [12, 59], "uv_size": [10, 5]},
								"west": {"uv": [11, 59], "uv_size": [1, 5]},
								"up": {"uv": [1, 58], "uv_size": [10, 1]},
								"down": {"uv": [11, 59], "uv_size": [10, -1]}
							}
						}
					]
				},
				{
					"name": "lower",
					"parent": "creepy",
					"pivot": [0, 19.7542, -1.33956],
					"cubes": [
						{
							"origin": [-2.256, 20.18742, -1.54064],
							"size": [4.512, 1.256, 0.4512],
							"pivot": [0, 20.81542, -1.31504],
							"rotation": [10, 0, 0],
							"uv": {
								"north": {"uv": [64, 61], "uv_size": [-10, 3]},
								"east": {"uv": [0, 59], "uv_size": [1, 5]},
								"south": {"uv": [12, 59], "uv_size": [10, 5]},
								"west": {"uv": [11, 59], "uv_size": [1, 5]},
								"up": {"uv": [1, 58], "uv_size": [10, 1]},
								"down": {"uv": [11, 59], "uv_size": [10, -1]}
							}
						}
					]
				},
				{
					"name": "rightArm",
					"parent": "body",
					"pivot": [-2.25, 18.5, 0],
					"rotation": [-19.9299, 1.70818, 7.19986],
					"cubes": [
						{
							"origin": [-3.48828, 18.00571, -1],
							"size": [1.5, 2, 2],
							"uv": {
								"north": {"uv": [48, 16], "uv_size": [3, 4]},
								"east": {"uv": [44, 16], "uv_size": [4, 4]},
								"south": {"uv": [55, 16], "uv_size": [3, 4]},
								"west": {"uv": [51, 16], "uv_size": [4, 4]},
								"up": {"uv": [48, 12], "uv_size": [3, 4]},
								"down": {"uv": [51, 16], "uv_size": [3, -4]}
							}
						},
						{
							"origin": [-3.8, 18.175, -1],
							"size": [0, 2, 2],
							"pivot": [-4.25, 19, 0],
							"rotation": [0, 0, 15],
							"uv": {
								"north": {"uv": [29, 60], "uv_size": [0, 4]},
								"east": {"uv": [25, 60], "uv_size": [2, 2]},
								"south": {"uv": [33, 60], "uv_size": [0, 4]},
								"west": {"uv": [29, 60], "uv_size": [4, 4]},
								"up": {"uv": [29, 56], "uv_size": [0, 4]},
								"down": {"uv": [29, 60], "uv_size": [0, -4]}
							}
						},
						{
							"origin": [-1.71607, 19.39788, -1],
							"size": [0, 2, 2],
							"pivot": [4.25, 19, 0],
							"rotation": [0, 0, -15],
							"uv": {
								"north": {"uv": [29, 60], "uv_size": [0, 4]},
								"east": {"uv": [33, 60], "uv_size": [-4, 4]},
								"south": {"uv": [33, 60], "uv_size": [0, 4]},
								"west": {"uv": [27, 60], "uv_size": [-2, 2]},
								"up": {"uv": [29, 56], "uv_size": [0, 4]},
								"down": {"uv": [29, 60], "uv_size": [0, -4]}
							}
						},
						{
							"origin": [-3.15, 18.025, -2],
							"size": [0, 2, 1.5],
							"pivot": [-3, 19.175, -1.05],
							"rotation": [-90, -75, 90],
							"uv": {
								"north": {"uv": [29, 60], "uv_size": [0, 4]},
								"east": {"uv": [25, 62], "uv_size": [1.5, 2]},
								"south": {"uv": [33, 60], "uv_size": [0, 4]},
								"west": {"uv": [29, 60], "uv_size": [4, 4]},
								"up": {"uv": [29, 56], "uv_size": [0, 4]},
								"down": {"uv": [29, 60], "uv_size": [0, -4]}
							}
						},
						{
							"origin": [-3.15, 18.025, 0.5],
							"size": [0, 2, 1.5],
							"pivot": [-3, 19.175, 1.05],
							"rotation": [90, 75, 90],
							"uv": {
								"north": {"uv": [33, 60], "uv_size": [0, 4]},
								"east": {"uv": [26.5, 62], "uv_size": [-1.5, 2]},
								"south": {"uv": [29, 60], "uv_size": [0, 4]},
								"west": {"uv": [33, 60], "uv_size": [-4, 4]},
								"up": {"uv": [29, 60], "uv_size": [0, -4]},
								"down": {"uv": [29, 56], "uv_size": [0, 4]}
							}
						}
					]
				},
				{
					"name": "rightArm2",
					"parent": "rightArm",
					"pivot": [-2.48828, 17.00571, 0],
					"cubes": [
						{
							"origin": [-3.48828, 16.00571, -1],
							"size": [1.5, 2, 2],
							"uv": {
								"north": {"uv": [54, 54], "uv_size": [3, 4]},
								"east": {"uv": [50, 54], "uv_size": [4, 4]},
								"south": {"uv": [61, 54], "uv_size": [3, 4]},
								"west": {"uv": [57, 54], "uv_size": [4, 4]},
								"up": {"uv": [54, 50], "uv_size": [3, 4]},
								"down": {"uv": [57, 54], "uv_size": [3, -4]}
							}
						},
						{
							"origin": [-3.3, 16.175, -1],
							"size": [0, 2, 2],
							"pivot": [-4.25, 19, 0],
							"rotation": [0, 0, 15],
							"uv": {
								"north": {"uv": [29, 60], "uv_size": [0, 4]},
								"east": {"uv": [27, 62], "uv_size": [-2, 2]},
								"south": {"uv": [33, 60], "uv_size": [0, 4]},
								"west": {"uv": [29, 60], "uv_size": [4, 4]},
								"up": {"uv": [29, 56], "uv_size": [0, 4]},
								"down": {"uv": [29, 60], "uv_size": [0, -4]}
							}
						},
						{
							"origin": [-2.21607, 17.39788, -1],
							"size": [0, 2, 2],
							"pivot": [4.25, 19, 0],
							"rotation": [0, 0, -15],
							"uv": {
								"north": {"uv": [29, 60], "uv_size": [0, 4]},
								"east": {"uv": [33, 60], "uv_size": [-4, 4]},
								"south": {"uv": [33, 60], "uv_size": [0, 4]},
								"west": {"uv": [25, 62], "uv_size": [2, 2]},
								"up": {"uv": [29, 56], "uv_size": [0, 4]},
								"down": {"uv": [29, 60], "uv_size": [0, -4]}
							}
						},
						{
							"origin": [-2.65, 16.025, -2],
							"size": [0, 2, 1.5],
							"pivot": [-3, 19.175, -1.05],
							"rotation": [-90, -75, 90],
							"uv": {
								"north": {"uv": [29, 60], "uv_size": [0, 4]},
								"east": {"uv": [25, 60], "uv_size": [1.5, 2]},
								"south": {"uv": [33, 60], "uv_size": [0, 4]},
								"west": {"uv": [29, 60], "uv_size": [4, 4]},
								"up": {"uv": [29, 56], "uv_size": [0, 4]},
								"down": {"uv": [29, 60], "uv_size": [0, -4]}
							}
						},
						{
							"origin": [-2.65, 16.025, 0.5],
							"size": [0, 2, 1.5],
							"pivot": [-3, 19.175, 1.05],
							"rotation": [90, 75, 90],
							"uv": {
								"north": {"uv": [33, 60], "uv_size": [0, 4]},
								"east": {"uv": [26.5, 60], "uv_size": [-1.5, 2]},
								"south": {"uv": [29, 60], "uv_size": [0, 4]},
								"west": {"uv": [33, 60], "uv_size": [-4, 4]},
								"up": {"uv": [29, 60], "uv_size": [0, -4]},
								"down": {"uv": [29, 56], "uv_size": [0, 4]}
							}
						}
					]
				},
				{
					"name": "rightArm3",
					"parent": "rightArm2",
					"pivot": [-2.48828, 15.00571, 0],
					"cubes": [
						{
							"origin": [-3.48828, 14.00571, -1],
							"size": [1.5, 2, 2],
							"uv": {
								"north": {"uv": [48, 16], "uv_size": [3, 4]},
								"east": {"uv": [44, 16], "uv_size": [4, 4]},
								"south": {"uv": [55, 16], "uv_size": [3, 4]},
								"west": {"uv": [51, 16], "uv_size": [4, 4]},
								"up": {"uv": [48, 12], "uv_size": [3, 4]},
								"down": {"uv": [51, 16], "uv_size": [3, -4]}
							}
						},
						{
							"origin": [-2.8, 14.175, -1],
							"size": [0, 2, 2],
							"pivot": [-4.25, 19, 0],
							"rotation": [0, 0, 15],
							"uv": {
								"north": {"uv": [29, 60], "uv_size": [0, 4]},
								"east": {"uv": [25, 60], "uv_size": [2, 2]},
								"south": {"uv": [33, 60], "uv_size": [0, 4]},
								"west": {"uv": [29, 60], "uv_size": [4, 4]},
								"up": {"uv": [29, 56], "uv_size": [0, 4]},
								"down": {"uv": [29, 60], "uv_size": [0, -4]}
							}
						},
						{
							"origin": [-2.71607, 15.39789, -1],
							"size": [0, 2, 2],
							"pivot": [4.25, 19, 0],
							"rotation": [0, 0, -15],
							"uv": {
								"north": {"uv": [29, 60], "uv_size": [0, 4]},
								"east": {"uv": [33, 60], "uv_size": [-4, 4]},
								"south": {"uv": [33, 60], "uv_size": [0, 4]},
								"west": {"uv": [27, 60], "uv_size": [-2, 2]},
								"up": {"uv": [29, 56], "uv_size": [0, 4]},
								"down": {"uv": [29, 60], "uv_size": [0, -4]}
							}
						},
						{
							"origin": [-2.15, 14.025, -2],
							"size": [0, 2, 1.5],
							"pivot": [-3, 19.175, -1.05],
							"rotation": [-90, -75, 90],
							"uv": {
								"north": {"uv": [29, 60], "uv_size": [0, 4]},
								"east": {"uv": [25, 60], "uv_size": [1.5, 2]},
								"south": {"uv": [33, 60], "uv_size": [0, 4]},
								"west": {"uv": [29, 60], "uv_size": [4, 4]},
								"up": {"uv": [29, 56], "uv_size": [0, 4]},
								"down": {"uv": [29, 60], "uv_size": [0, -4]}
							}
						},
						{
							"origin": [-2.15, 14.025, 0.5],
							"size": [0, 2, 1.5],
							"pivot": [-3, 19.175, 1.05],
							"rotation": [90, 75, 90],
							"uv": {
								"north": {"uv": [33, 60], "uv_size": [0, 4]},
								"east": {"uv": [26.5, 60], "uv_size": [-1.5, 2]},
								"south": {"uv": [29, 60], "uv_size": [0, 4]},
								"west": {"uv": [33, 60], "uv_size": [-4, 4]},
								"up": {"uv": [29, 60], "uv_size": [0, -4]},
								"down": {"uv": [29, 56], "uv_size": [0, 4]}
							}
						}
					]
				},
				{
					"name": "rightArm4",
					"parent": "rightArm3",
					"pivot": [-2.48828, 13.00571, 0],
					"cubes": [
						{
							"origin": [-3.48828, 12.00571, -1],
							"size": [1.5, 2, 2],
							"uv": {
								"north": {"uv": [54, 54], "uv_size": [3, 4]},
								"east": {"uv": [50, 54], "uv_size": [4, 4]},
								"south": {"uv": [61, 54], "uv_size": [3, 4]},
								"west": {"uv": [57, 54], "uv_size": [4, 4]},
								"up": {"uv": [54, 50], "uv_size": [3, 4]},
								"down": {"uv": [57, 54], "uv_size": [3, -4]}
							}
						},
						{
							"origin": [-2.3, 12.175, -1],
							"size": [0, 2, 2],
							"pivot": [-4.25, 19, 0],
							"rotation": [0, 0, 15],
							"uv": {
								"north": {"uv": [29, 60], "uv_size": [0, 4]},
								"east": {"uv": [25, 62], "uv_size": [2, 2]},
								"south": {"uv": [33, 60], "uv_size": [0, 4]},
								"west": {"uv": [29, 60], "uv_size": [4, 4]},
								"up": {"uv": [29, 56], "uv_size": [0, 4]},
								"down": {"uv": [29, 60], "uv_size": [0, -4]}
							}
						},
						{
							"origin": [-3.21607, 13.39789, -1],
							"size": [0, 2, 2],
							"pivot": [4.25, 19, 0],
							"rotation": [0, 0, -15],
							"uv": {
								"north": {"uv": [29, 60], "uv_size": [0, 4]},
								"east": {"uv": [33, 60], "uv_size": [-4, 4]},
								"south": {"uv": [33, 60], "uv_size": [0, 4]},
								"west": {"uv": [27, 62], "uv_size": [-2, 2]},
								"up": {"uv": [29, 56], "uv_size": [0, 4]},
								"down": {"uv": [29, 60], "uv_size": [0, -4]}
							}
						},
						{
							"origin": [-1.65, 12.025, -2],
							"size": [0, 2, 1.5],
							"pivot": [-3, 19.175, -1.05],
							"rotation": [-90, -75, 90],
							"uv": {
								"north": {"uv": [29, 60], "uv_size": [0, 4]},
								"east": {"uv": [25, 62], "uv_size": [1.5, 2]},
								"south": {"uv": [33, 60], "uv_size": [0, 4]},
								"west": {"uv": [29, 60], "uv_size": [4, 4]},
								"up": {"uv": [29, 56], "uv_size": [0, 4]},
								"down": {"uv": [29, 60], "uv_size": [0, -4]}
							}
						},
						{
							"origin": [-1.65, 12.025, 0.5],
							"size": [0, 2, 1.5],
							"pivot": [-3, 19.175, 1.05],
							"rotation": [90, 75, 90],
							"uv": {
								"north": {"uv": [33, 60], "uv_size": [0, 4]},
								"east": {"uv": [26.5, 62], "uv_size": [-1.5, 2]},
								"south": {"uv": [29, 60], "uv_size": [0, 4]},
								"west": {"uv": [33, 60], "uv_size": [-4, 4]},
								"up": {"uv": [29, 60], "uv_size": [0, -4]},
								"down": {"uv": [29, 56], "uv_size": [0, 4]}
							}
						}
					]
				},
				{
					"name": "rightArm5",
					"parent": "rightArm4",
					"pivot": [-2.48828, 11.00571, 0],
					"cubes": [
						{
							"origin": [-3.48828, 10.00571, -1],
							"size": [1.5, 2, 2],
							"uv": {
								"north": {"uv": [48, 16], "uv_size": [3, 4]},
								"east": {"uv": [44, 16], "uv_size": [4, 4]},
								"south": {"uv": [55, 16], "uv_size": [3, 4]},
								"west": {"uv": [51, 16], "uv_size": [4, 4]},
								"up": {"uv": [48, 12], "uv_size": [3, 4]},
								"down": {"uv": [51, 16], "uv_size": [3, -4]}
							}
						},
						{
							"origin": [-1.8, 10.675, -1],
							"size": [0, 2, 2],
							"pivot": [-4.25, 19, 0],
							"rotation": [0, 0, 15],
							"uv": {
								"north": {"uv": [29, 60], "uv_size": [0, 4]},
								"east": {"uv": [25, 60], "uv_size": [2, 2]},
								"south": {"uv": [33, 60], "uv_size": [0, 4]},
								"west": {"uv": [29, 60], "uv_size": [4, 4]},
								"up": {"uv": [29, 56], "uv_size": [0, 4]},
								"down": {"uv": [29, 60], "uv_size": [0, -4]}
							}
						},
						{
							"origin": [-3.71607, 11.89789, -1],
							"size": [0, 2, 2],
							"pivot": [4.25, 19, 0],
							"rotation": [0, 0, -15],
							"uv": {
								"north": {"uv": [29, 60], "uv_size": [0, 4]},
								"east": {"uv": [33, 60], "uv_size": [-4, 4]},
								"south": {"uv": [33, 60], "uv_size": [0, 4]},
								"west": {"uv": [27, 60], "uv_size": [-2, 2]},
								"up": {"uv": [29, 56], "uv_size": [0, 4]},
								"down": {"uv": [29, 60], "uv_size": [0, -4]}
							}
						},
						{
							"origin": [-1.15, 10.525, -2],
							"size": [0, 2, 1.5],
							"pivot": [-3, 19.175, -1.05],
							"rotation": [-90, -75, 90],
							"uv": {
								"north": {"uv": [29, 60], "uv_size": [0, 4]},
								"east": {"uv": [25.5, 60], "uv_size": [1.5, 2]},
								"south": {"uv": [33, 60], "uv_size": [0, 4]},
								"west": {"uv": [29, 60], "uv_size": [4, 4]},
								"up": {"uv": [29, 56], "uv_size": [0, 4]},
								"down": {"uv": [29, 60], "uv_size": [0, -4]}
							}
						},
						{
							"origin": [-1.15, 10.525, 0.5],
							"size": [0, 2, 1.5],
							"pivot": [-3, 19.175, 1.05],
							"rotation": [90, 75, 90],
							"uv": {
								"north": {"uv": [33, 60], "uv_size": [0, 4]},
								"east": {"uv": [27, 60], "uv_size": [-1.5, 2]},
								"south": {"uv": [29, 60], "uv_size": [0, 4]},
								"west": {"uv": [33, 60], "uv_size": [-4, 4]},
								"up": {"uv": [29, 60], "uv_size": [0, -4]},
								"down": {"uv": [29, 56], "uv_size": [0, 4]}
							}
						}
					]
				},
				{
					"name": "rightArm6",
					"parent": "rightArm5",
					"pivot": [-2.48828, 9.00571, 0],
					"cubes": [
						{
							"origin": [-3.59427, 6.65093, -1],
							"size": [0, 2, 2],
							"pivot": [-3.71927, 7.65093, 0],
							"rotation": [0, 0, 2.5],
							"uv": {
								"north": {"uv": [29, 60], "uv_size": [0, 4]},
								"east": {"uv": [25, 60], "uv_size": [2, 2]},
								"south": {"uv": [33, 60], "uv_size": [0, 4]},
								"west": {"uv": [29, 60], "uv_size": [4, 4]},
								"up": {"uv": [29, 56], "uv_size": [0, 4]},
								"down": {"uv": [29, 60], "uv_size": [0, -4]}
							}
						},
						{
							"origin": [-3.48828, 8.00571, -1],
							"size": [1.5, 2, 2],
							"uv": {
								"north": {"uv": [54, 54], "uv_size": [3, 4]},
								"east": {"uv": [50, 54], "uv_size": [4, 4]},
								"south": {"uv": [61, 54], "uv_size": [3, 4]},
								"west": {"uv": [57, 54], "uv_size": [4, 4]},
								"up": {"uv": [54, 50], "uv_size": [3, 4]},
								"down": {"uv": [57, 54], "uv_size": [3, -4]}
							}
						},
						{
							"origin": [-1.15, 8.175, -1],
							"size": [0, 2, 2],
							"pivot": [-4.25, 19, 0],
							"rotation": [0, 0, 15],
							"uv": {
								"north": {"uv": [29, 60], "uv_size": [0, 4]},
								"east": {"uv": [25, 62], "uv_size": [2, 2]},
								"south": {"uv": [33, 60], "uv_size": [0, 4]},
								"west": {"uv": [29, 60], "uv_size": [4, 4]},
								"up": {"uv": [29, 56], "uv_size": [0, 4]},
								"down": {"uv": [29, 60], "uv_size": [0, -4]}
							}
						},
						{
							"origin": [-4.36607, 9.39789, -1],
							"size": [0, 2, 2],
							"pivot": [4.25, 19, 0],
							"rotation": [0, 0, -15],
							"uv": {
								"north": {"uv": [29, 60], "uv_size": [0, 4]},
								"east": {"uv": [33, 60], "uv_size": [-4, 4]},
								"south": {"uv": [33, 60], "uv_size": [0, 4]},
								"west": {"uv": [27, 62], "uv_size": [-2, 2]},
								"up": {"uv": [29, 56], "uv_size": [0, 4]},
								"down": {"uv": [29, 60], "uv_size": [0, -4]}
							}
						},
						{
							"origin": [-0.5, 8.025, -2],
							"size": [0, 2, 1.5],
							"pivot": [-3, 19.175, -1.05],
							"rotation": [-90, -75, 90],
							"uv": {
								"north": {"uv": [29, 60], "uv_size": [0, 4]},
								"east": {"uv": [25.5, 62], "uv_size": [1.5, 2]},
								"south": {"uv": [33, 60], "uv_size": [0, 4]},
								"west": {"uv": [29, 60], "uv_size": [4, 4]},
								"up": {"uv": [29, 56], "uv_size": [0, 4]},
								"down": {"uv": [29, 60], "uv_size": [0, -4]}
							}
						},
						{
							"origin": [-2.9, 7.09551, -1.91746],
							"size": [0, 2, 1.5],
							"pivot": [-2.8, 7.14551, -1.16746],
							"rotation": [-90, -80, 90],
							"uv": {
								"north": {"uv": [29, 60], "uv_size": [0, 4]},
								"east": {"uv": [25.5, 62], "uv_size": [1.5, 2]},
								"south": {"uv": [33, 60], "uv_size": [0, 4]},
								"west": {"uv": [29, 60], "uv_size": [4, 4]},
								"up": {"uv": [29, 56], "uv_size": [0, 4]},
								"down": {"uv": [29, 60], "uv_size": [0, -4]}
							}
						},
						{
							"origin": [-0.5, 8.025, 0.5],
							"size": [0, 2, 1.5],
							"pivot": [-3, 19.175, 1.05],
							"rotation": [90, 75, 90],
							"uv": {
								"north": {"uv": [33, 60], "uv_size": [0, 4]},
								"east": {"uv": [27, 62], "uv_size": [-1.5, 2]},
								"south": {"uv": [29, 60], "uv_size": [0, 4]},
								"west": {"uv": [33, 60], "uv_size": [-4, 4]},
								"up": {"uv": [29, 60], "uv_size": [0, -4]},
								"down": {"uv": [29, 56], "uv_size": [0, 4]}
							}
						},
						{
							"origin": [-2.9, 7.09551, 0.41747],
							"size": [0, 2, 1.5],
							"pivot": [-2.8, 7.14551, 1.16747],
							"rotation": [90, 80, 90],
							"uv": {
								"north": {"uv": [33, 60], "uv_size": [0, 4]},
								"east": {"uv": [27, 62], "uv_size": [-1.5, 2]},
								"south": {"uv": [29, 60], "uv_size": [0, 4]},
								"west": {"uv": [33, 60], "uv_size": [-4, 4]},
								"up": {"uv": [29, 60], "uv_size": [0, -4]},
								"down": {"uv": [29, 56], "uv_size": [0, 4]}
							}
						},
						{
							"origin": [-0.5, 8.025, -2],
							"size": [0, 2, 1.5],
							"pivot": [-3, 19.175, -1.05],
							"rotation": [-90, -75, 90],
							"uv": {
								"north": {"uv": [29, 60], "uv_size": [0, 4]},
								"east": {"uv": [25.5, 62], "uv_size": [1.5, 2]},
								"south": {"uv": [33, 60], "uv_size": [0, 4]},
								"west": {"uv": [29, 60], "uv_size": [4, 4]},
								"up": {"uv": [29, 56], "uv_size": [0, 4]},
								"down": {"uv": [29, 60], "uv_size": [0, -4]}
							}
						}
					]
				},
				{
					"name": "rightArm7",
					"parent": "rightArm6",
					"pivot": [-2.98828, 8.00571, 0],
					"rotation": [0, 0, -12.5],
					"cubes": [
						{
							"origin": [-3.46625, 6.51047, -0.5],
							"size": [1, 2, 1.5],
							"uv": {
								"north": {"uv": [3, 23], "uv_size": [2, 4]},
								"east": {"uv": [0, 23], "uv_size": [3, 4]},
								"south": {"uv": [8, 23], "uv_size": [2, 4]},
								"west": {"uv": [5, 23], "uv_size": [3, 4]},
								"up": {"uv": [3, 20], "uv_size": [2, 3]},
								"down": {"uv": [5, 23], "uv_size": [2, -3]}
							}
						}
					]
				},
				{
					"name": "rightArm8",
					"parent": "rightArm7",
					"pivot": [-1.46625, 1.01047, 0],
					"rotation": [0, 0, -12.5],
					"cubes": [
						{
							"origin": [-1.96625, 7.01047, -1],
							"size": [1, 1.5, 0.5],
							"uv": {
								"north": {"uv": [35, 6], "uv_size": [2, 3]},
								"east": {"uv": [34, 6], "uv_size": [1, 3]},
								"south": {"uv": [38, 6], "uv_size": [2, 3]},
								"west": {"uv": [37, 6], "uv_size": [1, 3]},
								"up": {"uv": [35, 5], "uv_size": [2, 1]},
								"down": {"uv": [37, 6], "uv_size": [2, -1]}
							}
						}
					]
				},
				{
					"name": "leftArm",
					"parent": "body",
					"pivot": [2.25, 18.5, 0],
					"rotation": [-19.9299, -1.70818, -7.19986],
					"cubes": [
						{
							"origin": [1.98829, 18.00571, -1],
							"size": [1.5, 2, 2],
							"uv": {
								"north": {"uv": [51, 16], "uv_size": [-3, 4]},
								"east": {"uv": [55, 16], "uv_size": [-4, 4]},
								"south": {"uv": [58, 16], "uv_size": [-3, 4]},
								"west": {"uv": [48, 16], "uv_size": [-4, 4]},
								"up": {"uv": [51, 12], "uv_size": [-3, 4]},
								"down": {"uv": [54, 16], "uv_size": [-3, -4]}
							}
						},
						{
							"origin": [3.8, 18.175, -1],
							"size": [0, 2, 2],
							"pivot": [4.25, 19, 0],
							"rotation": [0, 0, -15],
							"uv": {
								"north": {"uv": [29, 60], "uv_size": [0, 4]},
								"east": {"uv": [33, 60], "uv_size": [-4, 4]},
								"south": {"uv": [33, 60], "uv_size": [0, 4]},
								"west": {"uv": [27, 60], "uv_size": [-2, 2]},
								"up": {"uv": [29, 56], "uv_size": [0, 4]},
								"down": {"uv": [29, 60], "uv_size": [0, -4]}
							}
						},
						{
							"origin": [1.71607, 19.39788, -1],
							"size": [0, 2, 2],
							"pivot": [-4.25, 19, 0],
							"rotation": [0, 0, 15],
							"uv": {
								"north": {"uv": [29, 60], "uv_size": [0, 4]},
								"east": {"uv": [25, 60], "uv_size": [2, 2]},
								"south": {"uv": [33, 60], "uv_size": [0, 4]},
								"west": {"uv": [29, 60], "uv_size": [4, 4]},
								"up": {"uv": [29, 56], "uv_size": [0, 4]},
								"down": {"uv": [29, 60], "uv_size": [0, -4]}
							}
						},
						{
							"origin": [3.15, 18.025, -2],
							"size": [0, 2, 1.5],
							"pivot": [3, 19.175, -1.05],
							"rotation": [-90, 75, -90],
							"uv": {
								"north": {"uv": [29, 60], "uv_size": [0, 4]},
								"east": {"uv": [33, 60], "uv_size": [-4, 4]},
								"south": {"uv": [33, 60], "uv_size": [0, 4]},
								"west": {"uv": [26.5, 62], "uv_size": [-1.5, 2]},
								"up": {"uv": [29, 56], "uv_size": [0, 4]},
								"down": {"uv": [29, 60], "uv_size": [0, -4]}
							}
						},
						{
							"origin": [3.15, 18.025, 0.5],
							"size": [0, 2, 1.5],
							"pivot": [3, 19.175, 1.05],
							"rotation": [90, -75, -90],
							"uv": {
								"north": {"uv": [33, 60], "uv_size": [0, 4]},
								"east": {"uv": [29, 60], "uv_size": [4, 4]},
								"south": {"uv": [29, 60], "uv_size": [0, 4]},
								"west": {"uv": [25, 62], "uv_size": [1.5, 2]},
								"up": {"uv": [29, 60], "uv_size": [0, -4]},
								"down": {"uv": [29, 56], "uv_size": [0, 4]}
							}
						}
					]
				},
				{
					"name": "leftArm2",
					"parent": "leftArm",
					"pivot": [2.48829, 17.00571, 0],
					"cubes": [
						{
							"origin": [1.98829, 16.00571, -1],
							"size": [1.5, 2, 2],
							"uv": {
								"north": {"uv": [57, 54], "uv_size": [-3, 4]},
								"east": {"uv": [61, 54], "uv_size": [-4, 4]},
								"south": {"uv": [64, 54], "uv_size": [-3, 4]},
								"west": {"uv": [54, 54], "uv_size": [-4, 4]},
								"up": {"uv": [57, 50], "uv_size": [-3, 4]},
								"down": {"uv": [60, 54], "uv_size": [-3, -4]}
							}
						},
						{
							"origin": [3.3, 16.175, -1],
							"size": [0, 2, 2],
							"pivot": [4.25, 19, 0],
							"rotation": [0, 0, -15],
							"uv": {
								"north": {"uv": [29, 60], "uv_size": [0, 4]},
								"east": {"uv": [33, 60], "uv_size": [-4, 4]},
								"south": {"uv": [33, 60], "uv_size": [0, 4]},
								"west": {"uv": [25, 62], "uv_size": [2, 2]},
								"up": {"uv": [29, 56], "uv_size": [0, 4]},
								"down": {"uv": [29, 60], "uv_size": [0, -4]}
							}
						},
						{
							"origin": [2.21607, 17.39788, -1],
							"size": [0, 2, 2],
							"pivot": [-4.25, 19, 0],
							"rotation": [0, 0, 15],
							"uv": {
								"north": {"uv": [29, 60], "uv_size": [0, 4]},
								"east": {"uv": [27, 62], "uv_size": [-2, 2]},
								"south": {"uv": [33, 60], "uv_size": [0, 4]},
								"west": {"uv": [29, 60], "uv_size": [4, 4]},
								"up": {"uv": [29, 56], "uv_size": [0, 4]},
								"down": {"uv": [29, 60], "uv_size": [0, -4]}
							}
						},
						{
							"origin": [2.65, 16.025, -2],
							"size": [0, 2, 1.5],
							"pivot": [3, 19.175, -1.05],
							"rotation": [-90, 75, -90],
							"uv": {
								"north": {"uv": [29, 60], "uv_size": [0, 4]},
								"east": {"uv": [33, 60], "uv_size": [-4, 4]},
								"south": {"uv": [33, 60], "uv_size": [0, 4]},
								"west": {"uv": [26.5, 60], "uv_size": [-1.5, 2]},
								"up": {"uv": [29, 56], "uv_size": [0, 4]},
								"down": {"uv": [29, 60], "uv_size": [0, -4]}
							}
						},
						{
							"origin": [2.65, 16.025, 0.5],
							"size": [0, 2, 1.5],
							"pivot": [3, 19.175, 1.05],
							"rotation": [90, -75, -90],
							"uv": {
								"north": {"uv": [33, 60], "uv_size": [0, 4]},
								"east": {"uv": [29, 60], "uv_size": [4, 4]},
								"south": {"uv": [29, 60], "uv_size": [0, 4]},
								"west": {"uv": [25, 60], "uv_size": [1.5, 2]},
								"up": {"uv": [29, 60], "uv_size": [0, -4]},
								"down": {"uv": [29, 56], "uv_size": [0, 4]}
							}
						}
					]
				},
				{
					"name": "leftArm3",
					"parent": "leftArm2",
					"pivot": [2.48829, 15.00571, 0],
					"cubes": [
						{
							"origin": [1.98829, 14.00571, -1],
							"size": [1.5, 2, 2],
							"uv": {
								"north": {"uv": [51, 16], "uv_size": [-3, 4]},
								"east": {"uv": [55, 16], "uv_size": [-4, 4]},
								"south": {"uv": [58, 16], "uv_size": [-3, 4]},
								"west": {"uv": [48, 16], "uv_size": [-4, 4]},
								"up": {"uv": [51, 12], "uv_size": [-3, 4]},
								"down": {"uv": [54, 16], "uv_size": [-3, -4]}
							}
						},
						{
							"origin": [2.8, 14.175, -1],
							"size": [0, 2, 2],
							"pivot": [4.25, 19, 0],
							"rotation": [0, 0, -15],
							"uv": {
								"north": {"uv": [29, 60], "uv_size": [0, 4]},
								"east": {"uv": [33, 60], "uv_size": [-4, 4]},
								"south": {"uv": [33, 60], "uv_size": [0, 4]},
								"west": {"uv": [27, 60], "uv_size": [-2, 2]},
								"up": {"uv": [29, 56], "uv_size": [0, 4]},
								"down": {"uv": [29, 60], "uv_size": [0, -4]}
							}
						},
						{
							"origin": [2.71607, 15.39789, -1],
							"size": [0, 2, 2],
							"pivot": [-4.25, 19, 0],
							"rotation": [0, 0, 15],
							"uv": {
								"north": {"uv": [29, 60], "uv_size": [0, 4]},
								"east": {"uv": [25, 60], "uv_size": [2, 2]},
								"south": {"uv": [33, 60], "uv_size": [0, 4]},
								"west": {"uv": [29, 60], "uv_size": [4, 4]},
								"up": {"uv": [29, 56], "uv_size": [0, 4]},
								"down": {"uv": [29, 60], "uv_size": [0, -4]}
							}
						},
						{
							"origin": [2.15, 14.025, -2],
							"size": [0, 2, 1.5],
							"pivot": [3, 19.175, -1.05],
							"rotation": [-90, 75, -90],
							"uv": {
								"north": {"uv": [29, 60], "uv_size": [0, 4]},
								"east": {"uv": [33, 60], "uv_size": [-4, 4]},
								"south": {"uv": [33, 60], "uv_size": [0, 4]},
								"west": {"uv": [26.5, 60], "uv_size": [-1.5, 2]},
								"up": {"uv": [29, 56], "uv_size": [0, 4]},
								"down": {"uv": [29, 60], "uv_size": [0, -4]}
							}
						},
						{
							"origin": [2.15, 14.025, 0.5],
							"size": [0, 2, 1.5],
							"pivot": [3, 19.175, 1.05],
							"rotation": [90, -75, -90],
							"uv": {
								"north": {"uv": [33, 60], "uv_size": [0, 4]},
								"east": {"uv": [29, 60], "uv_size": [4, 4]},
								"south": {"uv": [29, 60], "uv_size": [0, 4]},
								"west": {"uv": [25, 60], "uv_size": [1.5, 2]},
								"up": {"uv": [29, 60], "uv_size": [0, -4]},
								"down": {"uv": [29, 56], "uv_size": [0, 4]}
							}
						}
					]
				},
				{
					"name": "leftArm4",
					"parent": "leftArm3",
					"pivot": [2.48829, 13.00571, 0],
					"cubes": [
						{
							"origin": [1.98829, 12.00571, -1],
							"size": [1.5, 2, 2],
							"uv": {
								"north": {"uv": [57, 54], "uv_size": [-3, 4]},
								"east": {"uv": [61, 54], "uv_size": [-4, 4]},
								"south": {"uv": [64, 54], "uv_size": [-3, 4]},
								"west": {"uv": [54, 54], "uv_size": [-4, 4]},
								"up": {"uv": [57, 50], "uv_size": [-3, 4]},
								"down": {"uv": [60, 54], "uv_size": [-3, -4]}
							}
						},
						{
							"origin": [2.3, 12.175, -1],
							"size": [0, 2, 2],
							"pivot": [4.25, 19, 0],
							"rotation": [0, 0, -15],
							"uv": {
								"north": {"uv": [29, 60], "uv_size": [0, 4]},
								"east": {"uv": [33, 60], "uv_size": [-4, 4]},
								"south": {"uv": [33, 60], "uv_size": [0, 4]},
								"west": {"uv": [27, 62], "uv_size": [-2, 2]},
								"up": {"uv": [29, 56], "uv_size": [0, 4]},
								"down": {"uv": [29, 60], "uv_size": [0, -4]}
							}
						},
						{
							"origin": [3.21607, 13.39789, -1],
							"size": [0, 2, 2],
							"pivot": [-4.25, 19, 0],
							"rotation": [0, 0, 15],
							"uv": {
								"north": {"uv": [29, 60], "uv_size": [0, 4]},
								"east": {"uv": [25, 62], "uv_size": [2, 2]},
								"south": {"uv": [33, 60], "uv_size": [0, 4]},
								"west": {"uv": [29, 60], "uv_size": [4, 4]},
								"up": {"uv": [29, 56], "uv_size": [0, 4]},
								"down": {"uv": [29, 60], "uv_size": [0, -4]}
							}
						},
						{
							"origin": [1.65, 12.025, -2],
							"size": [0, 2, 1.5],
							"pivot": [3, 19.175, -1.05],
							"rotation": [-90, 75, -90],
							"uv": {
								"north": {"uv": [29, 60], "uv_size": [0, 4]},
								"east": {"uv": [33, 60], "uv_size": [-4, 4]},
								"south": {"uv": [33, 60], "uv_size": [0, 4]},
								"west": {"uv": [26.5, 62], "uv_size": [-1.5, 2]},
								"up": {"uv": [29, 56], "uv_size": [0, 4]},
								"down": {"uv": [29, 60], "uv_size": [0, -4]}
							}
						},
						{
							"origin": [1.65, 12.025, 0.5],
							"size": [0, 2, 1.5],
							"pivot": [3, 19.175, 1.05],
							"rotation": [90, -75, -90],
							"uv": {
								"north": {"uv": [33, 60], "uv_size": [0, 4]},
								"east": {"uv": [29, 60], "uv_size": [4, 4]},
								"south": {"uv": [29, 60], "uv_size": [0, 4]},
								"west": {"uv": [25, 62], "uv_size": [1.5, 2]},
								"up": {"uv": [29, 60], "uv_size": [0, -4]},
								"down": {"uv": [29, 56], "uv_size": [0, 4]}
							}
						}
					]
				},
				{
					"name": "leftArm5",
					"parent": "leftArm4",
					"pivot": [2.48829, 11.00571, 0],
					"cubes": [
						{
							"origin": [1.98829, 10.00571, -1],
							"size": [1.5, 2, 2],
							"uv": {
								"north": {"uv": [51, 16], "uv_size": [-3, 4]},
								"east": {"uv": [55, 16], "uv_size": [-4, 4]},
								"south": {"uv": [58, 16], "uv_size": [-3, 4]},
								"west": {"uv": [48, 16], "uv_size": [-4, 4]},
								"up": {"uv": [51, 12], "uv_size": [-3, 4]},
								"down": {"uv": [54, 16], "uv_size": [-3, -4]}
							}
						},
						{
							"origin": [1.8, 10.675, -1],
							"size": [0, 2, 2],
							"pivot": [4.25, 19, 0],
							"rotation": [0, 0, -15],
							"uv": {
								"north": {"uv": [29, 60], "uv_size": [0, 4]},
								"east": {"uv": [33, 60], "uv_size": [-4, 4]},
								"south": {"uv": [33, 60], "uv_size": [0, 4]},
								"west": {"uv": [27, 60], "uv_size": [-2, 2]},
								"up": {"uv": [29, 56], "uv_size": [0, 4]},
								"down": {"uv": [29, 60], "uv_size": [0, -4]}
							}
						},
						{
							"origin": [3.71607, 11.89789, -1],
							"size": [0, 2, 2],
							"pivot": [-4.25, 19, 0],
							"rotation": [0, 0, 15],
							"uv": {
								"north": {"uv": [29, 60], "uv_size": [0, 4]},
								"east": {"uv": [25, 60], "uv_size": [2, 2]},
								"south": {"uv": [33, 60], "uv_size": [0, 4]},
								"west": {"uv": [29, 60], "uv_size": [4, 4]},
								"up": {"uv": [29, 56], "uv_size": [0, 4]},
								"down": {"uv": [29, 60], "uv_size": [0, -4]}
							}
						},
						{
							"origin": [1.15, 10.525, -2],
							"size": [0, 2, 1.5],
							"pivot": [3, 19.175, -1.05],
							"rotation": [-90, 75, -90],
							"uv": {
								"north": {"uv": [29, 60], "uv_size": [0, 4]},
								"east": {"uv": [33, 60], "uv_size": [-4, 4]},
								"south": {"uv": [33, 60], "uv_size": [0, 4]},
								"west": {"uv": [27, 60], "uv_size": [-1.5, 2]},
								"up": {"uv": [29, 56], "uv_size": [0, 4]},
								"down": {"uv": [29, 60], "uv_size": [0, -4]}
							}
						},
						{
							"origin": [1.15, 10.525, 0.5],
							"size": [0, 2, 1.5],
							"pivot": [3, 19.175, 1.05],
							"rotation": [90, -75, -90],
							"uv": {
								"north": {"uv": [33, 60], "uv_size": [0, 4]},
								"east": {"uv": [29, 60], "uv_size": [4, 4]},
								"south": {"uv": [29, 60], "uv_size": [0, 4]},
								"west": {"uv": [25.5, 60], "uv_size": [1.5, 2]},
								"up": {"uv": [29, 60], "uv_size": [0, -4]},
								"down": {"uv": [29, 56], "uv_size": [0, 4]}
							}
						}
					]
				},
				{
					"name": "leftArm6",
					"parent": "leftArm5",
					"pivot": [2.48829, 9.00571, 0],
					"cubes": [
						{
							"origin": [3.59427, 6.65093, -1],
							"size": [0, 2, 2],
							"pivot": [3.71927, 7.65093, 0],
							"rotation": [0, 0, -2.5],
							"uv": {
								"north": {"uv": [29, 60], "uv_size": [0, 4]},
								"east": {"uv": [33, 60], "uv_size": [-4, 4]},
								"south": {"uv": [33, 60], "uv_size": [0, 4]},
								"west": {"uv": [27, 60], "uv_size": [-2, 2]},
								"up": {"uv": [29, 56], "uv_size": [0, 4]},
								"down": {"uv": [29, 60], "uv_size": [0, -4]}
							}
						},
						{
							"origin": [1.98829, 8.00571, -1],
							"size": [1.5, 2, 2],
							"uv": {
								"north": {"uv": [57, 54], "uv_size": [-3, 4]},
								"east": {"uv": [61, 54], "uv_size": [-4, 4]},
								"south": {"uv": [64, 54], "uv_size": [-3, 4]},
								"west": {"uv": [54, 54], "uv_size": [-4, 4]},
								"up": {"uv": [57, 50], "uv_size": [-3, 4]},
								"down": {"uv": [60, 54], "uv_size": [-3, -4]}
							}
						},
						{
							"origin": [1.15, 8.175, -1],
							"size": [0, 2, 2],
							"pivot": [4.25, 19, 0],
							"rotation": [0, 0, -15],
							"uv": {
								"north": {"uv": [29, 60], "uv_size": [0, 4]},
								"east": {"uv": [33, 60], "uv_size": [-4, 4]},
								"south": {"uv": [33, 60], "uv_size": [0, 4]},
								"west": {"uv": [27, 62], "uv_size": [-2, 2]},
								"up": {"uv": [29, 56], "uv_size": [0, 4]},
								"down": {"uv": [29, 60], "uv_size": [0, -4]}
							}
						},
						{
							"origin": [4.36607, 9.39789, -1],
							"size": [0, 2, 2],
							"pivot": [-4.25, 19, 0],
							"rotation": [0, 0, 15],
							"uv": {
								"north": {"uv": [29, 60], "uv_size": [0, 4]},
								"east": {"uv": [25, 62], "uv_size": [2, 2]},
								"south": {"uv": [33, 60], "uv_size": [0, 4]},
								"west": {"uv": [29, 60], "uv_size": [4, 4]},
								"up": {"uv": [29, 56], "uv_size": [0, 4]},
								"down": {"uv": [29, 60], "uv_size": [0, -4]}
							}
						},
						{
							"origin": [0.5, 8.025, -2],
							"size": [0, 2, 1.5],
							"pivot": [3, 19.175, -1.05],
							"rotation": [-90, 75, -90],
							"uv": {
								"north": {"uv": [29, 60], "uv_size": [0, 4]},
								"east": {"uv": [33, 60], "uv_size": [-4, 4]},
								"south": {"uv": [33, 60], "uv_size": [0, 4]},
								"west": {"uv": [27, 62], "uv_size": [-1.5, 2]},
								"up": {"uv": [29, 56], "uv_size": [0, 4]},
								"down": {"uv": [29, 60], "uv_size": [0, -4]}
							}
						},
						{
							"origin": [2.9, 7.09551, -1.91746],
							"size": [0, 2, 1.5],
							"pivot": [2.8, 7.14551, -1.16746],
							"rotation": [-90, 80, -90],
							"uv": {
								"north": {"uv": [29, 60], "uv_size": [0, 4]},
								"east": {"uv": [33, 60], "uv_size": [-4, 4]},
								"south": {"uv": [33, 60], "uv_size": [0, 4]},
								"west": {"uv": [27, 62], "uv_size": [-1.5, 2]},
								"up": {"uv": [29, 56], "uv_size": [0, 4]},
								"down": {"uv": [29, 60], "uv_size": [0, -4]}
							}
						},
						{
							"origin": [0.5, 8.025, 0.5],
							"size": [0, 2, 1.5],
							"pivot": [3, 19.175, 1.05],
							"rotation": [90, -75, -90],
							"uv": {
								"north": {"uv": [33, 60], "uv_size": [0, 4]},
								"east": {"uv": [29, 60], "uv_size": [4, 4]},
								"south": {"uv": [29, 60], "uv_size": [0, 4]},
								"west": {"uv": [25.5, 62], "uv_size": [1.5, 2]},
								"up": {"uv": [29, 60], "uv_size": [0, -4]},
								"down": {"uv": [29, 56], "uv_size": [0, 4]}
							}
						},
						{
							"origin": [2.9, 7.09551, 0.41747],
							"size": [0, 2, 1.5],
							"pivot": [2.8, 7.14551, 1.16747],
							"rotation": [90, -80, -90],
							"uv": {
								"north": {"uv": [33, 60], "uv_size": [0, 4]},
								"east": {"uv": [29, 60], "uv_size": [4, 4]},
								"south": {"uv": [29, 60], "uv_size": [0, 4]},
								"west": {"uv": [25.5, 62], "uv_size": [1.5, 2]},
								"up": {"uv": [29, 60], "uv_size": [0, -4]},
								"down": {"uv": [29, 56], "uv_size": [0, 4]}
							}
						},
						{
							"origin": [0.5, 8.025, -2],
							"size": [0, 2, 1.5],
							"pivot": [3, 19.175, -1.05],
							"rotation": [-90, 75, -90],
							"uv": {
								"north": {"uv": [29, 60], "uv_size": [0, 4]},
								"east": {"uv": [33, 60], "uv_size": [-4, 4]},
								"south": {"uv": [33, 60], "uv_size": [0, 4]},
								"west": {"uv": [27, 62], "uv_size": [-1.5, 2]},
								"up": {"uv": [29, 56], "uv_size": [0, 4]},
								"down": {"uv": [29, 60], "uv_size": [0, -4]}
							}
						}
					]
				},
				{
					"name": "leftArm7",
					"parent": "leftArm6",
					"pivot": [2.98829, 8.00571, 0],
					"rotation": [0, 0, 12.5],
					"cubes": [
						{
							"origin": [2.46626, 6.51047, -0.5],
							"size": [1, 2, 1.5],
							"uv": {
								"north": {"uv": [5, 23], "uv_size": [-2, 4]},
								"east": {"uv": [8, 23], "uv_size": [-3, 4]},
								"south": {"uv": [10, 23], "uv_size": [-2, 4]},
								"west": {"uv": [3, 23], "uv_size": [-3, 4]},
								"up": {"uv": [5, 20], "uv_size": [-2, 3]},
								"down": {"uv": [7, 23], "uv_size": [-2, -3]}
							}
						}
					]
				},
				{
					"name": "leftArm8",
					"parent": "leftArm7",
					"pivot": [1.46626, 1.01047, 0],
					"rotation": [0, 0, 12.5],
					"cubes": [
						{
							"origin": [0.96625, 7.01047, -1],
							"size": [1, 1.5, 0.5],
							"uv": {
								"north": {"uv": [37, 6], "uv_size": [-2, 3]},
								"east": {"uv": [38, 6], "uv_size": [-1, 3]},
								"south": {"uv": [40, 6], "uv_size": [-2, 3]},
								"west": {"uv": [35, 6], "uv_size": [-1, 3]},
								"up": {"uv": [37, 5], "uv_size": [-2, 1]},
								"down": {"uv": [39, 6], "uv_size": [-2, -1]}
							}
						}
					]
				},
				{
					"name": "leftLeg",
					"parent": "main",
					"pivot": [0.95, 15, 0],
					"rotation": [-12.5, -25, 0],
					"cubes": [
						{
							"origin": [0.45, 13, -1],
							"size": [1.5, 2, 2],
							"uv": {
								"north": {"uv": [21, 50], "uv_size": [-3, 4]},
								"east": {"uv": [25, 50], "uv_size": [-4, 4]},
								"south": {"uv": [28, 50], "uv_size": [-3, 4]},
								"west": {"uv": [18, 50], "uv_size": [-4, 4]},
								"up": {"uv": [21, 46], "uv_size": [-3, 4]},
								"down": {"uv": [24, 50], "uv_size": [-3, -4]}
							}
						},
						{
							"origin": [1.9, 13.15, 2.125],
							"size": [0, 2, 1.5],
							"pivot": [3, 19.175, 1.05],
							"rotation": [90, -75, -90],
							"uv": {
								"north": {"uv": [33, 60], "uv_size": [0, 4]},
								"east": {"uv": [29, 60], "uv_size": [4, 4]},
								"south": {"uv": [29, 60], "uv_size": [0, 4]},
								"west": {"uv": [25, 60], "uv_size": [1.5, 2]},
								"up": {"uv": [29, 60], "uv_size": [0, -4]},
								"down": {"uv": [29, 56], "uv_size": [0, 4]}
							}
						},
						{
							"origin": [1.9, 13.15, -3.625],
							"size": [0, 2, 1.5],
							"pivot": [3, 19.175, -1.05],
							"rotation": [-90, 75, -90],
							"uv": {
								"north": {"uv": [29, 60], "uv_size": [0, 4]},
								"east": {"uv": [33, 60], "uv_size": [-4, 4]},
								"south": {"uv": [33, 60], "uv_size": [0, 4]},
								"west": {"uv": [26.5, 62], "uv_size": [-1.5, 2]},
								"up": {"uv": [29, 56], "uv_size": [0, 4]},
								"down": {"uv": [29, 60], "uv_size": [0, -4]}
							}
						},
						{
							"origin": [0.95, 13.675, -1],
							"size": [0, 2, 2],
							"pivot": [4.25, 19, 0],
							"rotation": [0, 0, -15],
							"uv": {
								"north": {"uv": [29, 60], "uv_size": [0, 4]},
								"east": {"uv": [33, 60], "uv_size": [-4, 4]},
								"south": {"uv": [33, 60], "uv_size": [0, 4]},
								"west": {"uv": [25, 62], "uv_size": [2, 2]},
								"up": {"uv": [29, 56], "uv_size": [0, 4]},
								"down": {"uv": [29, 60], "uv_size": [0, -4]}
							}
						},
						{
							"origin": [0.38825, 13.07122, -1],
							"size": [0, 2, 2],
							"pivot": [0.43561, 14.86037, 0],
							"rotation": [0, 0, 7.5],
							"uv": {
								"north": {"uv": [29, 60], "uv_size": [0, 4]},
								"east": {"uv": [27, 62], "uv_size": [-2, 2]},
								"south": {"uv": [33, 60], "uv_size": [0, 4]},
								"west": {"uv": [29, 60], "uv_size": [4, 4]},
								"up": {"uv": [29, 56], "uv_size": [0, 4]},
								"down": {"uv": [29, 60], "uv_size": [0, -4]}
							}
						}
					]
				},
				{
					"name": "leftLeg2",
					"parent": "leftLeg",
					"pivot": [0.95, 12.5, 0],
					"rotation": [7.5, 0, 0],
					"cubes": [
						{
							"origin": [0.45, 11, -1],
							"size": [1.5, 2, 2],
							"uv": {
								"north": {"uv": [53, 27], "uv_size": [-3, 4]},
								"east": {"uv": [57, 27], "uv_size": [-4, 4]},
								"south": {"uv": [60, 27], "uv_size": [-3, 4]},
								"west": {"uv": [50, 27], "uv_size": [-4, 4]},
								"up": {"uv": [53, 23], "uv_size": [-3, 4]},
								"down": {"uv": [56, 27], "uv_size": [-3, -4]}
							}
						}
					]
				},
				{
					"name": "leftLeg3",
					"parent": "leftLeg2",
					"pivot": [0.95, 10.5, 0],
					"rotation": [10, 0, 0],
					"cubes": [
						{
							"origin": [0.45, 9, -1],
							"size": [1.5, 2, 2],
							"uv": {
								"north": {"uv": [21, 50], "uv_size": [-3, 4]},
								"east": {"uv": [25, 50], "uv_size": [-4, 4]},
								"south": {"uv": [28, 50], "uv_size": [-3, 4]},
								"west": {"uv": [18, 50], "uv_size": [-4, 4]},
								"up": {"uv": [21, 46], "uv_size": [-3, 4]},
								"down": {"uv": [24, 50], "uv_size": [-3, -4]}
							}
						}
					]
				},
				{
					"name": "leftLeg4",
					"parent": "leftLeg3",
					"pivot": [0.95, 8.5, 0],
					"rotation": [-10, 0, 0],
					"cubes": [
						{
							"origin": [0.45, 7, -1],
							"size": [1.5, 2, 2],
							"uv": {
								"north": {"uv": [53, 27], "uv_size": [-3, 4]},
								"east": {"uv": [57, 27], "uv_size": [-4, 4]},
								"south": {"uv": [60, 27], "uv_size": [-3, 4]},
								"west": {"uv": [50, 27], "uv_size": [-4, 4]},
								"up": {"uv": [53, 23], "uv_size": [-3, 4]},
								"down": {"uv": [56, 27], "uv_size": [-3, -4]}
							}
						}
					]
				},
				{
					"name": "leftLeg5",
					"parent": "leftLeg4",
					"pivot": [0.95, 6.5, 0],
					"rotation": [7.5, 0, 0],
					"cubes": [
						{
							"origin": [0.45, 5, -1],
							"size": [1.5, 2, 2],
							"uv": {
								"north": {"uv": [21, 50], "uv_size": [-3, 4]},
								"east": {"uv": [25, 50], "uv_size": [-4, 4]},
								"south": {"uv": [28, 50], "uv_size": [-3, 4]},
								"west": {"uv": [18, 50], "uv_size": [-4, 4]},
								"up": {"uv": [21, 46], "uv_size": [-3, 4]},
								"down": {"uv": [24, 50], "uv_size": [-3, -4]}
							}
						}
					]
				},
				{
					"name": "leftLeg6",
					"parent": "leftLeg5",
					"pivot": [0.95, 4.5, 0],
					"rotation": [-7.5, 0, 0],
					"cubes": [
						{
							"origin": [0.45, 3, -1],
							"size": [1.5, 2, 2],
							"uv": {
								"north": {"uv": [53, 27], "uv_size": [-3, 4]},
								"east": {"uv": [57, 27], "uv_size": [-4, 4]},
								"south": {"uv": [60, 27], "uv_size": [-3, 4]},
								"west": {"uv": [50, 27], "uv_size": [-4, 4]},
								"up": {"uv": [53, 23], "uv_size": [-3, 4]},
								"down": {"uv": [56, 27], "uv_size": [-3, -4]}
							}
						}
					]
				},
				{
					"name": "leftLeg7",
					"parent": "leftLeg6",
					"pivot": [0.95, 2.5, 0],
					"rotation": [5, 0, 0],
					"cubes": [
						{
							"origin": [0.45, 1, -1],
							"size": [1.5, 2, 2],
							"uv": {
								"north": {"uv": [21, 50], "uv_size": [-3, 4]},
								"east": {"uv": [25, 50], "uv_size": [-4, 4]},
								"south": {"uv": [28, 50], "uv_size": [-3, 4]},
								"west": {"uv": [18, 50], "uv_size": [-4, 4]},
								"up": {"uv": [21, 46], "uv_size": [-3, 4]},
								"down": {"uv": [24, 50], "uv_size": [-3, -4]}
							}
						},
						{
							"origin": [1.9, 1.4, 2.125],
							"size": [0, 2, 1.5],
							"pivot": [3, 7.425, 1.05],
							"rotation": [90, -75, -90],
							"uv": {
								"north": {"uv": [33, 60], "uv_size": [0, 4]},
								"east": {"uv": [29, 60], "uv_size": [4, 4]},
								"south": {"uv": [29, 60], "uv_size": [0, 4]},
								"west": {"uv": [25, 60], "uv_size": [1.5, 2]},
								"up": {"uv": [29, 60], "uv_size": [0, -4]},
								"down": {"uv": [29, 56], "uv_size": [0, 4]}
							}
						},
						{
							"origin": [0.95, 1.925, -1],
							"size": [0, 2, 2],
							"pivot": [4.25, 7.25, 0],
							"rotation": [0, 0, -15],
							"uv": {
								"north": {"uv": [29, 60], "uv_size": [0, 4]},
								"east": {"uv": [33, 60], "uv_size": [-4, 4]},
								"south": {"uv": [33, 60], "uv_size": [0, 4]},
								"west": {"uv": [25, 62], "uv_size": [2, 2]},
								"up": {"uv": [29, 56], "uv_size": [0, 4]},
								"down": {"uv": [29, 60], "uv_size": [0, -4]}
							}
						},
						{
							"origin": [0.95, 1.05, -1],
							"size": [0, 2, 2],
							"pivot": [4.25, 6.375, 0],
							"rotation": [0, 0, -15],
							"uv": {
								"north": {"uv": [29, 60], "uv_size": [0, 4]},
								"east": {"uv": [33, 60], "uv_size": [-4, 4]},
								"south": {"uv": [33, 60], "uv_size": [0, 4]},
								"west": {"uv": [25, 62], "uv_size": [2, 2]},
								"up": {"uv": [29, 56], "uv_size": [0, 4]},
								"down": {"uv": [29, 60], "uv_size": [0, -4]}
							}
						},
						{
							"origin": [1.9, 0.525, -3.625],
							"size": [0, 2, 1.5],
							"pivot": [3, 6.55, -1.05],
							"rotation": [-90, 75, -90],
							"uv": {
								"north": {"uv": [29, 60], "uv_size": [0, 4]},
								"east": {"uv": [33, 60], "uv_size": [-4, 4]},
								"south": {"uv": [33, 60], "uv_size": [0, 4]},
								"west": {"uv": [26.5, 62], "uv_size": [-1.5, 2]},
								"up": {"uv": [29, 56], "uv_size": [0, 4]},
								"down": {"uv": [29, 60], "uv_size": [0, -4]}
							}
						},
						{
							"origin": [1.9, 1.4, -3.625],
							"size": [0, 2, 1.5],
							"pivot": [3, 7.425, -1.05],
							"rotation": [-90, 75, -90],
							"uv": {
								"north": {"uv": [29, 60], "uv_size": [0, 4]},
								"east": {"uv": [33, 60], "uv_size": [-4, 4]},
								"south": {"uv": [33, 60], "uv_size": [0, 4]},
								"west": {"uv": [26.5, 62], "uv_size": [-1.5, 2]},
								"up": {"uv": [29, 56], "uv_size": [0, 4]},
								"down": {"uv": [29, 60], "uv_size": [0, -4]}
							}
						},
						{
							"origin": [0.38825, 1.32122, -1],
							"size": [0, 2, 2],
							"pivot": [0.43561, 3.11037, 0],
							"rotation": [0, 0, 7.5],
							"uv": {
								"north": {"uv": [29, 60], "uv_size": [0, 4]},
								"east": {"uv": [27, 62], "uv_size": [-2, 2]},
								"south": {"uv": [33, 60], "uv_size": [0, 4]},
								"west": {"uv": [29, 60], "uv_size": [4, 4]},
								"up": {"uv": [29, 56], "uv_size": [0, 4]},
								"down": {"uv": [29, 60], "uv_size": [0, -4]}
							}
						},
						{
							"origin": [1.9, 0.525, 2.125],
							"size": [0, 2, 1.5],
							"pivot": [3, 6.55, 1.05],
							"rotation": [90, -75, -90],
							"uv": {
								"north": {"uv": [33, 60], "uv_size": [0, 4]},
								"east": {"uv": [29, 60], "uv_size": [4, 4]},
								"south": {"uv": [29, 60], "uv_size": [0, 4]},
								"west": {"uv": [25, 60], "uv_size": [1.5, 2]},
								"up": {"uv": [29, 60], "uv_size": [0, -4]},
								"down": {"uv": [29, 56], "uv_size": [0, 4]}
							}
						}
					]
				},
				{
					"name": "leftLeg8",
					"parent": "leftLeg7",
					"pivot": [0.95, 0.5, 0],
					"cubes": [
						{
							"origin": [0.45, 0, -1.5],
							"size": [1.5, 1, 2.5],
							"uv": {
								"north": {"uv": [49, 10], "uv_size": [3, 2]},
								"east": {"uv": [44, 10], "uv_size": [5, 2]},
								"south": {"uv": [57, 10], "uv_size": [3, 2]},
								"west": {"uv": [52, 10], "uv_size": [5, 2]},
								"up": {"uv": [49, 5], "uv_size": [3, 5]},
								"down": {"uv": [52, 10], "uv_size": [3, -5]}
							}
						}
					]
				},
				{
					"name": "leftLeg9",
					"parent": "leftLeg8",
					"pivot": [1.45, -5.5, 0],
					"rotation": [0, 12.5, 0],
					"cubes": [
						{
							"origin": [0.45, 0, -1.5],
							"size": [0.5, 1, 2.5],
							"uv": {
								"north": {"uv": [45, 52], "uv_size": [1, 2]},
								"east": {"uv": [40, 52], "uv_size": [5, 2]},
								"south": {"uv": [51, 52], "uv_size": [1, 2]},
								"west": {"uv": [46, 52], "uv_size": [5, 2]},
								"up": {"uv": [45, 47], "uv_size": [1, 5]},
								"down": {"uv": [46, 52], "uv_size": [1, -5]}
							}
						}
					]
				},
				{
					"name": "rightLeg",
					"parent": "main",
					"pivot": [-0.95, 15, 0],
					"rotation": [-7.5, 22.5, 0],
					"cubes": [
						{
							"origin": [-1.95, 13, -1],
							"size": [1.5, 2, 2],
							"uv": {
								"north": {"uv": [18, 50], "uv_size": [3, 4]},
								"east": {"uv": [14, 50], "uv_size": [4, 4]},
								"south": {"uv": [25, 50], "uv_size": [3, 4]},
								"west": {"uv": [21, 50], "uv_size": [4, 4]},
								"up": {"uv": [18, 46], "uv_size": [3, 4]},
								"down": {"uv": [21, 50], "uv_size": [3, -4]}
							}
						},
						{
							"origin": [-1.9, 13.15, 2.125],
							"size": [0, 2, 1.5],
							"pivot": [-3, 19.175, 1.05],
							"rotation": [90, 75, 90],
							"uv": {
								"north": {"uv": [33, 60], "uv_size": [0, 4]},
								"east": {"uv": [26.5, 60], "uv_size": [-1.5, 2]},
								"south": {"uv": [29, 60], "uv_size": [0, 4]},
								"west": {"uv": [33, 60], "uv_size": [-4, 4]},
								"up": {"uv": [29, 60], "uv_size": [0, -4]},
								"down": {"uv": [29, 56], "uv_size": [0, 4]}
							}
						},
						{
							"origin": [-1.9, 13.15, -3.625],
							"size": [0, 2, 1.5],
							"pivot": [-3, 19.175, -1.05],
							"rotation": [-90, -75, 90],
							"uv": {
								"north": {"uv": [29, 60], "uv_size": [0, 4]},
								"east": {"uv": [25, 62], "uv_size": [1.5, 2]},
								"south": {"uv": [33, 60], "uv_size": [0, 4]},
								"west": {"uv": [29, 60], "uv_size": [4, 4]},
								"up": {"uv": [29, 56], "uv_size": [0, 4]},
								"down": {"uv": [29, 60], "uv_size": [0, -4]}
							}
						},
						{
							"origin": [-0.95, 13.675, -1],
							"size": [0, 2, 2],
							"pivot": [-4.25, 19, 0],
							"rotation": [0, 0, 15],
							"uv": {
								"north": {"uv": [29, 60], "uv_size": [0, 4]},
								"east": {"uv": [27, 62], "uv_size": [-2, 2]},
								"south": {"uv": [33, 60], "uv_size": [0, 4]},
								"west": {"uv": [29, 60], "uv_size": [4, 4]},
								"up": {"uv": [29, 56], "uv_size": [0, 4]},
								"down": {"uv": [29, 60], "uv_size": [0, -4]}
							}
						},
						{
							"origin": [-0.38824, 13.07122, -1],
							"size": [0, 2, 2],
							"pivot": [-0.43561, 14.86037, 0],
							"rotation": [0, 0, -7.5],
							"uv": {
								"north": {"uv": [29, 60], "uv_size": [0, 4]},
								"east": {"uv": [33, 60], "uv_size": [-4, 4]},
								"south": {"uv": [33, 60], "uv_size": [0, 4]},
								"west": {"uv": [25, 62], "uv_size": [2, 2]},
								"up": {"uv": [29, 56], "uv_size": [0, 4]},
								"down": {"uv": [29, 60], "uv_size": [0, -4]}
							}
						}
					]
				},
				{
					"name": "rightLeg2",
					"parent": "rightLeg",
					"pivot": [-0.95, 12.5, 0],
					"rotation": [-7.5, 0, 0],
					"cubes": [
						{
							"origin": [-1.95, 11, -1],
							"size": [1.5, 2, 2],
							"uv": {
								"north": {"uv": [50, 27], "uv_size": [3, 4]},
								"east": {"uv": [46, 27], "uv_size": [4, 4]},
								"south": {"uv": [57, 27], "uv_size": [3, 4]},
								"west": {"uv": [53, 27], "uv_size": [4, 4]},
								"up": {"uv": [50, 23], "uv_size": [3, 4]},
								"down": {"uv": [53, 27], "uv_size": [3, -4]}
							}
						}
					]
				},
				{
					"name": "rightLeg3",
					"parent": "rightLeg2",
					"pivot": [-0.95, 10.5, 0],
					"rotation": [10, 0, 0],
					"cubes": [
						{
							"origin": [-1.95, 9, -1],
							"size": [1.5, 2, 2],
							"uv": {
								"north": {"uv": [18, 50], "uv_size": [3, 4]},
								"east": {"uv": [14, 50], "uv_size": [4, 4]},
								"south": {"uv": [25, 50], "uv_size": [3, 4]},
								"west": {"uv": [21, 50], "uv_size": [4, 4]},
								"up": {"uv": [18, 46], "uv_size": [3, 4]},
								"down": {"uv": [21, 50], "uv_size": [3, -4]}
							}
						}
					]
				},
				{
					"name": "rightLeg4",
					"parent": "rightLeg3",
					"pivot": [-0.95, 8.5, 0],
					"rotation": [12.5, 0, 0],
					"cubes": [
						{
							"origin": [-1.95, 7, -1],
							"size": [1.5, 2, 2],
							"uv": {
								"north": {"uv": [50, 27], "uv_size": [3, 4]},
								"east": {"uv": [46, 27], "uv_size": [4, 4]},
								"south": {"uv": [57, 27], "uv_size": [3, 4]},
								"west": {"uv": [53, 27], "uv_size": [4, 4]},
								"up": {"uv": [50, 23], "uv_size": [3, 4]},
								"down": {"uv": [53, 27], "uv_size": [3, -4]}
							}
						}
					]
				},
				{
					"name": "rightLeg5",
					"parent": "rightLeg4",
					"pivot": [-0.95, 6.5, 0],
					"rotation": [-5, 0, 0],
					"cubes": [
						{
							"origin": [-1.95, 5, -1],
							"size": [1.5, 2, 2],
							"uv": {
								"north": {"uv": [18, 50], "uv_size": [3, 4]},
								"east": {"uv": [14, 50], "uv_size": [4, 4]},
								"south": {"uv": [25, 50], "uv_size": [3, 4]},
								"west": {"uv": [21, 50], "uv_size": [4, 4]},
								"up": {"uv": [18, 46], "uv_size": [3, 4]},
								"down": {"uv": [21, 50], "uv_size": [3, -4]}
							}
						}
					]
				},
				{
					"name": "rightLeg6",
					"parent": "rightLeg5",
					"pivot": [-0.95, 4.5, 0],
					"rotation": [-10, 0, 0],
					"cubes": [
						{
							"origin": [-1.95, 3, -1],
							"size": [1.5, 2, 2],
							"uv": {
								"north": {"uv": [50, 27], "uv_size": [3, 4]},
								"east": {"uv": [46, 27], "uv_size": [4, 4]},
								"south": {"uv": [57, 27], "uv_size": [3, 4]},
								"west": {"uv": [53, 27], "uv_size": [4, 4]},
								"up": {"uv": [50, 23], "uv_size": [3, 4]},
								"down": {"uv": [53, 27], "uv_size": [3, -4]}
							}
						}
					]
				},
				{
					"name": "rightLeg7",
					"parent": "rightLeg6",
					"pivot": [-0.95, 2.5, 0],
					"rotation": [7.5, 0, 0],
					"cubes": [
						{
							"origin": [-1.95, 1, -1],
							"size": [1.5, 2, 2],
							"uv": {
								"north": {"uv": [18, 50], "uv_size": [3, 4]},
								"east": {"uv": [14, 50], "uv_size": [4, 4]},
								"south": {"uv": [25, 50], "uv_size": [3, 4]},
								"west": {"uv": [21, 50], "uv_size": [4, 4]},
								"up": {"uv": [18, 46], "uv_size": [3, 4]},
								"down": {"uv": [21, 50], "uv_size": [3, -4]}
							}
						},
						{
							"origin": [-1.9, 1.4, 2.125],
							"size": [0, 2, 1.5],
							"pivot": [-3, 7.425, 1.05],
							"rotation": [90, 75, 90],
							"uv": {
								"north": {"uv": [33, 60], "uv_size": [0, 4]},
								"east": {"uv": [26.5, 60], "uv_size": [-1.5, 2]},
								"south": {"uv": [29, 60], "uv_size": [0, 4]},
								"west": {"uv": [33, 60], "uv_size": [-4, 4]},
								"up": {"uv": [29, 60], "uv_size": [0, -4]},
								"down": {"uv": [29, 56], "uv_size": [0, 4]}
							}
						},
						{
							"origin": [-0.95, 1.925, -1],
							"size": [0, 2, 2],
							"pivot": [-4.25, 7.25, 0],
							"rotation": [0, 0, 15],
							"uv": {
								"north": {"uv": [29, 60], "uv_size": [0, 4]},
								"east": {"uv": [27, 62], "uv_size": [-2, 2]},
								"south": {"uv": [33, 60], "uv_size": [0, 4]},
								"west": {"uv": [29, 60], "uv_size": [4, 4]},
								"up": {"uv": [29, 56], "uv_size": [0, 4]},
								"down": {"uv": [29, 60], "uv_size": [0, -4]}
							}
						},
						{
							"origin": [-0.95, 1.05, -1],
							"size": [0, 2, 2],
							"pivot": [-4.25, 6.375, 0],
							"rotation": [0, 0, 15],
							"uv": {
								"north": {"uv": [29, 60], "uv_size": [0, 4]},
								"east": {"uv": [27, 62], "uv_size": [-2, 2]},
								"south": {"uv": [33, 60], "uv_size": [0, 4]},
								"west": {"uv": [29, 60], "uv_size": [4, 4]},
								"up": {"uv": [29, 56], "uv_size": [0, 4]},
								"down": {"uv": [29, 60], "uv_size": [0, -4]}
							}
						},
						{
							"origin": [-1.9, 0.525, -3.625],
							"size": [0, 2, 1.5],
							"pivot": [-3, 6.55, -1.05],
							"rotation": [-90, -75, 90],
							"uv": {
								"north": {"uv": [29, 60], "uv_size": [0, 4]},
								"east": {"uv": [25, 62], "uv_size": [1.5, 2]},
								"south": {"uv": [33, 60], "uv_size": [0, 4]},
								"west": {"uv": [29, 60], "uv_size": [4, 4]},
								"up": {"uv": [29, 56], "uv_size": [0, 4]},
								"down": {"uv": [29, 60], "uv_size": [0, -4]}
							}
						},
						{
							"origin": [-1.9, 1.4, -3.625],
							"size": [0, 2, 1.5],
							"pivot": [-3, 7.425, -1.05],
							"rotation": [-90, -75, 90],
							"uv": {
								"north": {"uv": [29, 60], "uv_size": [0, 4]},
								"east": {"uv": [25, 62], "uv_size": [1.5, 2]},
								"south": {"uv": [33, 60], "uv_size": [0, 4]},
								"west": {"uv": [29, 60], "uv_size": [4, 4]},
								"up": {"uv": [29, 56], "uv_size": [0, 4]},
								"down": {"uv": [29, 60], "uv_size": [0, -4]}
							}
						},
						{
							"origin": [-0.38824, 1.32122, -1],
							"size": [0, 2, 2],
							"pivot": [-0.43561, 3.11037, 0],
							"rotation": [0, 0, -7.5],
							"uv": {
								"north": {"uv": [29, 60], "uv_size": [0, 4]},
								"east": {"uv": [33, 60], "uv_size": [-4, 4]},
								"south": {"uv": [33, 60], "uv_size": [0, 4]},
								"west": {"uv": [25, 62], "uv_size": [2, 2]},
								"up": {"uv": [29, 56], "uv_size": [0, 4]},
								"down": {"uv": [29, 60], "uv_size": [0, -4]}
							}
						},
						{
							"origin": [-0.38824, 0.44622, -1],
							"size": [0, 2, 2],
							"pivot": [-0.43561, 2.23537, 0],
							"rotation": [0, 0, -7.5],
							"uv": {
								"north": {"uv": [29, 60], "uv_size": [0, 4]},
								"east": {"uv": [33, 60], "uv_size": [-4, 4]},
								"south": {"uv": [33, 60], "uv_size": [0, 4]},
								"west": {"uv": [25, 62], "uv_size": [2, 2]},
								"up": {"uv": [29, 56], "uv_size": [0, 4]},
								"down": {"uv": [29, 60], "uv_size": [0, -4]}
							}
						},
						{
							"origin": [-1.9, 0.525, 2.125],
							"size": [0, 2, 1.5],
							"pivot": [-3, 6.55, 1.05],
							"rotation": [90, 75, 90],
							"uv": {
								"north": {"uv": [33, 60], "uv_size": [0, 4]},
								"east": {"uv": [26.5, 60], "uv_size": [-1.5, 2]},
								"south": {"uv": [29, 60], "uv_size": [0, 4]},
								"west": {"uv": [33, 60], "uv_size": [-4, 4]},
								"up": {"uv": [29, 60], "uv_size": [0, -4]},
								"down": {"uv": [29, 56], "uv_size": [0, 4]}
							}
						}
					]
				},
				{
					"name": "rightLeg8",
					"parent": "rightLeg7",
					"pivot": [-0.95, 0.5, 0],
					"cubes": [
						{
							"origin": [-1.95, 0, -1.5],
							"size": [1.5, 1, 2.5],
							"uv": {
								"north": {"uv": [52, 10], "uv_size": [-3, 2]},
								"east": {"uv": [57, 10], "uv_size": [-5, 2]},
								"south": {"uv": [60, 10], "uv_size": [-3, 2]},
								"west": {"uv": [49, 10], "uv_size": [-5, 2]},
								"up": {"uv": [52, 5], "uv_size": [-3, 5]},
								"down": {"uv": [55, 10], "uv_size": [-3, -5]}
							}
						}
					]
				},
				{
					"name": "rightLeg9",
					"parent": "rightLeg8",
					"pivot": [-1.45, -5.5, 0],
					"rotation": [0, -12.5, 0],
					"cubes": [
						{
							"origin": [-0.95, 0, -1.5],
							"size": [0.5, 1, 2.5],
							"uv": {
								"north": {"uv": [46, 52], "uv_size": [-1, 2]},
								"east": {"uv": [51, 52], "uv_size": [-5, 2]},
								"south": {"uv": [52, 52], "uv_size": [-1, 2]},
								"west": {"uv": [45, 52], "uv_size": [-5, 2]},
								"up": {"uv": [46, 47], "uv_size": [-1, 5]},
								"down": {"uv": [47, 52], "uv_size": [-1, -5]}
							}
						}
					]
				}
			]
		}
	]
}