{
	"format_version": "1.10.0",
	"geometry.ic_hare": {
		"texturewidth": 64,
		"textureheight": 64,
		"visible_bounds_width": 4,
		"visible_bounds_height": 3,
		"visible_bounds_offset": [0, 1.5, 0],
		"bones": [
			{
				"name": "body",
				"pivot": [0, 7, 16],
				"rotation": [-90, 0, 0],
				"cubes": [
					{"origin": [-4.5, -14, 13], "size": [9, 9, 10], "uv": [0, 0]}
				]
			},
			{
				"name": "ear",
				"parent": "body",
				"pivot": [-16, 0.5, 16],
				"rotation": [0, 67.5, 0],
				"cubes": [
					{"origin": [-7.5, -11, 31], "size": [7, 3, 3], "uv": [20, 19]}
				]
			},
			{
				"name": "ear2",
				"parent": "body",
				"pivot": [7, 0.5, -6.5],
				"rotation": [0, -67.5, 0],
				"cubes": [
					{"origin": [15.5, -11, 8.5], "size": [7, 3, 3], "uv": [0, 19]}
				]
			}
		]
	}
}