{
	"format_version": "1.12.0",
	"minecraft:geometry": [
		{
			"description": {
				"identifier": "geometry.ic_huggy",
				"texture_width": 64,
				"texture_height": 64,
				"visible_bounds_width": 4,
				"visible_bounds_height": 6,
				"visible_bounds_offset": [0, 3, 0]
			},
			"bones": [
				{
					"name": "main",
					"pivot": [0, 1, 0]
				},
				{
					"name": "root",
					"parent": "main",
					"pivot": [0, 28, 0]
				},
				{
					"name": "body",
					"parent": "root",
					"pivot": [0, 30, 0],
					"cubes": [
						{"origin": [-4, 30, -3], "size": [8, 10, 6], "uv": [36, 31]},
						{"origin": [-5, 37, -1], "size": [10, 3, 2], "uv": [34, 0]}
					]
				},
				{
					"name": "head",
					"parent": "body",
					"pivot": [0, 41, 0],
					"cubes": [
						{
							"origin": [-5.4144, 41.6548, -3.69984],
							"size": [10.8288, 8.1216, 7.332],
							"uv": {
								"north": {"uv": [10, 10], "uv_size": [12, 9]},
								"east": {"uv": [2, 10], "uv_size": [8, 9]},
								"south": {"uv": [30, 10], "uv_size": [12, 9]},
								"west": {"uv": [22, 10], "uv_size": [8, 9]},
								"up": {"uv": [10, 2], "uv_size": [12, 8]},
								"down": {"uv": [22, 10], "uv_size": [12, -8]}
							}
						},
						{
							"origin": [-4.512, 40.7524, -3.6096],
							"size": [9.024, 0.9024, 7.2192],
							"uv": {
								"north": {"uv": [12, 18], "uv_size": [10, 1]},
								"east": {"uv": [4, 18], "uv_size": [8, 1]},
								"south": {"uv": [30, 18], "uv_size": [10, 1]},
								"west": {"uv": [22, 18], "uv_size": [8, 1]},
								"up": {"uv": [12, 10], "uv_size": [10, 8]},
								"down": {"uv": [22, 18], "uv_size": [10, -8]}
							}
						},
						{
							"origin": [-3.6096, 39.85, -3.6096],
							"size": [7.2192, 0.9024, 7.2192],
							"uv": {
								"north": {"uv": [10, 40], "uv_size": [8, 1]},
								"east": {"uv": [2, 40], "uv_size": [8, 1]},
								"south": {"uv": [26, 40], "uv_size": [8, 1]},
								"west": {"uv": [18, 40], "uv_size": [8, 1]},
								"up": {"uv": [10, 32], "uv_size": [8, 8]},
								"down": {"uv": [18, 40], "uv_size": [8, -8]}
							}
						},
						{
							"origin": [0.13347, 45.42792, -1.8048],
							"size": [9.024, 4.512, 2.7072],
							"pivot": [4.25459, 46.78152, -1.8048],
							"rotation": [-45, 0, 115],
							"uv": {
								"north": {"uv": [18, 38], "uv_size": [-10, 5]},
								"east": {"uv": [25, 38], "uv_size": [-4, 5]},
								"south": {"uv": [36, 38], "uv_size": [-10, 5]},
								"west": {"uv": [4, 38], "uv_size": [-4, 5]},
								"up": {"uv": [18, 30], "uv_size": [-10, 4]},
								"down": {"uv": [28, 34], "uv_size": [-10, -4]}
							}
						},
						{
							"origin": [0.06579, 45.42792, -0.9024],
							"size": [9.024, 3.6096, 3.6096],
							"pivot": [4.25459, 46.78152, 1.8048],
							"rotation": [45, 0, 115],
							"uv": {
								"north": {"uv": [18, 38], "uv_size": [-10, 4]},
								"east": {"uv": [22, 38], "uv_size": [-4, 4]},
								"south": {"uv": [32, 38], "uv_size": [-10, 4]},
								"west": {"uv": [8, 38], "uv_size": [-4, 4]},
								"up": {"uv": [18, 34], "uv_size": [-10, 4]},
								"down": {"uv": [28, 38], "uv_size": [-10, -4]}
							}
						},
						{
							"origin": [-9.15747, 45.42792, -1.8048],
							"size": [9.024, 4.512, 2.7072],
							"pivot": [-4.25459, 46.78152, -1.8048],
							"rotation": [-45, 0, -115],
							"uv": {
								"north": {"uv": [8, 38], "uv_size": [10, 5]},
								"east": {"uv": [0, 38], "uv_size": [4, 5]},
								"south": {"uv": [26, 38], "uv_size": [10, 5]},
								"west": {"uv": [21, 38], "uv_size": [4, 5]},
								"up": {"uv": [8, 30], "uv_size": [10, 4]},
								"down": {"uv": [18, 34], "uv_size": [10, -4]}
							}
						},
						{
							"origin": [-9.08979, 45.42792, -0.9024],
							"size": [9.024, 3.6096, 3.6096],
							"pivot": [-4.25459, 46.78152, 1.8048],
							"rotation": [45, 0, -115],
							"uv": {
								"north": {"uv": [8, 38], "uv_size": [10, 4]},
								"east": {"uv": [4, 38], "uv_size": [4, 4]},
								"south": {"uv": [22, 38], "uv_size": [10, 4]},
								"west": {"uv": [18, 38], "uv_size": [4, 4]},
								"up": {"uv": [8, 34], "uv_size": [10, 4]},
								"down": {"uv": [18, 38], "uv_size": [10, -4]}
							}
						},
						{
							"origin": [-4.89574, 59.0683, -3.6096],
							"size": [9.024, 4.512, 7.06128],
							"pivot": [-0.28614, 55.0075, 0],
							"rotation": [0, 0, 177.5],
							"uv": {
								"north": {"uv": [17, 37], "uv_size": [-10, 5]},
								"east": {"uv": [24, 37], "uv_size": [-7, 5]},
								"south": {"uv": [34, 37], "uv_size": [-10, 5]},
								"west": {"uv": [7, 37], "uv_size": [-7, 5]},
								"up": {"uv": [17, 30], "uv_size": [-10, 7]},
								"down": {"uv": [27, 37], "uv_size": [-10, -7]}
							}
						},
						{
							"origin": [-4.12826, 59.0683, -3.54192],
							"size": [9.024, 4.512, 7.15152],
							"pivot": [0.28614, 55.0075, 0],
							"rotation": [0, 0, -175],
							"uv": {
								"north": {"uv": [7, 37], "uv_size": [10, 5]},
								"east": {"uv": [0, 37], "uv_size": [7, 5]},
								"south": {"uv": [24, 37], "uv_size": [10, 5]},
								"west": {"uv": [17, 37], "uv_size": [7, 5]},
								"up": {"uv": [7, 30], "uv_size": [10, 7]},
								"down": {"uv": [17, 37], "uv_size": [10, -7]}
							}
						}
					]
				},
				{
					"name": "smile",
					"parent": "head",
					"pivot": [0, 3.754, 0],
					"cubes": [
						{
							"origin": [-4.512, 40.7524, -3.88032],
							"size": [9.024, 4.512, 0.9024],
							"uv": {
								"north": {"uv": [1, 59], "uv_size": [10, 5]},
								"east": {"uv": [0, 59], "uv_size": [1, 5]},
								"south": {"uv": [12, 59], "uv_size": [10, 5]},
								"west": {"uv": [11, 59], "uv_size": [1, 5]},
								"up": {"uv": [1, 58], "uv_size": [10, 1]},
								"down": {"uv": [11, 59], "uv_size": [10, -1]}
							}
						}
					]
				},
				{
					"name": "eyeball2",
					"parent": "head",
					"pivot": [2.5, 47.5, -4.5],
					"cubes": [
						{"origin": [1.10166, 45.8088, -4.21408], "size": [2.25499, 2.25499, 1.33173], "uv": [27, 26]},
						{"origin": [-3.32064, 45.3088, -4.21408], "size": [2.25499, 2.25499, 1.33173], "uv": [27, 26]}
					]
				},
				{
					"name": "eyeball1",
					"parent": "head",
					"pivot": [-2.5, 47.5, -4.5],
					"cubes": [
						{
							"origin": [-3.21795, 45.4375, -4.42858],
							"size": [1.99759, 1.99759, 1.33173],
							"uv": {
								"north": {"uv": [30, 33], "uv_size": [3, 3]},
								"east": {"uv": [28, 33], "uv_size": [2, 3]},
								"south": {"uv": [35, 33], "uv_size": [3, 3]},
								"west": {"uv": [33, 33], "uv_size": [2, 3]},
								"up": {"uv": [30, 31], "uv_size": [3, 2]},
								"down": {"uv": [33, 33], "uv_size": [3, -2]}
							}
						},
						{
							"origin": [1.23036, 45.9375, -4.42858],
							"size": [1.99759, 1.99759, 1.33173],
							"uv": {
								"north": {"uv": [30, 33], "uv_size": [3, 3]},
								"east": {"uv": [28, 33], "uv_size": [2, 3]},
								"south": {"uv": [35, 33], "uv_size": [3, 3]},
								"west": {"uv": [33, 33], "uv_size": [2, 3]},
								"up": {"uv": [30, 31], "uv_size": [3, 2]},
								"down": {"uv": [33, 33], "uv_size": [3, -2]}
							}
						}
					]
				},
				{
					"name": "creepy",
					"parent": "head",
					"pivot": [0, 43, -2],
					"cubes": [
						{
							"origin": [-4.512, 40.3524, -2.95532],
							"size": [9.024, 4.912, 0.9024],
							"uv": {
								"north": {"uv": [34.5, 59], "uv_size": [10, 5]},
								"east": {"uv": [0, 59], "uv_size": [1, 5]},
								"south": {"uv": [12, 59], "uv_size": [10, 5]},
								"west": {"uv": [11, 59], "uv_size": [1, 5]},
								"up": {"uv": [1, 58], "uv_size": [10, 1]},
								"down": {"uv": [11, 59], "uv_size": [10, -1]}
							}
						}
					]
				},
				{
					"name": "upper",
					"parent": "creepy",
					"pivot": [0, 45.0084, -2.92912],
					"cubes": [
						{
							"origin": [-4.512, 42.7524, -3.13032],
							"size": [9.024, 2.512, 0.9024],
							"pivot": [0, 44.0084, -2.92912],
							"rotation": [-7.5, 0, 0],
							"uv": {
								"north": {"uv": [54, 58], "uv_size": [10, 3]},
								"east": {"uv": [0, 59], "uv_size": [1, 5]},
								"south": {"uv": [12, 59], "uv_size": [10, 5]},
								"west": {"uv": [11, 59], "uv_size": [1, 5]},
								"up": {"uv": [1, 58], "uv_size": [10, 1]},
								"down": {"uv": [11, 59], "uv_size": [10, -1]}
							}
						}
					]
				},
				{
					"name": "lower",
					"parent": "creepy",
					"pivot": [0, 40.5084, -2.67912],
					"cubes": [
						{
							"origin": [-4.512, 40.37484, -3.08129],
							"size": [9.024, 2.512, 0.9024],
							"pivot": [0, 41.63084, -2.63009],
							"rotation": [10, 0, 0],
							"uv": {
								"north": {"uv": [64, 61], "uv_size": [-10, 3]},
								"east": {"uv": [0, 59], "uv_size": [1, 5]},
								"south": {"uv": [12, 59], "uv_size": [10, 5]},
								"west": {"uv": [11, 59], "uv_size": [1, 5]},
								"up": {"uv": [1, 58], "uv_size": [10, 1]},
								"down": {"uv": [11, 59], "uv_size": [10, -1]}
							}
						}
					]
				},
				{
					"name": "rightArm",
					"parent": "body",
					"pivot": [-4.5, 38, 0],
					"rotation": [0, 0, 2.5],
					"cubes": [
						{"origin": [-6.97657, 36.01142, -2], "size": [3, 4, 4], "uv": [44, 12]},
						{
							"origin": [-7.6, 36.35, -2],
							"size": [0, 4, 4],
							"pivot": [-8.5, 38, 0],
							"rotation": [0, 0, 15],
							"uv": {
								"north": {"uv": [29, 60], "uv_size": [0, 4]},
								"east": {"uv": [25, 60], "uv_size": [2, 2]},
								"south": {"uv": [33, 60], "uv_size": [0, 4]},
								"west": {"uv": [29, 60], "uv_size": [4, 4]},
								"up": {"uv": [29, 56], "uv_size": [0, 4]},
								"down": {"uv": [29, 60], "uv_size": [0, -4]}
							}
						},
						{
							"origin": [-3.43214, 38.79577, -2],
							"size": [0, 4, 4],
							"pivot": [8.5, 38, 0],
							"rotation": [0, 0, -15],
							"uv": {
								"north": {"uv": [29, 60], "uv_size": [0, 4]},
								"east": {"uv": [33, 60], "uv_size": [-4, 4]},
								"south": {"uv": [33, 60], "uv_size": [0, 4]},
								"west": {"uv": [27, 60], "uv_size": [-2, 2]},
								"up": {"uv": [29, 56], "uv_size": [0, 4]},
								"down": {"uv": [29, 60], "uv_size": [0, -4]}
							}
						},
						{
							"origin": [-6.3, 36.05, -4],
							"size": [0, 4, 3],
							"pivot": [-6, 38.35, -2.1],
							"rotation": [-90, -75, 90],
							"uv": {
								"north": {"uv": [29, 60], "uv_size": [0, 4]},
								"east": {"uv": [25, 62], "uv_size": [1.5, 2]},
								"south": {"uv": [33, 60], "uv_size": [0, 4]},
								"west": {"uv": [29, 60], "uv_size": [4, 4]},
								"up": {"uv": [29, 56], "uv_size": [0, 4]},
								"down": {"uv": [29, 60], "uv_size": [0, -4]}
							}
						},
						{
							"origin": [-6.3, 36.05, 1],
							"size": [0, 4, 3],
							"pivot": [-6, 38.35, 2.1],
							"rotation": [90, 75, 90],
							"uv": {
								"north": {"uv": [33, 60], "uv_size": [0, 4]},
								"east": {"uv": [26.5, 62], "uv_size": [-1.5, 2]},
								"south": {"uv": [29, 60], "uv_size": [0, 4]},
								"west": {"uv": [33, 60], "uv_size": [-4, 4]},
								"up": {"uv": [29, 60], "uv_size": [0, -4]},
								"down": {"uv": [29, 56], "uv_size": [0, 4]}
							}
						}
					]
				},
				{
					"name": "rightArm2",
					"parent": "rightArm",
					"pivot": [-4.97657, 35.01142, 0],
					"cubes": [
						{"origin": [-6.97657, 32.01142, -2], "size": [3, 4, 4], "uv": [50, 50]},
						{
							"origin": [-6.6, 32.35, -2],
							"size": [0, 4, 4],
							"pivot": [-8.5, 38, 0],
							"rotation": [0, 0, 15],
							"uv": {
								"north": {"uv": [29, 60], "uv_size": [0, 4]},
								"east": {"uv": [27, 62], "uv_size": [-2, 2]},
								"south": {"uv": [33, 60], "uv_size": [0, 4]},
								"west": {"uv": [29, 60], "uv_size": [4, 4]},
								"up": {"uv": [29, 56], "uv_size": [0, 4]},
								"down": {"uv": [29, 60], "uv_size": [0, -4]}
							}
						},
						{
							"origin": [-4.43214, 34.79577, -2],
							"size": [0, 4, 4],
							"pivot": [8.5, 38, 0],
							"rotation": [0, 0, -15],
							"uv": {
								"north": {"uv": [29, 60], "uv_size": [0, 4]},
								"east": {"uv": [33, 60], "uv_size": [-4, 4]},
								"south": {"uv": [33, 60], "uv_size": [0, 4]},
								"west": {"uv": [25, 62], "uv_size": [2, 2]},
								"up": {"uv": [29, 56], "uv_size": [0, 4]},
								"down": {"uv": [29, 60], "uv_size": [0, -4]}
							}
						},
						{
							"origin": [-5.3, 32.05, -4],
							"size": [0, 4, 3],
							"pivot": [-6, 38.35, -2.1],
							"rotation": [-90, -75, 90],
							"uv": {
								"north": {"uv": [29, 60], "uv_size": [0, 4]},
								"east": {"uv": [25, 60], "uv_size": [1.5, 2]},
								"south": {"uv": [33, 60], "uv_size": [0, 4]},
								"west": {"uv": [29, 60], "uv_size": [4, 4]},
								"up": {"uv": [29, 56], "uv_size": [0, 4]},
								"down": {"uv": [29, 60], "uv_size": [0, -4]}
							}
						},
						{
							"origin": [-5.3, 32.05, 1],
							"size": [0, 4, 3],
							"pivot": [-6, 38.35, 2.1],
							"rotation": [90, 75, 90],
							"uv": {
								"north": {"uv": [33, 60], "uv_size": [0, 4]},
								"east": {"uv": [26.5, 60], "uv_size": [-1.5, 2]},
								"south": {"uv": [29, 60], "uv_size": [0, 4]},
								"west": {"uv": [33, 60], "uv_size": [-4, 4]},
								"up": {"uv": [29, 60], "uv_size": [0, -4]},
								"down": {"uv": [29, 56], "uv_size": [0, 4]}
							}
						}
					]
				},
				{
					"name": "rightArm3",
					"parent": "rightArm2",
					"pivot": [-4.97657, 31.01142, 0],
					"cubes": [
						{"origin": [-6.97657, 28.01142, -2], "size": [3, 4, 4], "uv": [44, 12]},
						{
							"origin": [-5.6, 28.35, -2],
							"size": [0, 4, 4],
							"pivot": [-8.5, 38, 0],
							"rotation": [0, 0, 15],
							"uv": {
								"north": {"uv": [29, 60], "uv_size": [0, 4]},
								"east": {"uv": [25, 60], "uv_size": [2, 2]},
								"south": {"uv": [33, 60], "uv_size": [0, 4]},
								"west": {"uv": [29, 60], "uv_size": [4, 4]},
								"up": {"uv": [29, 56], "uv_size": [0, 4]},
								"down": {"uv": [29, 60], "uv_size": [0, -4]}
							}
						},
						{
							"origin": [-5.43214, 30.79577, -2],
							"size": [0, 4, 4],
							"pivot": [8.5, 38, 0],
							"rotation": [0, 0, -15],
							"uv": {
								"north": {"uv": [29, 60], "uv_size": [0, 4]},
								"east": {"uv": [33, 60], "uv_size": [-4, 4]},
								"south": {"uv": [33, 60], "uv_size": [0, 4]},
								"west": {"uv": [27, 60], "uv_size": [-2, 2]},
								"up": {"uv": [29, 56], "uv_size": [0, 4]},
								"down": {"uv": [29, 60], "uv_size": [0, -4]}
							}
						},
						{
							"origin": [-4.3, 28.05, -4],
							"size": [0, 4, 3],
							"pivot": [-6, 38.35, -2.1],
							"rotation": [-90, -75, 90],
							"uv": {
								"north": {"uv": [29, 60], "uv_size": [0, 4]},
								"east": {"uv": [25, 60], "uv_size": [1.5, 2]},
								"south": {"uv": [33, 60], "uv_size": [0, 4]},
								"west": {"uv": [29, 60], "uv_size": [4, 4]},
								"up": {"uv": [29, 56], "uv_size": [0, 4]},
								"down": {"uv": [29, 60], "uv_size": [0, -4]}
							}
						},
						{
							"origin": [-4.3, 28.05, 1],
							"size": [0, 4, 3],
							"pivot": [-6, 38.35, 2.1],
							"rotation": [90, 75, 90],
							"uv": {
								"north": {"uv": [33, 60], "uv_size": [0, 4]},
								"east": {"uv": [26.5, 60], "uv_size": [-1.5, 2]},
								"south": {"uv": [29, 60], "uv_size": [0, 4]},
								"west": {"uv": [33, 60], "uv_size": [-4, 4]},
								"up": {"uv": [29, 60], "uv_size": [0, -4]},
								"down": {"uv": [29, 56], "uv_size": [0, 4]}
							}
						}
					]
				},
				{
					"name": "rightArm4",
					"parent": "rightArm3",
					"pivot": [-4.97657, 27.01142, 0],
					"cubes": [
						{"origin": [-6.97657, 24.01142, -2], "size": [3, 4, 4], "uv": [50, 50]},
						{
							"origin": [-4.6, 24.35, -2],
							"size": [0, 4, 4],
							"pivot": [-8.5, 38, 0],
							"rotation": [0, 0, 15],
							"uv": {
								"north": {"uv": [29, 60], "uv_size": [0, 4]},
								"east": {"uv": [25, 62], "uv_size": [2, 2]},
								"south": {"uv": [33, 60], "uv_size": [0, 4]},
								"west": {"uv": [29, 60], "uv_size": [4, 4]},
								"up": {"uv": [29, 56], "uv_size": [0, 4]},
								"down": {"uv": [29, 60], "uv_size": [0, -4]}
							}
						},
						{
							"origin": [-6.43214, 26.79577, -2],
							"size": [0, 4, 4],
							"pivot": [8.5, 38, 0],
							"rotation": [0, 0, -15],
							"uv": {
								"north": {"uv": [29, 60], "uv_size": [0, 4]},
								"east": {"uv": [33, 60], "uv_size": [-4, 4]},
								"south": {"uv": [33, 60], "uv_size": [0, 4]},
								"west": {"uv": [27, 62], "uv_size": [-2, 2]},
								"up": {"uv": [29, 56], "uv_size": [0, 4]},
								"down": {"uv": [29, 60], "uv_size": [0, -4]}
							}
						},
						{
							"origin": [-3.3, 24.05, -4],
							"size": [0, 4, 3],
							"pivot": [-6, 38.35, -2.1],
							"rotation": [-90, -75, 90],
							"uv": {
								"north": {"uv": [29, 60], "uv_size": [0, 4]},
								"east": {"uv": [25, 62], "uv_size": [1.5, 2]},
								"south": {"uv": [33, 60], "uv_size": [0, 4]},
								"west": {"uv": [29, 60], "uv_size": [4, 4]},
								"up": {"uv": [29, 56], "uv_size": [0, 4]},
								"down": {"uv": [29, 60], "uv_size": [0, -4]}
							}
						},
						{
							"origin": [-3.3, 24.05, 1],
							"size": [0, 4, 3],
							"pivot": [-6, 38.35, 2.1],
							"rotation": [90, 75, 90],
							"uv": {
								"north": {"uv": [33, 60], "uv_size": [0, 4]},
								"east": {"uv": [26.5, 62], "uv_size": [-1.5, 2]},
								"south": {"uv": [29, 60], "uv_size": [0, 4]},
								"west": {"uv": [33, 60], "uv_size": [-4, 4]},
								"up": {"uv": [29, 60], "uv_size": [0, -4]},
								"down": {"uv": [29, 56], "uv_size": [0, 4]}
							}
						}
					]
				},
				{
					"name": "rightArm5",
					"parent": "rightArm4",
					"pivot": [-4.97657, 23.01142, 0],
					"cubes": [
						{"origin": [-6.97657, 20.01142, -2], "size": [3, 4, 4], "uv": [44, 12]},
						{
							"origin": [-3.6, 21.35, -2],
							"size": [0, 4, 4],
							"pivot": [-8.5, 38, 0],
							"rotation": [0, 0, 15],
							"uv": {
								"north": {"uv": [29, 60], "uv_size": [0, 4]},
								"east": {"uv": [25, 60], "uv_size": [2, 2]},
								"south": {"uv": [33, 60], "uv_size": [0, 4]},
								"west": {"uv": [29, 60], "uv_size": [4, 4]},
								"up": {"uv": [29, 56], "uv_size": [0, 4]},
								"down": {"uv": [29, 60], "uv_size": [0, -4]}
							}
						},
						{
							"origin": [-7.43214, 23.79577, -2],
							"size": [0, 4, 4],
							"pivot": [8.5, 38, 0],
							"rotation": [0, 0, -15],
							"uv": {
								"north": {"uv": [29, 60], "uv_size": [0, 4]},
								"east": {"uv": [33, 60], "uv_size": [-4, 4]},
								"south": {"uv": [33, 60], "uv_size": [0, 4]},
								"west": {"uv": [27, 60], "uv_size": [-2, 2]},
								"up": {"uv": [29, 56], "uv_size": [0, 4]},
								"down": {"uv": [29, 60], "uv_size": [0, -4]}
							}
						},
						{
							"origin": [-2.3, 21.05, -4],
							"size": [0, 4, 3],
							"pivot": [-6, 38.35, -2.1],
							"rotation": [-90, -75, 90],
							"uv": {
								"north": {"uv": [29, 60], "uv_size": [0, 4]},
								"east": {"uv": [25.5, 60], "uv_size": [1.5, 2]},
								"south": {"uv": [33, 60], "uv_size": [0, 4]},
								"west": {"uv": [29, 60], "uv_size": [4, 4]},
								"up": {"uv": [29, 56], "uv_size": [0, 4]},
								"down": {"uv": [29, 60], "uv_size": [0, -4]}
							}
						},
						{
							"origin": [-2.3, 21.05, 1],
							"size": [0, 4, 3],
							"pivot": [-6, 38.35, 2.1],
							"rotation": [90, 75, 90],
							"uv": {
								"north": {"uv": [33, 60], "uv_size": [0, 4]},
								"east": {"uv": [27, 60], "uv_size": [-1.5, 2]},
								"south": {"uv": [29, 60], "uv_size": [0, 4]},
								"west": {"uv": [33, 60], "uv_size": [-4, 4]},
								"up": {"uv": [29, 60], "uv_size": [0, -4]},
								"down": {"uv": [29, 56], "uv_size": [0, 4]}
							}
						}
					]
				},
				{
					"name": "rightArm6",
					"parent": "rightArm5",
					"pivot": [-4.97657, 19.01142, 0],
					"cubes": [
						{
							"origin": [-7.18854, 13.30185, -2],
							"size": [0, 4, 4],
							"pivot": [-7.43854, 15.30185, 0],
							"rotation": [0, 0, 2.5],
							"uv": {
								"north": {"uv": [29, 60], "uv_size": [0, 4]},
								"east": {"uv": [25, 60], "uv_size": [2, 2]},
								"south": {"uv": [33, 60], "uv_size": [0, 4]},
								"west": {"uv": [29, 60], "uv_size": [4, 4]},
								"up": {"uv": [29, 56], "uv_size": [0, 4]},
								"down": {"uv": [29, 60], "uv_size": [0, -4]}
							}
						},
						{"origin": [-6.97657, 16.01142, -2], "size": [3, 4, 4], "uv": [50, 50]},
						{
							"origin": [-2.3, 16.35, -2],
							"size": [0, 4, 4],
							"pivot": [-8.5, 38, 0],
							"rotation": [0, 0, 15],
							"uv": {
								"north": {"uv": [29, 60], "uv_size": [0, 4]},
								"east": {"uv": [25, 62], "uv_size": [2, 2]},
								"south": {"uv": [33, 60], "uv_size": [0, 4]},
								"west": {"uv": [29, 60], "uv_size": [4, 4]},
								"up": {"uv": [29, 56], "uv_size": [0, 4]},
								"down": {"uv": [29, 60], "uv_size": [0, -4]}
							}
						},
						{
							"origin": [-8.73214, 18.79577, -2],
							"size": [0, 4, 4],
							"pivot": [8.5, 38, 0],
							"rotation": [0, 0, -15],
							"uv": {
								"north": {"uv": [29, 60], "uv_size": [0, 4]},
								"east": {"uv": [33, 60], "uv_size": [-4, 4]},
								"south": {"uv": [33, 60], "uv_size": [0, 4]},
								"west": {"uv": [27, 62], "uv_size": [-2, 2]},
								"up": {"uv": [29, 56], "uv_size": [0, 4]},
								"down": {"uv": [29, 60], "uv_size": [0, -4]}
							}
						},
						{
							"origin": [-1, 16.05, -4],
							"size": [0, 4, 3],
							"pivot": [-6, 38.35, -2.1],
							"rotation": [-90, -75, 90],
							"uv": {
								"north": {"uv": [29, 60], "uv_size": [0, 4]},
								"east": {"uv": [25.5, 62], "uv_size": [1.5, 2]},
								"south": {"uv": [33, 60], "uv_size": [0, 4]},
								"west": {"uv": [29, 60], "uv_size": [4, 4]},
								"up": {"uv": [29, 56], "uv_size": [0, 4]},
								"down": {"uv": [29, 60], "uv_size": [0, -4]}
							}
						},
						{
							"origin": [-5.8, 14.19101, -3.83493],
							"size": [0, 4, 3],
							"pivot": [-5.6, 14.29101, -2.33493],
							"rotation": [-90, -80, 90],
							"uv": {
								"north": {"uv": [29, 60], "uv_size": [0, 4]},
								"east": {"uv": [25.5, 62], "uv_size": [1.5, 2]},
								"south": {"uv": [33, 60], "uv_size": [0, 4]},
								"west": {"uv": [29, 60], "uv_size": [4, 4]},
								"up": {"uv": [29, 56], "uv_size": [0, 4]},
								"down": {"uv": [29, 60], "uv_size": [0, -4]}
							}
						},
						{
							"origin": [-1, 16.05, 1],
							"size": [0, 4, 3],
							"pivot": [-6, 38.35, 2.1],
							"rotation": [90, 75, 90],
							"uv": {
								"north": {"uv": [33, 60], "uv_size": [0, 4]},
								"east": {"uv": [27, 62], "uv_size": [-1.5, 2]},
								"south": {"uv": [29, 60], "uv_size": [0, 4]},
								"west": {"uv": [33, 60], "uv_size": [-4, 4]},
								"up": {"uv": [29, 60], "uv_size": [0, -4]},
								"down": {"uv": [29, 56], "uv_size": [0, 4]}
							}
						},
						{
							"origin": [-5.8, 14.19101, 0.83493],
							"size": [0, 4, 3],
							"pivot": [-5.6, 14.29101, 2.33493],
							"rotation": [90, 80, 90],
							"uv": {
								"north": {"uv": [33, 60], "uv_size": [0, 4]},
								"east": {"uv": [27, 62], "uv_size": [-1.5, 2]},
								"south": {"uv": [29, 60], "uv_size": [0, 4]},
								"west": {"uv": [33, 60], "uv_size": [-4, 4]},
								"up": {"uv": [29, 60], "uv_size": [0, -4]},
								"down": {"uv": [29, 56], "uv_size": [0, 4]}
							}
						},
						{
							"origin": [-1, 16.05, -4],
							"size": [0, 4, 3],
							"pivot": [-6, 38.35, -2.1],
							"rotation": [-90, -75, 90],
							"uv": {
								"north": {"uv": [29, 60], "uv_size": [0, 4]},
								"east": {"uv": [25.5, 62], "uv_size": [1.5, 2]},
								"south": {"uv": [33, 60], "uv_size": [0, 4]},
								"west": {"uv": [29, 60], "uv_size": [4, 4]},
								"up": {"uv": [29, 56], "uv_size": [0, 4]},
								"down": {"uv": [29, 60], "uv_size": [0, -4]}
							}
						}
					]
				},
				{
					"name": "rightArm7",
					"parent": "rightArm6",
					"pivot": [-5.97657, 17.01142, 0],
					"rotation": [0, 0, -12.5],
					"cubes": [
						{"origin": [-6.93251, 13.02094, -1], "size": [2, 4, 3], "uv": [0, 20]}
					]
				},
				{
					"name": "rightArm8",
					"parent": "rightArm7",
					"pivot": [-2.93251, 3.02094, 0],
					"rotation": [0, 0, -12.5],
					"cubes": [
						{"origin": [-3.93251, 14.02094, -2], "size": [2, 3, 1], "uv": [34, 5]}
					]
				},
				{
					"name": "rightItem",
					"parent": "rightArm7",
					"pivot": [-5, 14.5, 0],
					"locators": {
						"lead_hold": [1, 0, -15]
					}
				},
				{
					"name": "leftArm",
					"parent": "body",
					"pivot": [4.5, 38, 0],
					"rotation": [0, 0, -2.5],
					"cubes": [
						{"origin": [3.97657, 36.01142, -2], "size": [3, 4, 4], "uv": [44, 12], "mirror": true},
						{
							"origin": [7.6, 36.35, -2],
							"size": [0, 4, 4],
							"pivot": [8.5, 38, 0],
							"rotation": [0, 0, -15],
							"uv": {
								"north": {"uv": [29, 60], "uv_size": [0, 4]},
								"east": {"uv": [33, 60], "uv_size": [-4, 4]},
								"south": {"uv": [33, 60], "uv_size": [0, 4]},
								"west": {"uv": [27, 60], "uv_size": [-2, 2]},
								"up": {"uv": [29, 56], "uv_size": [0, 4]},
								"down": {"uv": [29, 60], "uv_size": [0, -4]}
							}
						},
						{
							"origin": [3.43214, 38.79577, -2],
							"size": [0, 4, 4],
							"pivot": [-8.5, 38, 0],
							"rotation": [0, 0, 15],
							"uv": {
								"north": {"uv": [29, 60], "uv_size": [0, 4]},
								"east": {"uv": [25, 60], "uv_size": [2, 2]},
								"south": {"uv": [33, 60], "uv_size": [0, 4]},
								"west": {"uv": [29, 60], "uv_size": [4, 4]},
								"up": {"uv": [29, 56], "uv_size": [0, 4]},
								"down": {"uv": [29, 60], "uv_size": [0, -4]}
							}
						},
						{
							"origin": [6.3, 36.05, -4],
							"size": [0, 4, 3],
							"pivot": [6, 38.35, -2.1],
							"rotation": [-90, 75, -90],
							"uv": {
								"north": {"uv": [29, 60], "uv_size": [0, 4]},
								"east": {"uv": [33, 60], "uv_size": [-4, 4]},
								"south": {"uv": [33, 60], "uv_size": [0, 4]},
								"west": {"uv": [26.5, 62], "uv_size": [-1.5, 2]},
								"up": {"uv": [29, 56], "uv_size": [0, 4]},
								"down": {"uv": [29, 60], "uv_size": [0, -4]}
							}
						},
						{
							"origin": [6.3, 36.05, 1],
							"size": [0, 4, 3],
							"pivot": [6, 38.35, 2.1],
							"rotation": [90, -75, -90],
							"uv": {
								"north": {"uv": [33, 60], "uv_size": [0, 4]},
								"east": {"uv": [29, 60], "uv_size": [4, 4]},
								"south": {"uv": [29, 60], "uv_size": [0, 4]},
								"west": {"uv": [25, 62], "uv_size": [1.5, 2]},
								"up": {"uv": [29, 60], "uv_size": [0, -4]},
								"down": {"uv": [29, 56], "uv_size": [0, 4]}
							}
						}
					]
				},
				{
					"name": "leftArm2",
					"parent": "leftArm",
					"pivot": [4.97657, 35.01142, 0],
					"cubes": [
						{"origin": [3.97657, 32.01142, -2], "size": [3, 4, 4], "uv": [50, 50], "mirror": true},
						{
							"origin": [6.6, 32.35, -2],
							"size": [0, 4, 4],
							"pivot": [8.5, 38, 0],
							"rotation": [0, 0, -15],
							"uv": {
								"north": {"uv": [29, 60], "uv_size": [0, 4]},
								"east": {"uv": [33, 60], "uv_size": [-4, 4]},
								"south": {"uv": [33, 60], "uv_size": [0, 4]},
								"west": {"uv": [25, 62], "uv_size": [2, 2]},
								"up": {"uv": [29, 56], "uv_size": [0, 4]},
								"down": {"uv": [29, 60], "uv_size": [0, -4]}
							}
						},
						{
							"origin": [4.43214, 34.79577, -2],
							"size": [0, 4, 4],
							"pivot": [-8.5, 38, 0],
							"rotation": [0, 0, 15],
							"uv": {
								"north": {"uv": [29, 60], "uv_size": [0, 4]},
								"east": {"uv": [27, 62], "uv_size": [-2, 2]},
								"south": {"uv": [33, 60], "uv_size": [0, 4]},
								"west": {"uv": [29, 60], "uv_size": [4, 4]},
								"up": {"uv": [29, 56], "uv_size": [0, 4]},
								"down": {"uv": [29, 60], "uv_size": [0, -4]}
							}
						},
						{
							"origin": [5.3, 32.05, -4],
							"size": [0, 4, 3],
							"pivot": [6, 38.35, -2.1],
							"rotation": [-90, 75, -90],
							"uv": {
								"north": {"uv": [29, 60], "uv_size": [0, 4]},
								"east": {"uv": [33, 60], "uv_size": [-4, 4]},
								"south": {"uv": [33, 60], "uv_size": [0, 4]},
								"west": {"uv": [26.5, 60], "uv_size": [-1.5, 2]},
								"up": {"uv": [29, 56], "uv_size": [0, 4]},
								"down": {"uv": [29, 60], "uv_size": [0, -4]}
							}
						},
						{
							"origin": [5.3, 32.05, 1],
							"size": [0, 4, 3],
							"pivot": [6, 38.35, 2.1],
							"rotation": [90, -75, -90],
							"uv": {
								"north": {"uv": [33, 60], "uv_size": [0, 4]},
								"east": {"uv": [29, 60], "uv_size": [4, 4]},
								"south": {"uv": [29, 60], "uv_size": [0, 4]},
								"west": {"uv": [25, 60], "uv_size": [1.5, 2]},
								"up": {"uv": [29, 60], "uv_size": [0, -4]},
								"down": {"uv": [29, 56], "uv_size": [0, 4]}
							}
						}
					]
				},
				{
					"name": "leftArm3",
					"parent": "leftArm2",
					"pivot": [4.97657, 31.01142, 0],
					"cubes": [
						{"origin": [3.97657, 28.01142, -2], "size": [3, 4, 4], "uv": [44, 12], "mirror": true},
						{
							"origin": [5.6, 28.35, -2],
							"size": [0, 4, 4],
							"pivot": [8.5, 38, 0],
							"rotation": [0, 0, -15],
							"uv": {
								"north": {"uv": [29, 60], "uv_size": [0, 4]},
								"east": {"uv": [33, 60], "uv_size": [-4, 4]},
								"south": {"uv": [33, 60], "uv_size": [0, 4]},
								"west": {"uv": [27, 60], "uv_size": [-2, 2]},
								"up": {"uv": [29, 56], "uv_size": [0, 4]},
								"down": {"uv": [29, 60], "uv_size": [0, -4]}
							}
						},
						{
							"origin": [5.43214, 30.79577, -2],
							"size": [0, 4, 4],
							"pivot": [-8.5, 38, 0],
							"rotation": [0, 0, 15],
							"uv": {
								"north": {"uv": [29, 60], "uv_size": [0, 4]},
								"east": {"uv": [25, 60], "uv_size": [2, 2]},
								"south": {"uv": [33, 60], "uv_size": [0, 4]},
								"west": {"uv": [29, 60], "uv_size": [4, 4]},
								"up": {"uv": [29, 56], "uv_size": [0, 4]},
								"down": {"uv": [29, 60], "uv_size": [0, -4]}
							}
						},
						{
							"origin": [4.3, 28.05, -4],
							"size": [0, 4, 3],
							"pivot": [6, 38.35, -2.1],
							"rotation": [-90, 75, -90],
							"uv": {
								"north": {"uv": [29, 60], "uv_size": [0, 4]},
								"east": {"uv": [33, 60], "uv_size": [-4, 4]},
								"south": {"uv": [33, 60], "uv_size": [0, 4]},
								"west": {"uv": [26.5, 60], "uv_size": [-1.5, 2]},
								"up": {"uv": [29, 56], "uv_size": [0, 4]},
								"down": {"uv": [29, 60], "uv_size": [0, -4]}
							}
						},
						{
							"origin": [4.3, 28.05, 1],
							"size": [0, 4, 3],
							"pivot": [6, 38.35, 2.1],
							"rotation": [90, -75, -90],
							"uv": {
								"north": {"uv": [33, 60], "uv_size": [0, 4]},
								"east": {"uv": [29, 60], "uv_size": [4, 4]},
								"south": {"uv": [29, 60], "uv_size": [0, 4]},
								"west": {"uv": [25, 60], "uv_size": [1.5, 2]},
								"up": {"uv": [29, 60], "uv_size": [0, -4]},
								"down": {"uv": [29, 56], "uv_size": [0, 4]}
							}
						}
					]
				},
				{
					"name": "leftArm4",
					"parent": "leftArm3",
					"pivot": [4.97657, 27.01142, 0],
					"cubes": [
						{"origin": [3.97657, 24.01142, -2], "size": [3, 4, 4], "uv": [50, 50], "mirror": true},
						{
							"origin": [4.6, 24.35, -2],
							"size": [0, 4, 4],
							"pivot": [8.5, 38, 0],
							"rotation": [0, 0, -15],
							"uv": {
								"north": {"uv": [29, 60], "uv_size": [0, 4]},
								"east": {"uv": [33, 60], "uv_size": [-4, 4]},
								"south": {"uv": [33, 60], "uv_size": [0, 4]},
								"west": {"uv": [27, 62], "uv_size": [-2, 2]},
								"up": {"uv": [29, 56], "uv_size": [0, 4]},
								"down": {"uv": [29, 60], "uv_size": [0, -4]}
							}
						},
						{
							"origin": [6.43214, 26.79577, -2],
							"size": [0, 4, 4],
							"pivot": [-8.5, 38, 0],
							"rotation": [0, 0, 15],
							"uv": {
								"north": {"uv": [29, 60], "uv_size": [0, 4]},
								"east": {"uv": [25, 62], "uv_size": [2, 2]},
								"south": {"uv": [33, 60], "uv_size": [0, 4]},
								"west": {"uv": [29, 60], "uv_size": [4, 4]},
								"up": {"uv": [29, 56], "uv_size": [0, 4]},
								"down": {"uv": [29, 60], "uv_size": [0, -4]}
							}
						},
						{
							"origin": [3.3, 24.05, -4],
							"size": [0, 4, 3],
							"pivot": [6, 38.35, -2.1],
							"rotation": [-90, 75, -90],
							"uv": {
								"north": {"uv": [29, 60], "uv_size": [0, 4]},
								"east": {"uv": [33, 60], "uv_size": [-4, 4]},
								"south": {"uv": [33, 60], "uv_size": [0, 4]},
								"west": {"uv": [26.5, 62], "uv_size": [-1.5, 2]},
								"up": {"uv": [29, 56], "uv_size": [0, 4]},
								"down": {"uv": [29, 60], "uv_size": [0, -4]}
							}
						},
						{
							"origin": [3.3, 24.05, 1],
							"size": [0, 4, 3],
							"pivot": [6, 38.35, 2.1],
							"rotation": [90, -75, -90],
							"uv": {
								"north": {"uv": [33, 60], "uv_size": [0, 4]},
								"east": {"uv": [29, 60], "uv_size": [4, 4]},
								"south": {"uv": [29, 60], "uv_size": [0, 4]},
								"west": {"uv": [25, 62], "uv_size": [1.5, 2]},
								"up": {"uv": [29, 60], "uv_size": [0, -4]},
								"down": {"uv": [29, 56], "uv_size": [0, 4]}
							}
						}
					]
				},
				{
					"name": "leftArm5",
					"parent": "leftArm4",
					"pivot": [4.97657, 23.01142, 0],
					"cubes": [
						{"origin": [3.97657, 20.01142, -2], "size": [3, 4, 4], "uv": [44, 12], "mirror": true},
						{
							"origin": [3.6, 21.35, -2],
							"size": [0, 4, 4],
							"pivot": [8.5, 38, 0],
							"rotation": [0, 0, -15],
							"uv": {
								"north": {"uv": [29, 60], "uv_size": [0, 4]},
								"east": {"uv": [33, 60], "uv_size": [-4, 4]},
								"south": {"uv": [33, 60], "uv_size": [0, 4]},
								"west": {"uv": [27, 60], "uv_size": [-2, 2]},
								"up": {"uv": [29, 56], "uv_size": [0, 4]},
								"down": {"uv": [29, 60], "uv_size": [0, -4]}
							}
						},
						{
							"origin": [7.43214, 23.79577, -2],
							"size": [0, 4, 4],
							"pivot": [-8.5, 38, 0],
							"rotation": [0, 0, 15],
							"uv": {
								"north": {"uv": [29, 60], "uv_size": [0, 4]},
								"east": {"uv": [25, 60], "uv_size": [2, 2]},
								"south": {"uv": [33, 60], "uv_size": [0, 4]},
								"west": {"uv": [29, 60], "uv_size": [4, 4]},
								"up": {"uv": [29, 56], "uv_size": [0, 4]},
								"down": {"uv": [29, 60], "uv_size": [0, -4]}
							}
						},
						{
							"origin": [2.3, 21.05, -4],
							"size": [0, 4, 3],
							"pivot": [6, 38.35, -2.1],
							"rotation": [-90, 75, -90],
							"uv": {
								"north": {"uv": [29, 60], "uv_size": [0, 4]},
								"east": {"uv": [33, 60], "uv_size": [-4, 4]},
								"south": {"uv": [33, 60], "uv_size": [0, 4]},
								"west": {"uv": [27, 60], "uv_size": [-1.5, 2]},
								"up": {"uv": [29, 56], "uv_size": [0, 4]},
								"down": {"uv": [29, 60], "uv_size": [0, -4]}
							}
						},
						{
							"origin": [2.3, 21.05, 1],
							"size": [0, 4, 3],
							"pivot": [6, 38.35, 2.1],
							"rotation": [90, -75, -90],
							"uv": {
								"north": {"uv": [33, 60], "uv_size": [0, 4]},
								"east": {"uv": [29, 60], "uv_size": [4, 4]},
								"south": {"uv": [29, 60], "uv_size": [0, 4]},
								"west": {"uv": [25.5, 60], "uv_size": [1.5, 2]},
								"up": {"uv": [29, 60], "uv_size": [0, -4]},
								"down": {"uv": [29, 56], "uv_size": [0, 4]}
							}
						}
					]
				},
				{
					"name": "leftArm6",
					"parent": "leftArm5",
					"pivot": [4.97657, 19.01142, 0],
					"cubes": [
						{
							"origin": [7.18854, 13.30185, -2],
							"size": [0, 4, 4],
							"pivot": [7.43854, 15.30185, 0],
							"rotation": [0, 0, -2.5],
							"uv": {
								"north": {"uv": [29, 60], "uv_size": [0, 4]},
								"east": {"uv": [33, 60], "uv_size": [-4, 4]},
								"south": {"uv": [33, 60], "uv_size": [0, 4]},
								"west": {"uv": [27, 60], "uv_size": [-2, 2]},
								"up": {"uv": [29, 56], "uv_size": [0, 4]},
								"down": {"uv": [29, 60], "uv_size": [0, -4]}
							}
						},
						{"origin": [3.97657, 16.01142, -2], "size": [3, 4, 4], "uv": [50, 50], "mirror": true},
						{
							"origin": [2.3, 16.35, -2],
							"size": [0, 4, 4],
							"pivot": [8.5, 38, 0],
							"rotation": [0, 0, -15],
							"uv": {
								"north": {"uv": [29, 60], "uv_size": [0, 4]},
								"east": {"uv": [33, 60], "uv_size": [-4, 4]},
								"south": {"uv": [33, 60], "uv_size": [0, 4]},
								"west": {"uv": [27, 62], "uv_size": [-2, 2]},
								"up": {"uv": [29, 56], "uv_size": [0, 4]},
								"down": {"uv": [29, 60], "uv_size": [0, -4]}
							}
						},
						{
							"origin": [8.73214, 18.79577, -2],
							"size": [0, 4, 4],
							"pivot": [-8.5, 38, 0],
							"rotation": [0, 0, 15],
							"uv": {
								"north": {"uv": [29, 60], "uv_size": [0, 4]},
								"east": {"uv": [25, 62], "uv_size": [2, 2]},
								"south": {"uv": [33, 60], "uv_size": [0, 4]},
								"west": {"uv": [29, 60], "uv_size": [4, 4]},
								"up": {"uv": [29, 56], "uv_size": [0, 4]},
								"down": {"uv": [29, 60], "uv_size": [0, -4]}
							}
						},
						{
							"origin": [1, 16.05, -4],
							"size": [0, 4, 3],
							"pivot": [6, 38.35, -2.1],
							"rotation": [-90, 75, -90],
							"uv": {
								"north": {"uv": [29, 60], "uv_size": [0, 4]},
								"east": {"uv": [33, 60], "uv_size": [-4, 4]},
								"south": {"uv": [33, 60], "uv_size": [0, 4]},
								"west": {"uv": [27, 62], "uv_size": [-1.5, 2]},
								"up": {"uv": [29, 56], "uv_size": [0, 4]},
								"down": {"uv": [29, 60], "uv_size": [0, -4]}
							}
						},
						{
							"origin": [5.8, 14.19101, -3.83493],
							"size": [0, 4, 3],
							"pivot": [5.6, 14.29101, -2.33493],
							"rotation": [-90, 80, -90],
							"uv": {
								"north": {"uv": [29, 60], "uv_size": [0, 4]},
								"east": {"uv": [33, 60], "uv_size": [-4, 4]},
								"south": {"uv": [33, 60], "uv_size": [0, 4]},
								"west": {"uv": [27, 62], "uv_size": [-1.5, 2]},
								"up": {"uv": [29, 56], "uv_size": [0, 4]},
								"down": {"uv": [29, 60], "uv_size": [0, -4]}
							}
						},
						{
							"origin": [1, 16.05, 1],
							"size": [0, 4, 3],
							"pivot": [6, 38.35, 2.1],
							"rotation": [90, -75, -90],
							"uv": {
								"north": {"uv": [33, 60], "uv_size": [0, 4]},
								"east": {"uv": [29, 60], "uv_size": [4, 4]},
								"south": {"uv": [29, 60], "uv_size": [0, 4]},
								"west": {"uv": [25.5, 62], "uv_size": [1.5, 2]},
								"up": {"uv": [29, 60], "uv_size": [0, -4]},
								"down": {"uv": [29, 56], "uv_size": [0, 4]}
							}
						},
						{
							"origin": [5.8, 14.19101, 0.83493],
							"size": [0, 4, 3],
							"pivot": [5.6, 14.29101, 2.33493],
							"rotation": [90, -80, -90],
							"uv": {
								"north": {"uv": [33, 60], "uv_size": [0, 4]},
								"east": {"uv": [29, 60], "uv_size": [4, 4]},
								"south": {"uv": [29, 60], "uv_size": [0, 4]},
								"west": {"uv": [25.5, 62], "uv_size": [1.5, 2]},
								"up": {"uv": [29, 60], "uv_size": [0, -4]},
								"down": {"uv": [29, 56], "uv_size": [0, 4]}
							}
						},
						{
							"origin": [1, 16.05, -4],
							"size": [0, 4, 3],
							"pivot": [6, 38.35, -2.1],
							"rotation": [-90, 75, -90],
							"uv": {
								"north": {"uv": [29, 60], "uv_size": [0, 4]},
								"east": {"uv": [33, 60], "uv_size": [-4, 4]},
								"south": {"uv": [33, 60], "uv_size": [0, 4]},
								"west": {"uv": [27, 62], "uv_size": [-1.5, 2]},
								"up": {"uv": [29, 56], "uv_size": [0, 4]},
								"down": {"uv": [29, 60], "uv_size": [0, -4]}
							}
						}
					]
				},
				{
					"name": "leftArm7",
					"parent": "leftArm6",
					"pivot": [5.97657, 17.01142, 0],
					"rotation": [0, 0, 12.5],
					"cubes": [
						{"origin": [4.93251, 13.02094, -1], "size": [2, 4, 3], "uv": [0, 20], "mirror": true}
					]
				},
				{
					"name": "leftArm8",
					"parent": "leftArm7",
					"pivot": [2.93251, 3.02094, 0],
					"rotation": [0, 0, 12.5],
					"cubes": [
						{"origin": [1.93251, 14.02094, -2], "size": [2, 3, 1], "uv": [34, 5], "mirror": true}
					]
				},
				{
					"name": "leftLeg",
					"parent": "main",
					"pivot": [1.9, 31, 0],
					"cubes": [
						{"origin": [0.9, 26, -2], "size": [3, 4, 4], "uv": [14, 46], "mirror": true},
						{
							"origin": [3.8, 26.3, 4.25],
							"size": [0, 4, 3],
							"pivot": [6, 38.35, 2.1],
							"rotation": [90, -75, -90],
							"uv": {
								"north": {"uv": [33, 60], "uv_size": [0, 4]},
								"east": {"uv": [29, 60], "uv_size": [4, 4]},
								"south": {"uv": [29, 60], "uv_size": [0, 4]},
								"west": {"uv": [25, 60], "uv_size": [1.5, 2]},
								"up": {"uv": [29, 60], "uv_size": [0, -4]},
								"down": {"uv": [29, 56], "uv_size": [0, 4]}
							}
						},
						{
							"origin": [3.8, 26.3, -7.25],
							"size": [0, 4, 3],
							"pivot": [6, 38.35, -2.1],
							"rotation": [-90, 75, -90],
							"uv": {
								"north": {"uv": [29, 60], "uv_size": [0, 4]},
								"east": {"uv": [33, 60], "uv_size": [-4, 4]},
								"south": {"uv": [33, 60], "uv_size": [0, 4]},
								"west": {"uv": [26.5, 62], "uv_size": [-1.5, 2]},
								"up": {"uv": [29, 56], "uv_size": [0, 4]},
								"down": {"uv": [29, 60], "uv_size": [0, -4]}
							}
						},
						{
							"origin": [1.9, 27.35, -2],
							"size": [0, 4, 4],
							"pivot": [8.5, 38, 0],
							"rotation": [0, 0, -15],
							"uv": {
								"north": {"uv": [29, 60], "uv_size": [0, 4]},
								"east": {"uv": [33, 60], "uv_size": [-4, 4]},
								"south": {"uv": [33, 60], "uv_size": [0, 4]},
								"west": {"uv": [25, 62], "uv_size": [2, 2]},
								"up": {"uv": [29, 56], "uv_size": [0, 4]},
								"down": {"uv": [29, 60], "uv_size": [0, -4]}
							}
						},
						{
							"origin": [0.77649, 26.14244, -2],
							"size": [0, 4, 4],
							"pivot": [0.87122, 29.72074, 0],
							"rotation": [0, 0, 7.5],
							"uv": {
								"north": {"uv": [29, 60], "uv_size": [0, 4]},
								"east": {"uv": [27, 62], "uv_size": [-2, 2]},
								"south": {"uv": [33, 60], "uv_size": [0, 4]},
								"west": {"uv": [29, 60], "uv_size": [4, 4]},
								"up": {"uv": [29, 56], "uv_size": [0, 4]},
								"down": {"uv": [29, 60], "uv_size": [0, -4]}
							}
						}
					]
				},
				{
					"name": "leftLeg2",
					"parent": "leftLeg",
					"pivot": [1.9, 26, 0],
					"cubes": [
						{"origin": [0.9, 22, -2], "size": [3, 4, 4], "uv": [46, 23], "mirror": true}
					]
				},
				{
					"name": "leftLeg3",
					"parent": "leftLeg2",
					"pivot": [1.9, 22, 0],
					"cubes": [
						{"origin": [0.9, 18, -2], "size": [3, 4, 4], "uv": [14, 46], "mirror": true}
					]
				},
				{
					"name": "leftLeg4",
					"parent": "leftLeg3",
					"pivot": [1.9, 18, 0],
					"cubes": [
						{"origin": [0.9, 14, -2], "size": [3, 4, 4], "uv": [46, 23], "mirror": true}
					]
				},
				{
					"name": "leftLeg5",
					"parent": "leftLeg4",
					"pivot": [1.9, 14, 0],
					"cubes": [
						{"origin": [0.9, 10, -2], "size": [3, 4, 4], "uv": [14, 46], "mirror": true}
					]
				},
				{
					"name": "leftLeg6",
					"parent": "leftLeg5",
					"pivot": [1.9, 10, 0],
					"cubes": [
						{"origin": [0.9, 6, -2], "size": [3, 4, 4], "uv": [46, 23], "mirror": true}
					]
				},
				{
					"name": "leftLeg7",
					"parent": "leftLeg6",
					"pivot": [1.9, 6, 0],
					"cubes": [
						{"origin": [0.9, 2, -2], "size": [3, 4, 4], "uv": [14, 46], "mirror": true},
						{
							"origin": [3.8, 2.8, 4.25],
							"size": [0, 4, 3],
							"pivot": [6, 14.85, 2.1],
							"rotation": [90, -75, -90],
							"uv": {
								"north": {"uv": [33, 60], "uv_size": [0, 4]},
								"east": {"uv": [29, 60], "uv_size": [4, 4]},
								"south": {"uv": [29, 60], "uv_size": [0, 4]},
								"west": {"uv": [25, 60], "uv_size": [1.5, 2]},
								"up": {"uv": [29, 60], "uv_size": [0, -4]},
								"down": {"uv": [29, 56], "uv_size": [0, 4]}
							}
						},
						{
							"origin": [1.9, 3.85, -2],
							"size": [0, 4, 4],
							"pivot": [8.5, 14.5, 0],
							"rotation": [0, 0, -15],
							"uv": {
								"north": {"uv": [29, 60], "uv_size": [0, 4]},
								"east": {"uv": [33, 60], "uv_size": [-4, 4]},
								"south": {"uv": [33, 60], "uv_size": [0, 4]},
								"west": {"uv": [25, 62], "uv_size": [2, 2]},
								"up": {"uv": [29, 56], "uv_size": [0, 4]},
								"down": {"uv": [29, 60], "uv_size": [0, -4]}
							}
						},
						{
							"origin": [1.9, 2.1, -2],
							"size": [0, 4, 4],
							"pivot": [8.5, 12.75, 0],
							"rotation": [0, 0, -15],
							"uv": {
								"north": {"uv": [29, 60], "uv_size": [0, 4]},
								"east": {"uv": [33, 60], "uv_size": [-4, 4]},
								"south": {"uv": [33, 60], "uv_size": [0, 4]},
								"west": {"uv": [25, 62], "uv_size": [2, 2]},
								"up": {"uv": [29, 56], "uv_size": [0, 4]},
								"down": {"uv": [29, 60], "uv_size": [0, -4]}
							}
						},
						{
							"origin": [3.8, 1.05, -7.25],
							"size": [0, 4, 3],
							"pivot": [6, 13.1, -2.1],
							"rotation": [-90, 75, -90],
							"uv": {
								"north": {"uv": [29, 60], "uv_size": [0, 4]},
								"east": {"uv": [33, 60], "uv_size": [-4, 4]},
								"south": {"uv": [33, 60], "uv_size": [0, 4]},
								"west": {"uv": [26.5, 62], "uv_size": [-1.5, 2]},
								"up": {"uv": [29, 56], "uv_size": [0, 4]},
								"down": {"uv": [29, 60], "uv_size": [0, -4]}
							}
						},
						{
							"origin": [3.8, 2.8, -7.25],
							"size": [0, 4, 3],
							"pivot": [6, 14.85, -2.1],
							"rotation": [-90, 75, -90],
							"uv": {
								"north": {"uv": [29, 60], "uv_size": [0, 4]},
								"east": {"uv": [33, 60], "uv_size": [-4, 4]},
								"south": {"uv": [33, 60], "uv_size": [0, 4]},
								"west": {"uv": [26.5, 62], "uv_size": [-1.5, 2]},
								"up": {"uv": [29, 56], "uv_size": [0, 4]},
								"down": {"uv": [29, 60], "uv_size": [0, -4]}
							}
						},
						{
							"origin": [0.77649, 2.64244, -2],
							"size": [0, 4, 4],
							"pivot": [0.87122, 6.22074, 0],
							"rotation": [0, 0, 7.5],
							"uv": {
								"north": {"uv": [29, 60], "uv_size": [0, 4]},
								"east": {"uv": [27, 62], "uv_size": [-2, 2]},
								"south": {"uv": [33, 60], "uv_size": [0, 4]},
								"west": {"uv": [29, 60], "uv_size": [4, 4]},
								"up": {"uv": [29, 56], "uv_size": [0, 4]},
								"down": {"uv": [29, 60], "uv_size": [0, -4]}
							}
						},
						{
							"origin": [3.8, 1.05, 4.25],
							"size": [0, 4, 3],
							"pivot": [6, 13.1, 2.1],
							"rotation": [90, -75, -90],
							"uv": {
								"north": {"uv": [33, 60], "uv_size": [0, 4]},
								"east": {"uv": [29, 60], "uv_size": [4, 4]},
								"south": {"uv": [29, 60], "uv_size": [0, 4]},
								"west": {"uv": [25, 60], "uv_size": [1.5, 2]},
								"up": {"uv": [29, 60], "uv_size": [0, -4]},
								"down": {"uv": [29, 56], "uv_size": [0, 4]}
							}
						}
					]
				},
				{
					"name": "leftLeg8",
					"parent": "leftLeg7",
					"pivot": [1.9, 2, 0],
					"cubes": [
						{"origin": [0.9, 0, -3], "size": [3, 2, 5], "uv": [44, 5]}
					]
				},
				{
					"name": "leftLeg9",
					"parent": "leftLeg8",
					"pivot": [2.9, -10, 0],
					"rotation": [0, 12.5, 0],
					"cubes": [
						{"origin": [0.9, 0, -3], "size": [1, 2, 5], "uv": [40, 47]}
					]
				},
				{
					"name": "rightLeg",
					"parent": "main",
					"pivot": [-1.9, 31, 0],
					"cubes": [
						{"origin": [-3.9, 26, -2], "size": [3, 4, 4], "uv": [14, 46]},
						{
							"origin": [-3.8, 26.3, 4.25],
							"size": [0, 4, 3],
							"pivot": [-6, 38.35, 2.1],
							"rotation": [90, 75, 90],
							"uv": {
								"north": {"uv": [33, 60], "uv_size": [0, 4]},
								"east": {"uv": [26.5, 60], "uv_size": [-1.5, 2]},
								"south": {"uv": [29, 60], "uv_size": [0, 4]},
								"west": {"uv": [33, 60], "uv_size": [-4, 4]},
								"up": {"uv": [29, 60], "uv_size": [0, -4]},
								"down": {"uv": [29, 56], "uv_size": [0, 4]}
							}
						},
						{
							"origin": [-3.8, 26.3, -7.25],
							"size": [0, 4, 3],
							"pivot": [-6, 38.35, -2.1],
							"rotation": [-90, -75, 90],
							"uv": {
								"north": {"uv": [29, 60], "uv_size": [0, 4]},
								"east": {"uv": [25, 62], "uv_size": [1.5, 2]},
								"south": {"uv": [33, 60], "uv_size": [0, 4]},
								"west": {"uv": [29, 60], "uv_size": [4, 4]},
								"up": {"uv": [29, 56], "uv_size": [0, 4]},
								"down": {"uv": [29, 60], "uv_size": [0, -4]}
							}
						},
						{
							"origin": [-1.9, 27.35, -2],
							"size": [0, 4, 4],
							"pivot": [-8.5, 38, 0],
							"rotation": [0, 0, 15],
							"uv": {
								"north": {"uv": [29, 60], "uv_size": [0, 4]},
								"east": {"uv": [27, 62], "uv_size": [-2, 2]},
								"south": {"uv": [33, 60], "uv_size": [0, 4]},
								"west": {"uv": [29, 60], "uv_size": [4, 4]},
								"up": {"uv": [29, 56], "uv_size": [0, 4]},
								"down": {"uv": [29, 60], "uv_size": [0, -4]}
							}
						},
						{
							"origin": [-0.77649, 26.14244, -2],
							"size": [0, 4, 4],
							"pivot": [-0.87122, 29.72074, 0],
							"rotation": [0, 0, -7.5],
							"uv": {
								"north": {"uv": [29, 60], "uv_size": [0, 4]},
								"east": {"uv": [33, 60], "uv_size": [-4, 4]},
								"south": {"uv": [33, 60], "uv_size": [0, 4]},
								"west": {"uv": [25, 62], "uv_size": [2, 2]},
								"up": {"uv": [29, 56], "uv_size": [0, 4]},
								"down": {"uv": [29, 60], "uv_size": [0, -4]}
							}
						}
					]
				},
				{
					"name": "rightLeg2",
					"parent": "rightLeg",
					"pivot": [-1.9, 26, 0],
					"cubes": [
						{"origin": [-3.9, 22, -2], "size": [3, 4, 4], "uv": [46, 23]}
					]
				},
				{
					"name": "rightLeg3",
					"parent": "rightLeg2",
					"pivot": [-1.9, 22, 0],
					"cubes": [
						{"origin": [-3.9, 18, -2], "size": [3, 4, 4], "uv": [14, 46]}
					]
				},
				{
					"name": "rightLeg4",
					"parent": "rightLeg3",
					"pivot": [-1.9, 18, 0],
					"cubes": [
						{"origin": [-3.9, 14, -2], "size": [3, 4, 4], "uv": [46, 23]}
					]
				},
				{
					"name": "rightLeg5",
					"parent": "rightLeg4",
					"pivot": [-1.9, 14, 0],
					"cubes": [
						{"origin": [-3.9, 10, -2], "size": [3, 4, 4], "uv": [14, 46]}
					]
				},
				{
					"name": "rightLeg6",
					"parent": "rightLeg5",
					"pivot": [-1.9, 10, 0],
					"cubes": [
						{"origin": [-3.9, 6, -2], "size": [3, 4, 4], "uv": [46, 23]}
					]
				},
				{
					"name": "rightLeg7",
					"parent": "rightLeg6",
					"pivot": [-1.9, 6, 0],
					"cubes": [
						{"origin": [-3.9, 2, -2], "size": [3, 4, 4], "uv": [14, 46]},
						{
							"origin": [-3.8, 2.8, 4.25],
							"size": [0, 4, 3],
							"pivot": [-6, 14.85, 2.1],
							"rotation": [90, 75, 90],
							"uv": {
								"north": {"uv": [33, 60], "uv_size": [0, 4]},
								"east": {"uv": [26.5, 60], "uv_size": [-1.5, 2]},
								"south": {"uv": [29, 60], "uv_size": [0, 4]},
								"west": {"uv": [33, 60], "uv_size": [-4, 4]},
								"up": {"uv": [29, 60], "uv_size": [0, -4]},
								"down": {"uv": [29, 56], "uv_size": [0, 4]}
							}
						},
						{
							"origin": [-1.9, 3.85, -2],
							"size": [0, 4, 4],
							"pivot": [-8.5, 14.5, 0],
							"rotation": [0, 0, 15],
							"uv": {
								"north": {"uv": [29, 60], "uv_size": [0, 4]},
								"east": {"uv": [27, 62], "uv_size": [-2, 2]},
								"south": {"uv": [33, 60], "uv_size": [0, 4]},
								"west": {"uv": [29, 60], "uv_size": [4, 4]},
								"up": {"uv": [29, 56], "uv_size": [0, 4]},
								"down": {"uv": [29, 60], "uv_size": [0, -4]}
							}
						},
						{
							"origin": [-1.9, 2.1, -2],
							"size": [0, 4, 4],
							"pivot": [-8.5, 12.75, 0],
							"rotation": [0, 0, 15],
							"uv": {
								"north": {"uv": [29, 60], "uv_size": [0, 4]},
								"east": {"uv": [27, 62], "uv_size": [-2, 2]},
								"south": {"uv": [33, 60], "uv_size": [0, 4]},
								"west": {"uv": [29, 60], "uv_size": [4, 4]},
								"up": {"uv": [29, 56], "uv_size": [0, 4]},
								"down": {"uv": [29, 60], "uv_size": [0, -4]}
							}
						},
						{
							"origin": [-3.8, 1.05, -7.25],
							"size": [0, 4, 3],
							"pivot": [-6, 13.1, -2.1],
							"rotation": [-90, -75, 90],
							"uv": {
								"north": {"uv": [29, 60], "uv_size": [0, 4]},
								"east": {"uv": [25, 62], "uv_size": [1.5, 2]},
								"south": {"uv": [33, 60], "uv_size": [0, 4]},
								"west": {"uv": [29, 60], "uv_size": [4, 4]},
								"up": {"uv": [29, 56], "uv_size": [0, 4]},
								"down": {"uv": [29, 60], "uv_size": [0, -4]}
							}
						},
						{
							"origin": [-3.8, 2.8, -7.25],
							"size": [0, 4, 3],
							"pivot": [-6, 14.85, -2.1],
							"rotation": [-90, -75, 90],
							"uv": {
								"north": {"uv": [29, 60], "uv_size": [0, 4]},
								"east": {"uv": [25, 62], "uv_size": [1.5, 2]},
								"south": {"uv": [33, 60], "uv_size": [0, 4]},
								"west": {"uv": [29, 60], "uv_size": [4, 4]},
								"up": {"uv": [29, 56], "uv_size": [0, 4]},
								"down": {"uv": [29, 60], "uv_size": [0, -4]}
							}
						},
						{
							"origin": [-0.77649, 2.64244, -2],
							"size": [0, 4, 4],
							"pivot": [-0.87122, 6.22074, 0],
							"rotation": [0, 0, -7.5],
							"uv": {
								"north": {"uv": [29, 60], "uv_size": [0, 4]},
								"east": {"uv": [33, 60], "uv_size": [-4, 4]},
								"south": {"uv": [33, 60], "uv_size": [0, 4]},
								"west": {"uv": [25, 62], "uv_size": [2, 2]},
								"up": {"uv": [29, 56], "uv_size": [0, 4]},
								"down": {"uv": [29, 60], "uv_size": [0, -4]}
							}
						},
						{
							"origin": [-0.77649, 0.89244, -2],
							"size": [0, 4, 4],
							"pivot": [-0.87122, 4.47074, 0],
							"rotation": [0, 0, -7.5],
							"uv": {
								"north": {"uv": [29, 60], "uv_size": [0, 4]},
								"east": {"uv": [33, 60], "uv_size": [-4, 4]},
								"south": {"uv": [33, 60], "uv_size": [0, 4]},
								"west": {"uv": [25, 62], "uv_size": [2, 2]},
								"up": {"uv": [29, 56], "uv_size": [0, 4]},
								"down": {"uv": [29, 60], "uv_size": [0, -4]}
							}
						},
						{
							"origin": [-3.8, 1.05, 4.25],
							"size": [0, 4, 3],
							"pivot": [-6, 13.1, 2.1],
							"rotation": [90, 75, 90],
							"uv": {
								"north": {"uv": [33, 60], "uv_size": [0, 4]},
								"east": {"uv": [26.5, 60], "uv_size": [-1.5, 2]},
								"south": {"uv": [29, 60], "uv_size": [0, 4]},
								"west": {"uv": [33, 60], "uv_size": [-4, 4]},
								"up": {"uv": [29, 60], "uv_size": [0, -4]},
								"down": {"uv": [29, 56], "uv_size": [0, 4]}
							}
						}
					]
				},
				{
					"name": "rightLeg8",
					"parent": "rightLeg7",
					"pivot": [-1.9, 2, 0],
					"cubes": [
						{"origin": [-3.9, 0, -3], "size": [3, 2, 5], "uv": [44, 5], "mirror": true}
					]
				},
				{
					"name": "rightLeg9",
					"parent": "rightLeg8",
					"pivot": [-2.9, -10, 0],
					"rotation": [0, -12.5, 0],
					"cubes": [
						{"origin": [-1.9, 0, -3], "size": [1, 2, 5], "uv": [40, 47], "mirror": true}
					]
				}
			]
		}
	]
}