{
	"format_version": "1.12.0",
	"minecraft:geometry": [
		{
			"description": {
				"identifier": "geometry.ic_longlegs",
				"texture_width": 128,
				"texture_height": 128,
				"visible_bounds_width": 13,
				"visible_bounds_height": 7,
				"visible_bounds_offset": [0, 0.5, 0]
			},
			"bones": [
				{
					"name": "body_main",
					"pivot": [0, 19, 11]
				},
				{
					"name": "Body",
					"parent": "body_main",
					"pivot": [0, 21, 16],
					"rotation": [22.5, 0, 0]
				},
				{
					"name": "body1",
					"parent": "Body",
					"pivot": [0, 20.1418, 10.75975],
					"cubes": [
						{
							"origin": [-5, 15.1418, 10.25975],
							"size": [10, 10, 11],
							"uv": {
								"north": {"uv": [11, 11], "uv_size": [10, 10]},
								"east": {"uv": [0, 11], "uv_size": [11, 10]},
								"south": {"uv": [67, 1], "uv_size": [10, 10]},
								"west": {"uv": [21, 11], "uv_size": [11, 10]},
								"up": {"uv": [67, 0], "uv_size": [10, 11]},
								"down": {"uv": [21, 11], "uv_size": [10, -11]}
							}
						}
					]
				},
				{
					"name": "body2",
					"parent": "Body",
					"pivot": [0, 24.1418, 3.50975],
					"cubes": [
						{
							"origin": [-4, 20.1418, -11.74025],
							"size": [8, 8, 7],
							"uv": {
								"north": {"uv": [43, 35], "uv_size": [8, 8]},
								"east": {"uv": [36, 35], "uv_size": [7, 8]},
								"south": {"uv": [58, 35], "uv_size": [8, 8]},
								"west": {"uv": [51, 35], "uv_size": [7, 8]},
								"up": {"uv": [43, 28], "uv_size": [8, 7]},
								"down": {"uv": [51, 35], "uv_size": [8, -7]}
							}
						},
						{
							"origin": [-2, 22.1418, -5.74025],
							"size": [4, 4, 5],
							"pivot": [0, 24.1418, -4.74025],
							"rotation": [-25, 0, 0],
							"uv": {
								"north": {"uv": [8, 58], "uv_size": [4, 4]},
								"east": {"uv": [0, 58], "uv_size": [8, 4]},
								"south": {"uv": [20, 58], "uv_size": [4, 4]},
								"west": {"uv": [12, 58], "uv_size": [8, 4]},
								"up": {"uv": [8, 50], "uv_size": [4, 8]},
								"down": {"uv": [12, 58], "uv_size": [4, -8]}
							}
						},
						{
							"origin": [-1, 21.47025, -2.32859],
							"size": [2, 2, 8],
							"uv": {
								"north": {"uv": [8, 58], "uv_size": [4, 4]},
								"east": {"uv": [0, 58], "uv_size": [8, 4]},
								"south": {"uv": [20, 58], "uv_size": [4, 4]},
								"west": {"uv": [12, 62], "uv_size": [8, -4]},
								"up": {"uv": [8, 50], "uv_size": [4, 8]},
								"down": {"uv": [12, 58], "uv_size": [4, -8]}
							}
						},
						{
							"origin": [-1, 21.47025, -2.32859],
							"size": [2, 2, 8],
							"pivot": [0, 2, 1],
							"rotation": [-20, 0, 0],
							"uv": {
								"north": {"uv": [8, 58], "uv_size": [4, 4]},
								"east": {"uv": [0, 58], "uv_size": [8, 4]},
								"south": {"uv": [20, 58], "uv_size": [4, 4]},
								"west": {"uv": [12, 62], "uv_size": [8, -4]},
								"up": {"uv": [8, 50], "uv_size": [4, 8]},
								"down": {"uv": [12, 58], "uv_size": [4, -8]}
							}
						}
					]
				},
				{
					"name": "head",
					"parent": "body2",
					"pivot": [0, 24.76922, -11.01233],
					"rotation": [-22.5, 0, 0],
					"cubes": [
						{
							"origin": [-5.49072, 38.40328, -18.98078],
							"size": [6.58886, 2.19629, 4.39258],
							"uv": {
								"north": {"uv": [46, 60], "uv_size": [6, 2]},
								"east": {"uv": [42, 60], "uv_size": [4, 2]},
								"south": {"uv": [56, 60], "uv_size": [6, 2]},
								"west": {"uv": [52, 60], "uv_size": [4, 2]},
								"up": {"uv": [46, 56], "uv_size": [6, 4]},
								"down": {"uv": [52, 60], "uv_size": [6, -4]}
							}
						},
						{
							"origin": [5.49072, 36.20699, -20.07893],
							"size": [6.58886, 6.58886, 6.58886],
							"pivot": [0, 4.75851, -3.33557],
							"rotation": [0, 0, -10],
							"uv": {
								"north": {"uv": [43, 7], "uv_size": [6, 6]},
								"east": {"uv": [37, 7], "uv_size": [6, 6]},
								"south": {"uv": [55, 7], "uv_size": [6, 6]},
								"west": {"uv": [49, 7], "uv_size": [6, 6]},
								"up": {"uv": [43, 1], "uv_size": [6, 6]},
								"down": {"uv": [49, 7], "uv_size": [6, -6]}
							}
						},
						{
							"origin": [-4.39258, 29.61813, -18.98078],
							"size": [8.78515, 8.78515, 4.39258],
							"uv": {
								"north": {"uv": [8, 32], "uv_size": [8, 8]},
								"east": {"uv": [4, 32], "uv_size": [4, 8]},
								"south": {"uv": [20, 32], "uv_size": [8, 8]},
								"west": {"uv": [16, 32], "uv_size": [4, 8]},
								"up": {"uv": [8, 28], "uv_size": [8, 4]},
								"down": {"uv": [16, 32], "uv_size": [8, -4]}
							}
						},
						{
							"origin": [-5.95268, 37.2505, -19.13264],
							"size": [6.58886, 2.19629, 2.19629],
							"pivot": [-2.36382, 39.2505, -17.88264],
							"rotation": [0, 0, -22.5],
							"uv": {
								"north": {"uv": [26, 26], "uv_size": [6, 2]},
								"east": {"uv": [24, 26], "uv_size": [2, 2]},
								"south": {"uv": [34, 26], "uv_size": [6, 2]},
								"west": {"uv": [32, 26], "uv_size": [2, 2]},
								"up": {"uv": [26, 24], "uv_size": [6, 2]},
								"down": {"uv": [32, 26], "uv_size": [6, -2]}
							}
						},
						{
							"origin": [-5.95268, 37.2505, -16.13264],
							"size": [6.58886, 2.19629, 2.19629],
							"pivot": [-2.36382, 39.2505, -17.88264],
							"rotation": [0, 0, -22.5],
							"uv": {
								"north": {"uv": [26, 26], "uv_size": [6, 2]},
								"east": {"uv": [24, 26], "uv_size": [2, 2]},
								"south": {"uv": [34, 26], "uv_size": [6, 2]},
								"west": {"uv": [32, 26], "uv_size": [2, 2]},
								"up": {"uv": [26, 24], "uv_size": [6, 2]},
								"down": {"uv": [32, 26], "uv_size": [6, -2]}
							}
						},
						{
							"origin": [-5.70268, 37.2505, -17.88264],
							"size": [6.58886, 2.19629, 2.19629],
							"pivot": [-2.36382, 39.2505, -17.88264],
							"rotation": [0, 0, -22.5],
							"uv": {
								"north": {"uv": [26, 26], "uv_size": [6, 2]},
								"east": {"uv": [24, 26], "uv_size": [2, 2]},
								"south": {"uv": [34, 26], "uv_size": [6, 2]},
								"west": {"uv": [32, 26], "uv_size": [2, 2]},
								"up": {"uv": [26, 24], "uv_size": [6, 2]},
								"down": {"uv": [32, 26], "uv_size": [6, -2]}
							}
						}
					]
				},
				{
					"name": "Head2",
					"parent": "head",
					"pivot": [-5.52339, 40.18832, -16.6389],
					"rotation": [0, 0, -37.5],
					"cubes": [
						{
							"origin": [-12.44634, 40.50734, -17.88264],
							"size": [7.68701, 2.19629, 2.19629],
							"pivot": [-5.30841, 40.50734, -16.7845],
							"rotation": [0, 0, -10],
							"uv": {
								"north": {"uv": [26, 26], "uv_size": [7, 2]},
								"east": {"uv": [24, 26], "uv_size": [2, 2]},
								"south": {"uv": [35, 26], "uv_size": [7, 2]},
								"west": {"uv": [33, 26], "uv_size": [2, 2]},
								"up": {"uv": [26, 24], "uv_size": [7, 2]},
								"down": {"uv": [33, 26], "uv_size": [7, -2]}
							}
						}
					]
				},
				{
					"name": "Head10",
					"parent": "Head2",
					"pivot": [-11.87938, 40.238, -16.6389],
					"rotation": [0, 0, -70],
					"cubes": [
						{
							"origin": [-18.71481, 39.17314, -17.88264],
							"size": [7.68701, 2.19629, 2.19629],
							"pivot": [-11.39996, 40.36611, -16.7845],
							"rotation": [0, 0, 20],
							"uv": {
								"north": {"uv": [26, 26], "uv_size": [7, 2]},
								"east": {"uv": [24, 26], "uv_size": [2, 2]},
								"south": {"uv": [35, 26], "uv_size": [7, 2]},
								"west": {"uv": [33, 26], "uv_size": [2, 2]},
								"up": {"uv": [26, 24], "uv_size": [7, 2]},
								"down": {"uv": [33, 26], "uv_size": [7, -2]}
							}
						}
					]
				},
				{
					"name": "Head1",
					"parent": "head",
					"pivot": [-3.84474, 38.80567, -16.6389],
					"rotation": [0, 0, -35],
					"cubes": [
						{
							"origin": [-10.90721, 43.19688, -16.7845],
							"size": [7.68701, 2.19629, 2.19629],
							"pivot": [0.76395, 43.78564, -17.88264],
							"rotation": [0, -17.5, 2.5],
							"uv": {
								"north": {"uv": [26, 26], "uv_size": [7, 2]},
								"east": {"uv": [24, 26], "uv_size": [2, 2]},
								"south": {"uv": [35, 26], "uv_size": [7, 2]},
								"west": {"uv": [33, 26], "uv_size": [2, 2]},
								"up": {"uv": [26, 24], "uv_size": [7, 2]},
								"down": {"uv": [33, 26], "uv_size": [7, -2]}
							}
						}
					]
				},
				{
					"name": "head6",
					"parent": "Head1",
					"pivot": [-3.1001, 39.43261, -17.371],
					"rotation": [0, 0, 90],
					"cubes": [
						{
							"origin": [-4.56011, 39.2505, -19.44882],
							"size": [2.19629, 2.19629, 5.49072],
							"uv": {
								"north": {"uv": [32, 50], "uv_size": [2, 2]},
								"east": {"uv": [27, 50], "uv_size": [5, 2]},
								"south": {"uv": [39, 50], "uv_size": [2, 2]},
								"west": {"uv": [34, 50], "uv_size": [5, 2]},
								"up": {"uv": [32, 45], "uv_size": [2, 5]},
								"down": {"uv": [34, 50], "uv_size": [2, -5]}
							}
						},
						{
							"origin": [-4.56011, 37.05421, -19.44882],
							"size": [2.19629, 2.19629, 5.49072],
							"uv": {
								"north": {"uv": [32, 50], "uv_size": [2, 2]},
								"east": {"uv": [27, 50], "uv_size": [5, 2]},
								"south": {"uv": [39, 50], "uv_size": [2, 2]},
								"west": {"uv": [34, 50], "uv_size": [5, 2]},
								"up": {"uv": [32, 45], "uv_size": [2, 5]},
								"down": {"uv": [34, 50], "uv_size": [2, -5]}
							}
						},
						{
							"origin": [-8.95268, 39.2505, -17.88264],
							"size": [6.58886, 2.19629, 2.19629],
							"pivot": [-2.36382, 39.2505, -17.88264],
							"rotation": [0, 0, -22.5],
							"uv": {
								"north": {"uv": [26, 26], "uv_size": [6, 2]},
								"east": {"uv": [24, 26], "uv_size": [2, 2]},
								"south": {"uv": [34, 26], "uv_size": [6, 2]},
								"west": {"uv": [32, 26], "uv_size": [2, 2]},
								"up": {"uv": [26, 24], "uv_size": [6, 2]},
								"down": {"uv": [32, 26], "uv_size": [6, -2]}
							}
						}
					]
				},
				{
					"name": "Head8",
					"parent": "Head1",
					"pivot": [-9.24399, 45.34702, -18.83518],
					"rotation": [0, 0, -30],
					"cubes": [
						{
							"origin": [-17.01962, 44.29687, -20.28956],
							"size": [7.68701, 2.19629, 2.19629],
							"pivot": [-9.88168, 45.39501, -18.09328],
							"rotation": [0, 20, 0],
							"uv": {
								"north": {"uv": [26, 26], "uv_size": [7, 2]},
								"east": {"uv": [24, 26], "uv_size": [2, 2]},
								"south": {"uv": [35, 26], "uv_size": [7, 2]},
								"west": {"uv": [33, 26], "uv_size": [2, 2]},
								"up": {"uv": [26, 24], "uv_size": [7, 2]},
								"down": {"uv": [33, 26], "uv_size": [7, -2]}
							}
						}
					]
				},
				{
					"name": "Head3",
					"parent": "head",
					"pivot": [-5.45589, 40.44764, -15.54075],
					"rotation": [0, 0, -75],
					"cubes": [
						{
							"origin": [-12.63859, 40.21649, -16.7845],
							"size": [7.68701, 2.19629, 2.19629],
							"pivot": [-5.50066, 41.31464, -15.68635],
							"rotation": [0, 17.5, 0],
							"uv": {
								"north": {"uv": [26, 26], "uv_size": [7, 2]},
								"east": {"uv": [24, 26], "uv_size": [2, 2]},
								"south": {"uv": [35, 26], "uv_size": [7, 2]},
								"west": {"uv": [33, 26], "uv_size": [2, 2]},
								"up": {"uv": [26, 24], "uv_size": [7, 2]},
								"down": {"uv": [33, 26], "uv_size": [7, -2]}
							}
						}
					]
				},
				{
					"name": "Head9",
					"parent": "Head3",
					"pivot": [-12.85887, 40.59519, -15.54075],
					"rotation": [0, 0, -32.5],
					"cubes": [
						{
							"origin": [-18.64283, 39.44502, -14.76335],
							"size": [7.68701, 2.19629, 2.19629],
							"pivot": [-11.36425, 40.54317, -13.15582],
							"rotation": [0, -12.5, 0],
							"uv": {
								"north": {"uv": [26, 26], "uv_size": [7, 2]},
								"east": {"uv": [24, 26], "uv_size": [2, 2]},
								"south": {"uv": [35, 26], "uv_size": [7, 2]},
								"west": {"uv": [33, 26], "uv_size": [2, 2]},
								"up": {"uv": [26, 24], "uv_size": [7, 2]},
								"down": {"uv": [33, 26], "uv_size": [7, -2]}
							}
						}
					]
				},
				{
					"name": "eyes",
					"parent": "head",
					"pivot": [-0.25, 35.49758, -18.36428],
					"cubes": [
						{
							"origin": [-3.7676, 33.88412, -19.25147],
							"size": [2.6352, 2.6352, 2.6352],
							"pivot": [-2.53783, 35.9118, -18.56895],
							"rotation": [0, 0, 0],
							"uv": {
								"north": {"uv": [0, 0], "uv_size": [2, 2]},
								"east": {"uv": [0, 0], "uv_size": [2, 2]},
								"south": {"uv": [0, 0], "uv_size": [2, 2]},
								"west": {"uv": [0, 0], "uv_size": [2, 2]},
								"up": {"uv": [2, 2], "uv_size": [-2, -2]},
								"down": {"uv": [2, 2], "uv_size": [-2, -2]}
							}
						},
						{
							"origin": [1.0324, 33.88412, -19.25147],
							"size": [2.6352, 2.6352, 2.6352],
							"pivot": [2.46217, 35.9118, -18.56895],
							"rotation": [0, 0, 0],
							"uv": {
								"north": {"uv": [0, 0], "uv_size": [2, 2]},
								"east": {"uv": [0, 0], "uv_size": [2, 2]},
								"south": {"uv": [0, 0], "uv_size": [2, 2]},
								"west": {"uv": [0, 0], "uv_size": [2, 2]},
								"up": {"uv": [2, 2], "uv_size": [-2, -2]},
								"down": {"uv": [2, 2], "uv_size": [-2, -2]}
							}
						},
						{
							"origin": [-3.72198, 35.82972, -19.20403],
							"size": [0.73, 1.71, 0],
							"pivot": [-2.53783, 35.9118, -18.56895],
							"rotation": [0, 0, -22.5],
							"uv": {
								"north": {"uv": [89, 17], "uv_size": [1, 2]},
								"east": {"uv": [89, 17], "uv_size": [0, 2]},
								"south": {"uv": [90, 17], "uv_size": [1, 2]},
								"west": {"uv": [90, 17], "uv_size": [0, 2]},
								"up": {"uv": [89, 17], "uv_size": [1, 0]},
								"down": {"uv": [90, 17], "uv_size": [1, 0]}
							}
						},
						{
							"origin": [-2.825, 35.7922, -19.20403],
							"size": [0.73, 1.71, 0],
							"pivot": [-2.53783, 35.9118, -18.56895],
							"rotation": [0, 0, 0],
							"uv": {
								"north": {"uv": [89, 17], "uv_size": [1, 2]},
								"east": {"uv": [89, 17], "uv_size": [0, 2]},
								"south": {"uv": [90, 17], "uv_size": [1, 2]},
								"west": {"uv": [90, 17], "uv_size": [0, 2]},
								"up": {"uv": [89, 17], "uv_size": [1, 0]},
								"down": {"uv": [90, 17], "uv_size": [1, 0]}
							}
						},
						{
							"origin": [-2.19785, 35.98212, -19.20403],
							"size": [0.73, 1.71, 0],
							"pivot": [-2.53783, 35.9118, -18.56895],
							"rotation": [0, 0, 27.5],
							"uv": {
								"north": {"uv": [89, 17], "uv_size": [1, 2]},
								"east": {"uv": [89, 17], "uv_size": [0, 2]},
								"south": {"uv": [90, 17], "uv_size": [1, 2]},
								"west": {"uv": [90, 17], "uv_size": [0, 2]},
								"up": {"uv": [89, 17], "uv_size": [1, 0]},
								"down": {"uv": [90, 17], "uv_size": [1, 0]}
							}
						},
						{
							"origin": [1.27802, 35.82972, -19.20403],
							"size": [0.73, 1.71, 0],
							"pivot": [2.46217, 35.9118, -18.56895],
							"rotation": [0, 0, -22.5],
							"uv": {
								"north": {"uv": [89, 17], "uv_size": [1, 2]},
								"east": {"uv": [89, 17], "uv_size": [0, 2]},
								"south": {"uv": [90, 17], "uv_size": [1, 2]},
								"west": {"uv": [90, 17], "uv_size": [0, 2]},
								"up": {"uv": [89, 17], "uv_size": [1, 0]},
								"down": {"uv": [90, 17], "uv_size": [1, 0]}
							}
						},
						{
							"origin": [2.175, 35.7922, -19.20403],
							"size": [0.73, 1.71, 0],
							"pivot": [2.46217, 35.9118, -18.56895],
							"rotation": [0, 0, 0],
							"uv": {
								"north": {"uv": [89, 17], "uv_size": [1, 2]},
								"east": {"uv": [89, 17], "uv_size": [0, 2]},
								"south": {"uv": [90, 17], "uv_size": [1, 2]},
								"west": {"uv": [90, 17], "uv_size": [0, 2]},
								"up": {"uv": [89, 17], "uv_size": [1, 0]},
								"down": {"uv": [90, 17], "uv_size": [1, 0]}
							}
						},
						{
							"origin": [2.80215, 35.98212, -19.20403],
							"size": [0.73, 1.71, 0],
							"pivot": [2.46217, 35.9118, -18.56895],
							"rotation": [0, 0, 27.5],
							"uv": {
								"north": {"uv": [89, 17], "uv_size": [1, 2]},
								"east": {"uv": [89, 17], "uv_size": [0, 2]},
								"south": {"uv": [90, 17], "uv_size": [1, 2]},
								"west": {"uv": [90, 17], "uv_size": [0, 2]},
								"up": {"uv": [89, 17], "uv_size": [1, 0]},
								"down": {"uv": [90, 17], "uv_size": [1, 0]}
							}
						}
					]
				},
				{
					"name": "eyelids",
					"parent": "eyes",
					"pivot": [-0.25, 35.49758, -18.36428],
					"cubes": [
						{
							"origin": [1.15806, 34.02471, -19.37552],
							"size": [2.3424, 2.3424, 2.3424],
							"pivot": [2.46217, 35.9118, -18.56895],
							"rotation": [0, 0, 0],
							"uv": {
								"north": {"uv": [122, 2], "uv_size": [2, 2]},
								"east": {"uv": [120, 2], "uv_size": [2, 2]},
								"south": {"uv": [126, 2], "uv_size": [2, 2]},
								"west": {"uv": [124, 2], "uv_size": [2, 2]},
								"up": {"uv": [122, 0], "uv_size": [2, 2]},
								"down": {"uv": [124, 2], "uv_size": [2, -2]}
							}
						},
						{
							"origin": [-3.64194, 34.02471, -19.37552],
							"size": [2.3424, 2.3424, 2.3424],
							"pivot": [-2.53783, 35.9118, -18.56895],
							"rotation": [0, 0, 0],
							"uv": {
								"north": {"uv": [122, 2], "uv_size": [2, 2]},
								"east": {"uv": [120, 2], "uv_size": [2, 2]},
								"south": {"uv": [126, 2], "uv_size": [2, 2]},
								"west": {"uv": [124, 2], "uv_size": [2, 2]},
								"up": {"uv": [122, 0], "uv_size": [2, 2]},
								"down": {"uv": [124, 2], "uv_size": [2, -2]}
							}
						}
					]
				},
				{
					"name": "pupils",
					"parent": "eyes",
					"pivot": [-0.25, 35.49758, -18.36428],
					"cubes": [
						{
							"origin": [1.4228, 34.29799, -19.49142],
							"size": [1.7568, 1.7568, 1.7568],
							"pivot": [2.46217, 35.9118, -18.56895],
							"rotation": [0, 0, 0],
							"uv": {
								"north": {"uv": [122, 6], "uv_size": [2, 2]},
								"east": {"uv": [120, 6], "uv_size": [2, 2]},
								"south": {"uv": [126, 6], "uv_size": [2, 2]},
								"west": {"uv": [124, 6], "uv_size": [2, 2]},
								"up": {"uv": [122, 4], "uv_size": [2, 2]},
								"down": {"uv": [124, 6], "uv_size": [2, -2]}
							}
						},
						{
							"origin": [-3.3772, 34.29799, -19.49142],
							"size": [1.7568, 1.7568, 1.7568],
							"pivot": [-2.53783, 35.9118, -18.56895],
							"rotation": [0, 0, 0],
							"uv": {
								"north": {"uv": [122, 6], "uv_size": [2, 2]},
								"east": {"uv": [120, 6], "uv_size": [2, 2]},
								"south": {"uv": [126, 6], "uv_size": [2, 2]},
								"west": {"uv": [124, 6], "uv_size": [2, 2]},
								"up": {"uv": [122, 4], "uv_size": [2, 2]},
								"down": {"uv": [124, 6], "uv_size": [2, -2]}
							}
						}
					]
				},
				{
					"name": "smile",
					"parent": "head",
					"pivot": [0, 31.99758, -19.86428],
					"cubes": [
						{"origin": [-4.4, 29.59758, -18.11428], "size": [8.8, 4, 0], "uv": [77, 0]}
					]
				},
				{
					"name": "necklace",
					"parent": "head",
					"pivot": [0, 24.76922, -11.01233],
					"cubes": [
						{
							"origin": [-0.21196, 25.62399, -14.09687],
							"size": [2.19629, 2.19629, 4.49072],
							"pivot": [0.13804, 25.62214, -13.60151],
							"rotation": [0, -60, 90],
							"uv": {
								"north": {"uv": [32, 50], "uv_size": [2, 2]},
								"east": {"uv": [27, 50], "uv_size": [5, 2]},
								"south": {"uv": [39, 50], "uv_size": [2, 2]},
								"west": {"uv": [34, 50], "uv_size": [5, 2]},
								"up": {"uv": [32, 45], "uv_size": [2, 5]},
								"down": {"uv": [34, 50], "uv_size": [2, -5]}
							}
						},
						{
							"origin": [-0.20825, 23.42399, -14.09687],
							"size": [2.19629, 2.19629, 4.49072],
							"pivot": [0.13804, 25.62214, -13.60151],
							"rotation": [0, -62.5, 90],
							"uv": {
								"north": {"uv": [32, 50], "uv_size": [2, 2]},
								"east": {"uv": [27, 50], "uv_size": [5, 2]},
								"south": {"uv": [39, 50], "uv_size": [2, 2]},
								"west": {"uv": [34, 50], "uv_size": [5, 2]},
								"up": {"uv": [32, 45], "uv_size": [2, 5]},
								"down": {"uv": [34, 50], "uv_size": [2, -5]}
							}
						}
					]
				},
				{
					"name": "Head4",
					"parent": "necklace",
					"pivot": [0, 29.70453, -15.54075],
					"rotation": [-42.5, 0, 0],
					"cubes": [
						{
							"origin": [-1.09814, 28.60202, -16.57254],
							"size": [2.19629, 2.19629, 7.68701],
							"uv": {
								"north": {"uv": [23, 52], "uv_size": [2, 2]},
								"east": {"uv": [16, 52], "uv_size": [7, 2]},
								"south": {"uv": [32, 52], "uv_size": [2, 2]},
								"west": {"uv": [25, 52], "uv_size": [7, 2]},
								"up": {"uv": [23, 45], "uv_size": [2, 7]},
								"down": {"uv": [25, 52], "uv_size": [2, -7]}
							}
						}
					]
				},
				{
					"name": "leftarm",
					"parent": "body_main",
					"pivot": [4, 13, -8]
				},
				{
					"name": "leftarm1",
					"parent": "leftarm",
					"pivot": [2.09406, 14.07444, -8],
					"rotation": [89.9802, -0.18057, 59.99839],
					"cubes": [
						{
							"origin": [1.42206, 13.07444, -9.78812],
							"size": [2, 2, 8],
							"uv": {
								"north": {"uv": [8, 48], "uv_size": [2, 2]},
								"east": {"uv": [0, 48], "uv_size": [8, 2]},
								"south": {"uv": [18, 48], "uv_size": [2, 2]},
								"west": {"uv": [10, 48], "uv_size": [8, 2]},
								"up": {"uv": [8, 40], "uv_size": [2, 8]},
								"down": {"uv": [10, 48], "uv_size": [2, -8]}
							}
						},
						{
							"origin": [-0.17472, 13.07444, -2.58551],
							"size": [2, 2, 8],
							"pivot": [0.82528, 14.07444, 1.41449],
							"rotation": [0, -25, 0],
							"uv": {
								"north": {"uv": [8, 48], "uv_size": [2, 2]},
								"east": {"uv": [0, 48], "uv_size": [8, 2]},
								"south": {"uv": [18, 48], "uv_size": [2, 2]},
								"west": {"uv": [10, 48], "uv_size": [8, 2]},
								"up": {"uv": [8, 40], "uv_size": [2, 8]},
								"down": {"uv": [10, 48], "uv_size": [2, -8]}
							}
						},
						{
							"origin": [-2.48129, 13.07444, 4.50423],
							"size": [2, 2, 8],
							"pivot": [-1.48129, 14.07444, 0.50423],
							"rotation": [0, 10, 0],
							"uv": {
								"north": {"uv": [8, 48], "uv_size": [2, 2]},
								"east": {"uv": [0, 48], "uv_size": [8, 2]},
								"south": {"uv": [18, 48], "uv_size": [2, 2]},
								"west": {"uv": [10, 48], "uv_size": [8, 2]},
								"up": {"uv": [8, 40], "uv_size": [2, 8]},
								"down": {"uv": [10, 48], "uv_size": [2, -8]}
							}
						}
					]
				},
				{
					"name": "leftarm3",
					"parent": "leftarm1",
					"pivot": [0.31125, 14.03135, 12],
					"rotation": [9.53417, 69.60732, 8.2926],
					"cubes": [
						{
							"origin": [-0.48324, 13.08965, 11.58483],
							"size": [2, 2, 8],
							"uv": {
								"north": {"uv": [8, 48], "uv_size": [2, 2]},
								"east": {"uv": [0, 48], "uv_size": [8, 2]},
								"south": {"uv": [18, 48], "uv_size": [2, 2]},
								"west": {"uv": [10, 48], "uv_size": [8, 2]},
								"up": {"uv": [8, 40], "uv_size": [2, 8]},
								"down": {"uv": [10, 48], "uv_size": [2, -8]}
							}
						},
						{
							"origin": [1.25077, 13.08965, 18.67112],
							"size": [2, 2, 8],
							"pivot": [2.25077, 14.08965, 22.67112],
							"rotation": [0, 27.5, 0],
							"uv": {
								"north": {"uv": [8, 48], "uv_size": [2, 2]},
								"east": {"uv": [0, 48], "uv_size": [8, 2]},
								"south": {"uv": [18, 48], "uv_size": [2, 2]},
								"west": {"uv": [10, 48], "uv_size": [8, 2]},
								"up": {"uv": [8, 40], "uv_size": [2, 8]},
								"down": {"uv": [10, 48], "uv_size": [2, -8]}
							}
						}
					]
				},
				{
					"name": "leftarm2",
					"parent": "leftarm3",
					"pivot": [3.96561, 14.73174, 26],
					"rotation": [0, 55, 0],
					"cubes": [
						{
							"origin": [3.1939, 13.08965, 25.59228],
							"size": [2, 2, 14],
							"uv": {
								"north": {"uv": [32, 43], "uv_size": [2, 2]},
								"east": {"uv": [18, 43], "uv_size": [14, 2]},
								"south": {"uv": [48, 43], "uv_size": [2, 2]},
								"west": {"uv": [34, 43], "uv_size": [14, 2]},
								"up": {"uv": [32, 29], "uv_size": [2, 14]},
								"down": {"uv": [34, 43], "uv_size": [2, -14]}
							}
						}
					]
				},
				{
					"name": "leftarm4",
					"parent": "leftarm2",
					"pivot": [3.59995, 14, 39.0011],
					"rotation": [90, 5, 180],
					"cubes": [
						{
							"origin": [1.5926, 13.07103, 35.5866],
							"size": [3, 2, 4],
							"uv": {
								"north": {"uv": [30, 60], "uv_size": [3, 2]},
								"east": {"uv": [26, 60], "uv_size": [4, 2]},
								"south": {"uv": [37, 60], "uv_size": [3, 2]},
								"west": {"uv": [33, 60], "uv_size": [4, 2]},
								"up": {"uv": [30, 56], "uv_size": [3, 4]},
								"down": {"uv": [33, 60], "uv_size": [3, -4]}
							}
						},
						{
							"origin": [2.5926, 17.07103, 42.33964],
							"size": [2, 4, 2],
							"pivot": [-13.4074, 13.07103, 44.5866],
							"rotation": [62.5, 0, 0],
							"uv": {
								"north": {"uv": [32, 48], "uv_size": [2, 4]},
								"east": {"uv": [30, 48], "uv_size": [2, 4]},
								"south": {"uv": [36, 48], "uv_size": [2, 4]},
								"west": {"uv": [34, 48], "uv_size": [2, 4]},
								"up": {"uv": [32, 46], "uv_size": [2, 2]},
								"down": {"uv": [34, 48], "uv_size": [2, -2]}
							}
						},
						{
							"origin": [1.5926, 17.07103, 42.33964],
							"size": [2, 4, 2],
							"pivot": [-13.4074, 13.07103, 44.5866],
							"rotation": [62.5, 0, 0],
							"uv": {
								"north": {"uv": [32, 48], "uv_size": [2, 4]},
								"east": {"uv": [30, 48], "uv_size": [2, 4]},
								"south": {"uv": [36, 48], "uv_size": [2, 4]},
								"west": {"uv": [34, 48], "uv_size": [2, 4]},
								"up": {"uv": [32, 46], "uv_size": [2, 2]},
								"down": {"uv": [34, 48], "uv_size": [2, -2]}
							}
						}
					]
				},
				{
					"name": "leftarm5",
					"parent": "leftarm4",
					"pivot": [-9.40005, 13.04362, 47.00206],
					"rotation": [0, 17.5, 0],
					"cubes": [
						{
							"origin": [3.91717, 13.07103, 37.55734],
							"size": [1, 2, 5],
							"uv": {
								"north": {"uv": [5, 5], "uv_size": [1, 2]},
								"east": {"uv": [0, 5], "uv_size": [5, 2]},
								"south": {"uv": [11, 5], "uv_size": [1, 2]},
								"west": {"uv": [6, 5], "uv_size": [5, 2]},
								"up": {"uv": [5, 0], "uv_size": [1, 5]},
								"down": {"uv": [6, 5], "uv_size": [1, -5]}
							}
						}
					]
				},
				{
					"name": "leftarm6",
					"parent": "leftarm4",
					"pivot": [2.59995, 13.04362, 53.00206],
					"rotation": [0, 65, 0],
					"cubes": [
						{
							"origin": [16.06707, 13.07103, 43.24244],
							"size": [1, 2, 5],
							"uv": {
								"north": {"uv": [5, 5], "uv_size": [1, 2]},
								"east": {"uv": [0, 5], "uv_size": [5, 2]},
								"south": {"uv": [11, 5], "uv_size": [1, 2]},
								"west": {"uv": [6, 5], "uv_size": [5, 2]},
								"up": {"uv": [5, 0], "uv_size": [1, 5]},
								"down": {"uv": [6, 5], "uv_size": [1, -5]}
							}
						}
					]
				},
				{
					"name": "leftarm7",
					"parent": "leftarm4",
					"pivot": [-12.40005, 13.04362, 44.00206],
					"rotation": [0, 2.5, 0],
					"cubes": [
						{
							"origin": [2.06711, 13.07103, 33.88572],
							"size": [1, 2, 5],
							"uv": {
								"north": {"uv": [5, 5], "uv_size": [1, 2]},
								"east": {"uv": [0, 5], "uv_size": [5, 2]},
								"south": {"uv": [11, 5], "uv_size": [1, 2]},
								"west": {"uv": [6, 5], "uv_size": [5, 2]},
								"up": {"uv": [5, 0], "uv_size": [1, 5]},
								"down": {"uv": [6, 5], "uv_size": [1, -5]}
							}
						}
					]
				},
				{
					"name": "leftarm8",
					"parent": "leftarm4",
					"pivot": [-11.40005, 13.04362, 42.00206],
					"rotation": [0, -2.5, 0],
					"cubes": [
						{
							"origin": [2.41811, 13.07103, 32.58636],
							"size": [1, 2, 5],
							"uv": {
								"north": {"uv": [5, 5], "uv_size": [1, 2]},
								"east": {"uv": [0, 5], "uv_size": [5, 2]},
								"south": {"uv": [11, 5], "uv_size": [1, 2]},
								"west": {"uv": [6, 5], "uv_size": [5, 2]},
								"up": {"uv": [5, 0], "uv_size": [1, 5]},
								"down": {"uv": [6, 5], "uv_size": [1, -5]}
							}
						}
					]
				},
				{
					"name": "leftarm9",
					"parent": "leftarm4",
					"pivot": [4.18202, 14.04362, 37.1339],
					"rotation": [0, -10, 0],
					"cubes": [
						{
							"origin": [3.60265, 13.07103, 34.22602],
							"size": [1, 2, 5],
							"uv": {
								"north": {"uv": [5, 5], "uv_size": [1, 2]},
								"east": {"uv": [0, 5], "uv_size": [5, 2]},
								"south": {"uv": [11, 5], "uv_size": [1, 2]},
								"west": {"uv": [6, 5], "uv_size": [5, 2]},
								"up": {"uv": [5, 0], "uv_size": [1, 5]},
								"down": {"uv": [6, 5], "uv_size": [1, -5]}
							}
						}
					]
				},
				{
					"name": "rightarm",
					"parent": "body_main",
					"pivot": [-4, 13, -9]
				},
				{
					"name": "rightarm1",
					"parent": "rightarm",
					"pivot": [-2.09406, 14.07444, -9],
					"rotation": [89.9802, 0.18057, -59.99839],
					"cubes": [
						{
							"origin": [-3.42206, 13.07444, -10.78812],
							"size": [2, 2, 8],
							"uv": {
								"north": {"uv": [10, 48], "uv_size": [-2, 2]},
								"east": {"uv": [18, 48], "uv_size": [-8, 2]},
								"south": {"uv": [20, 48], "uv_size": [-2, 2]},
								"west": {"uv": [8, 48], "uv_size": [-8, 2]},
								"up": {"uv": [10, 40], "uv_size": [-2, 8]},
								"down": {"uv": [12, 48], "uv_size": [-2, -8]}
							}
						},
						{
							"origin": [-1.82528, 13.07444, -3.58551],
							"size": [2, 2, 8],
							"pivot": [-0.82528, 14.07444, 0.41449],
							"rotation": [0, 25, 0],
							"uv": {
								"north": {"uv": [10, 48], "uv_size": [-2, 2]},
								"east": {"uv": [18, 48], "uv_size": [-8, 2]},
								"south": {"uv": [20, 48], "uv_size": [-2, 2]},
								"west": {"uv": [8, 48], "uv_size": [-8, 2]},
								"up": {"uv": [10, 40], "uv_size": [-2, 8]},
								"down": {"uv": [12, 48], "uv_size": [-2, -8]}
							}
						},
						{
							"origin": [0.48129, 13.07444, 3.50423],
							"size": [2, 2, 8],
							"pivot": [1.48129, 14.07444, -0.49577],
							"rotation": [0, -10, 0],
							"uv": {
								"north": {"uv": [10, 48], "uv_size": [-2, 2]},
								"east": {"uv": [18, 48], "uv_size": [-8, 2]},
								"south": {"uv": [20, 48], "uv_size": [-2, 2]},
								"west": {"uv": [8, 48], "uv_size": [-8, 2]},
								"up": {"uv": [10, 40], "uv_size": [-2, 8]},
								"down": {"uv": [12, 48], "uv_size": [-2, -8]}
							}
						}
					]
				},
				{
					"name": "rightarm3",
					"parent": "rightarm1",
					"pivot": [-0.31125, 14.03135, 11],
					"rotation": [9.53417, -69.60732, -8.2926],
					"cubes": [
						{
							"origin": [-1.51676, 13.08965, 10.58483],
							"size": [2, 2, 8],
							"uv": {
								"north": {"uv": [10, 48], "uv_size": [-2, 2]},
								"east": {"uv": [18, 48], "uv_size": [-8, 2]},
								"south": {"uv": [20, 48], "uv_size": [-2, 2]},
								"west": {"uv": [8, 48], "uv_size": [-8, 2]},
								"up": {"uv": [10, 40], "uv_size": [-2, 8]},
								"down": {"uv": [12, 48], "uv_size": [-2, -8]}
							}
						},
						{
							"origin": [-3.25077, 13.08965, 17.67112],
							"size": [2, 2, 8],
							"pivot": [-2.25077, 14.08965, 21.67112],
							"rotation": [0, -27.5, 0],
							"uv": {
								"north": {"uv": [10, 48], "uv_size": [-2, 2]},
								"east": {"uv": [18, 48], "uv_size": [-8, 2]},
								"south": {"uv": [20, 48], "uv_size": [-2, 2]},
								"west": {"uv": [8, 48], "uv_size": [-8, 2]},
								"up": {"uv": [10, 40], "uv_size": [-2, 8]},
								"down": {"uv": [12, 48], "uv_size": [-2, -8]}
							}
						}
					]
				},
				{
					"name": "rightarm2",
					"parent": "rightarm3",
					"pivot": [-3.96561, 14.73174, 25],
					"rotation": [0, -55, 0],
					"cubes": [
						{
							"origin": [-5.1939, 13.08965, 24.59228],
							"size": [2, 2, 14],
							"uv": {
								"north": {"uv": [34, 43], "uv_size": [-2, 2]},
								"east": {"uv": [48, 43], "uv_size": [-14, 2]},
								"south": {"uv": [50, 43], "uv_size": [-2, 2]},
								"west": {"uv": [32, 43], "uv_size": [-14, 2]},
								"up": {"uv": [34, 29], "uv_size": [-2, 14]},
								"down": {"uv": [36, 43], "uv_size": [-2, -14]}
							}
						}
					]
				},
				{
					"name": "rightarm4",
					"parent": "rightarm2",
					"pivot": [-3.59995, 14, 38.0011],
					"rotation": [90, -5, -180],
					"cubes": [
						{
							"origin": [-4.5926, 13.07103, 34.5866],
							"size": [3, 2, 4],
							"uv": {
								"north": {"uv": [33, 60], "uv_size": [-3, 2]},
								"east": {"uv": [37, 60], "uv_size": [-4, 2]},
								"south": {"uv": [40, 60], "uv_size": [-3, 2]},
								"west": {"uv": [30, 60], "uv_size": [-4, 2]},
								"up": {"uv": [33, 56], "uv_size": [-3, 4]},
								"down": {"uv": [36, 60], "uv_size": [-3, -4]}
							}
						},
						{
							"origin": [-4.5926, 17.07103, 41.33964],
							"size": [2, 4, 2],
							"pivot": [13.4074, 13.07103, 43.5866],
							"rotation": [62.5, 0, 0],
							"uv": {
								"north": {"uv": [34, 48], "uv_size": [-2, 4]},
								"east": {"uv": [36, 48], "uv_size": [-2, 4]},
								"south": {"uv": [38, 48], "uv_size": [-2, 4]},
								"west": {"uv": [32, 48], "uv_size": [-2, 4]},
								"up": {"uv": [34, 46], "uv_size": [-2, 2]},
								"down": {"uv": [36, 48], "uv_size": [-2, -2]}
							}
						},
						{
							"origin": [-3.5926, 17.07103, 41.33964],
							"size": [2, 4, 2],
							"pivot": [13.4074, 13.07103, 43.5866],
							"rotation": [62.5, 0, 0],
							"uv": {
								"north": {"uv": [34, 48], "uv_size": [-2, 4]},
								"east": {"uv": [36, 48], "uv_size": [-2, 4]},
								"south": {"uv": [38, 48], "uv_size": [-2, 4]},
								"west": {"uv": [32, 48], "uv_size": [-2, 4]},
								"up": {"uv": [34, 46], "uv_size": [-2, 2]},
								"down": {"uv": [36, 48], "uv_size": [-2, -2]}
							}
						}
					]
				},
				{
					"name": "rightarm5",
					"parent": "rightarm4",
					"pivot": [9.40005, 13.04362, 46.00206],
					"rotation": [0, -17.5, 0],
					"cubes": [
						{
							"origin": [-4.91717, 13.07103, 36.55734],
							"size": [1, 2, 5],
							"uv": {
								"north": {"uv": [6, 5], "uv_size": [-1, 2]},
								"east": {"uv": [11, 5], "uv_size": [-5, 2]},
								"south": {"uv": [12, 5], "uv_size": [-1, 2]},
								"west": {"uv": [5, 5], "uv_size": [-5, 2]},
								"up": {"uv": [6, 0], "uv_size": [-1, 5]},
								"down": {"uv": [7, 5], "uv_size": [-1, -5]}
							}
						}
					]
				},
				{
					"name": "rightarm6",
					"parent": "rightarm4",
					"pivot": [-2.59995, 13.04362, 52.00206],
					"rotation": [0, -65, 0],
					"cubes": [
						{
							"origin": [-17.06707, 13.07103, 42.24244],
							"size": [1, 2, 5],
							"uv": {
								"north": {"uv": [6, 5], "uv_size": [-1, 2]},
								"east": {"uv": [11, 5], "uv_size": [-5, 2]},
								"south": {"uv": [12, 5], "uv_size": [-1, 2]},
								"west": {"uv": [5, 5], "uv_size": [-5, 2]},
								"up": {"uv": [6, 0], "uv_size": [-1, 5]},
								"down": {"uv": [7, 5], "uv_size": [-1, -5]}
							}
						}
					]
				},
				{
					"name": "rightarm7",
					"parent": "rightarm4",
					"pivot": [12.40005, 13.04362, 43.00206],
					"rotation": [0, -2.5, 0],
					"cubes": [
						{
							"origin": [-3.06711, 13.07103, 32.88572],
							"size": [1, 2, 5],
							"uv": {
								"north": {"uv": [6, 5], "uv_size": [-1, 2]},
								"east": {"uv": [11, 5], "uv_size": [-5, 2]},
								"south": {"uv": [12, 5], "uv_size": [-1, 2]},
								"west": {"uv": [5, 5], "uv_size": [-5, 2]},
								"up": {"uv": [6, 0], "uv_size": [-1, 5]},
								"down": {"uv": [7, 5], "uv_size": [-1, -5]}
							}
						}
					]
				},
				{
					"name": "rightarm8",
					"parent": "rightarm4",
					"pivot": [11.40005, 13.04362, 41.00206],
					"rotation": [0, 2.5, 0],
					"cubes": [
						{
							"origin": [-3.41811, 13.07103, 31.58636],
							"size": [1, 2, 5],
							"uv": {
								"north": {"uv": [6, 5], "uv_size": [-1, 2]},
								"east": {"uv": [11, 5], "uv_size": [-5, 2]},
								"south": {"uv": [12, 5], "uv_size": [-1, 2]},
								"west": {"uv": [5, 5], "uv_size": [-5, 2]},
								"up": {"uv": [6, 0], "uv_size": [-1, 5]},
								"down": {"uv": [7, 5], "uv_size": [-1, -5]}
							}
						}
					]
				},
				{
					"name": "rightarm9",
					"parent": "rightarm4",
					"pivot": [-4.18202, 14.04362, 36.1339],
					"rotation": [0, 10, 0],
					"cubes": [
						{
							"origin": [-4.60265, 13.07103, 33.22602],
							"size": [1, 2, 5],
							"uv": {
								"north": {"uv": [6, 5], "uv_size": [-1, 2]},
								"east": {"uv": [11, 5], "uv_size": [-5, 2]},
								"south": {"uv": [12, 5], "uv_size": [-1, 2]},
								"west": {"uv": [5, 5], "uv_size": [-5, 2]},
								"up": {"uv": [6, 0], "uv_size": [-1, 5]},
								"down": {"uv": [7, 5], "uv_size": [-1, -5]}
							}
						}
					]
				},
				{
					"name": "leftleg",
					"parent": "body_main",
					"pivot": [3, 21, 15]
				},
				{
					"name": "leftleg4",
					"parent": "leftleg",
					"pivot": [5.2525, 22.85236, 15],
					"rotation": [90, 0, 97.5],
					"cubes": [
						{
							"origin": [0.67716, 17.49554, 9.55433],
							"size": [2, 2, 10],
							"pivot": [2.91901, 18.96921, 19.12738],
							"rotation": [-39.93637, -53.89827, 17.45121],
							"uv": {
								"north": {"uv": [32, 43], "uv_size": [2, 2]},
								"east": {"uv": [22, 43], "uv_size": [10, 2]},
								"south": {"uv": [44, 43], "uv_size": [2, 2]},
								"west": {"uv": [34, 43], "uv_size": [10, 2]},
								"up": {"uv": [32, 33], "uv_size": [2, 10]},
								"down": {"uv": [34, 43], "uv_size": [2, -10]}
							}
						},
						{
							"origin": [0.56587, 18.34808, 18.67764],
							"size": [2, 2, 10],
							"pivot": [2.91901, 18.96921, 19.12738],
							"rotation": [4.66594, -29.59233, -42.57173],
							"uv": {
								"north": {"uv": [32, 43], "uv_size": [2, 2]},
								"east": {"uv": [22, 43], "uv_size": [10, 2]},
								"south": {"uv": [44, 43], "uv_size": [2, 2]},
								"west": {"uv": [34, 43], "uv_size": [10, 2]},
								"up": {"uv": [32, 33], "uv_size": [2, 10]},
								"down": {"uv": [34, 43], "uv_size": [2, -10]}
							}
						},
						{
							"origin": [-1.51641, 15.2384, 28.04277],
							"size": [2, 2, 10],
							"pivot": [-4.26641, 14.4884, 31.04277],
							"rotation": [9.13619, 27.03181, -7.53169],
							"uv": {
								"north": {"uv": [32, 43], "uv_size": [2, 2]},
								"east": {"uv": [22, 43], "uv_size": [10, 2]},
								"south": {"uv": [44, 43], "uv_size": [2, 2]},
								"west": {"uv": [34, 43], "uv_size": [10, 2]},
								"up": {"uv": [32, 33], "uv_size": [2, 10]},
								"down": {"uv": [34, 43], "uv_size": [2, -10]}
							}
						}
					]
				},
				{
					"name": "leftleg1",
					"parent": "leftleg4",
					"pivot": [2.02698, 17.85236, 34.10421],
					"rotation": [0, 45, 0],
					"cubes": [
						{
							"origin": [3.59069, 20.35236, 21.02578],
							"size": [2, 2, 8],
							"pivot": [13.34069, 22.85236, 31.27578],
							"rotation": [13.78681, 57.77328, -4.22092],
							"uv": {
								"north": {"uv": [8, 48], "uv_size": [2, 2]},
								"east": {"uv": [0, 48], "uv_size": [8, 2]},
								"south": {"uv": [18, 48], "uv_size": [2, 2]},
								"west": {"uv": [10, 48], "uv_size": [8, 2]},
								"up": {"uv": [8, 40], "uv_size": [2, 8]},
								"down": {"uv": [10, 48], "uv_size": [2, -8]}
							}
						},
						{
							"origin": [5.09069, 20.35236, 25.02578],
							"size": [2, 2, 8],
							"pivot": [13.34069, 22.85236, 31.27578],
							"rotation": [48.64264, 80.25236, 32.28134],
							"uv": {
								"north": {"uv": [8, 48], "uv_size": [2, 2]},
								"east": {"uv": [0, 48], "uv_size": [8, 2]},
								"south": {"uv": [18, 48], "uv_size": [2, 2]},
								"west": {"uv": [10, 48], "uv_size": [8, 2]},
								"up": {"uv": [8, 40], "uv_size": [2, 8]},
								"down": {"uv": [10, 48], "uv_size": [2, -8]}
							}
						}
					]
				},
				{
					"name": "leftleg2",
					"parent": "leftleg1",
					"pivot": [14.96186, 22.7247, 39.1925],
					"rotation": [0, 30, 0],
					"cubes": [
						{
							"origin": [15.01625, 21.85236, 38.12392],
							"size": [2, 2, 10],
							"pivot": [17.01625, 22.85236, 43.12392],
							"rotation": [0, 12.5, 0],
							"uv": {
								"north": {"uv": [32, 43], "uv_size": [2, 2]},
								"east": {"uv": [18, 43], "uv_size": [14, 2]},
								"south": {"uv": [48, 43], "uv_size": [2, 2]},
								"west": {"uv": [34, 43], "uv_size": [14, 2]},
								"up": {"uv": [32, 29], "uv_size": [2, 14]},
								"down": {"uv": [34, 43], "uv_size": [2, -14]}
							}
						},
						{
							"origin": [16.38456, 20.85236, 46.83758],
							"size": [2, 4, 2],
							"uv": {
								"north": {"uv": [32, 48], "uv_size": [2, 4]},
								"east": {"uv": [30, 48], "uv_size": [2, 4]},
								"south": {"uv": [36, 48], "uv_size": [2, 4]},
								"west": {"uv": [34, 48], "uv_size": [2, 4]},
								"up": {"uv": [32, 46], "uv_size": [2, 2]},
								"down": {"uv": [34, 48], "uv_size": [2, -2]}
							}
						},
						{
							"origin": [15.38456, 20.85236, 46.83758],
							"size": [2, 4, 2],
							"uv": {
								"north": {"uv": [32, 48], "uv_size": [2, 4]},
								"east": {"uv": [30, 48], "uv_size": [2, 4]},
								"south": {"uv": [36, 48], "uv_size": [2, 4]},
								"west": {"uv": [34, 48], "uv_size": [2, 4]},
								"up": {"uv": [32, 46], "uv_size": [2, 2]},
								"down": {"uv": [34, 48], "uv_size": [2, -2]}
							}
						}
					]
				},
				{
					"name": "leftleg3",
					"parent": "leftleg2",
					"pivot": [17.26455, 22, 49.02193],
					"rotation": [90, 7.5, 0],
					"cubes": [
						{
							"origin": [15.13403, 20.5, 47.02193],
							"size": [4, 2, 7],
							"uv": {
								"north": {"uv": [42, 54], "uv_size": [4, 2]},
								"east": {"uv": [35, 54], "uv_size": [7, 2]},
								"south": {"uv": [53, 54], "uv_size": [4, 2]},
								"west": {"uv": [46, 54], "uv_size": [7, 2]},
								"up": {"uv": [42, 47], "uv_size": [4, 7]},
								"down": {"uv": [46, 54], "uv_size": [4, -7]}
							}
						}
					]
				},
				{
					"name": "rightleg",
					"parent": "body_main",
					"pivot": [-3, 21, 15]
				},
				{
					"name": "rightleg4",
					"parent": "rightleg",
					"pivot": [-5.2525, 22.85236, 15],
					"rotation": [90, 0, -97.5],
					"cubes": [
						{
							"origin": [-2.67716, 17.49554, 9.55433],
							"size": [2, 2, 10],
							"pivot": [-2.91901, 18.96921, 19.12738],
							"rotation": [-39.93637, 53.89827, -17.45121],
							"uv": {
								"north": {"uv": [34, 43], "uv_size": [-2, 2]},
								"east": {"uv": [44, 43], "uv_size": [-10, 2]},
								"south": {"uv": [46, 43], "uv_size": [-2, 2]},
								"west": {"uv": [32, 43], "uv_size": [-10, 2]},
								"up": {"uv": [34, 33], "uv_size": [-2, 10]},
								"down": {"uv": [36, 43], "uv_size": [-2, -10]}
							}
						},
						{
							"origin": [-2.56587, 18.34808, 18.67764],
							"size": [2, 2, 10],
							"pivot": [-2.91901, 18.96921, 19.12738],
							"rotation": [4.66594, 29.59233, 42.57173],
							"uv": {
								"north": {"uv": [34, 43], "uv_size": [-2, 2]},
								"east": {"uv": [44, 43], "uv_size": [-10, 2]},
								"south": {"uv": [46, 43], "uv_size": [-2, 2]},
								"west": {"uv": [32, 43], "uv_size": [-10, 2]},
								"up": {"uv": [34, 33], "uv_size": [-2, 10]},
								"down": {"uv": [36, 43], "uv_size": [-2, -10]}
							}
						},
						{
							"origin": [-0.48359, 15.2384, 28.04277],
							"size": [2, 2, 10],
							"pivot": [4.26641, 14.4884, 31.04277],
							"rotation": [9.13619, -27.03181, 7.53169],
							"uv": {
								"north": {"uv": [34, 43], "uv_size": [-2, 2]},
								"east": {"uv": [44, 43], "uv_size": [-10, 2]},
								"south": {"uv": [46, 43], "uv_size": [-2, 2]},
								"west": {"uv": [32, 43], "uv_size": [-10, 2]},
								"up": {"uv": [34, 33], "uv_size": [-2, 10]},
								"down": {"uv": [36, 43], "uv_size": [-2, -10]}
							}
						}
					]
				},
				{
					"name": "rightleg1",
					"parent": "rightleg4",
					"pivot": [-2.02698, 17.85236, 34.10421],
					"rotation": [0, -45, 0],
					"cubes": [
						{
							"origin": [-5.59069, 20.35236, 21.02578],
							"size": [2, 2, 8],
							"pivot": [-13.34069, 22.85236, 31.27578],
							"rotation": [13.78681, -57.77328, 4.22092],
							"uv": {
								"north": {"uv": [10, 48], "uv_size": [-2, 2]},
								"east": {"uv": [18, 48], "uv_size": [-8, 2]},
								"south": {"uv": [20, 48], "uv_size": [-2, 2]},
								"west": {"uv": [8, 48], "uv_size": [-8, 2]},
								"up": {"uv": [10, 40], "uv_size": [-2, 8]},
								"down": {"uv": [12, 48], "uv_size": [-2, -8]}
							}
						},
						{
							"origin": [-7.09069, 20.35236, 25.02578],
							"size": [2, 2, 8],
							"pivot": [-13.34069, 22.85236, 31.27578],
							"rotation": [48.64264, -80.25236, -32.28134],
							"uv": {
								"north": {"uv": [10, 48], "uv_size": [-2, 2]},
								"east": {"uv": [18, 48], "uv_size": [-8, 2]},
								"south": {"uv": [20, 48], "uv_size": [-2, 2]},
								"west": {"uv": [8, 48], "uv_size": [-8, 2]},
								"up": {"uv": [10, 40], "uv_size": [-2, 8]},
								"down": {"uv": [12, 48], "uv_size": [-2, -8]}
							}
						}
					]
				},
				{
					"name": "rightleg2",
					"parent": "rightleg1",
					"pivot": [-14.96186, 22.7247, 39.1925],
					"rotation": [0, -30, 0],
					"cubes": [
						{
							"origin": [-17.01625, 21.85236, 38.12392],
							"size": [2, 2, 10],
							"pivot": [-17.01625, 22.85236, 43.12392],
							"rotation": [0, -12.5, 0],
							"uv": {
								"north": {"uv": [34, 43], "uv_size": [-2, 2]},
								"east": {"uv": [48, 43], "uv_size": [-14, 2]},
								"south": {"uv": [50, 43], "uv_size": [-2, 2]},
								"west": {"uv": [32, 43], "uv_size": [-14, 2]},
								"up": {"uv": [34, 29], "uv_size": [-2, 14]},
								"down": {"uv": [36, 43], "uv_size": [-2, -14]}
							}
						},
						{
							"origin": [-18.38456, 20.85236, 46.83758],
							"size": [2, 4, 2],
							"uv": {
								"north": {"uv": [34, 48], "uv_size": [-2, 4]},
								"east": {"uv": [36, 48], "uv_size": [-2, 4]},
								"south": {"uv": [38, 48], "uv_size": [-2, 4]},
								"west": {"uv": [32, 48], "uv_size": [-2, 4]},
								"up": {"uv": [34, 46], "uv_size": [-2, 2]},
								"down": {"uv": [36, 48], "uv_size": [-2, -2]}
							}
						},
						{
							"origin": [-17.38456, 20.85236, 46.83758],
							"size": [2, 4, 2],
							"uv": {
								"north": {"uv": [34, 48], "uv_size": [-2, 4]},
								"east": {"uv": [36, 48], "uv_size": [-2, 4]},
								"south": {"uv": [38, 48], "uv_size": [-2, 4]},
								"west": {"uv": [32, 48], "uv_size": [-2, 4]},
								"up": {"uv": [34, 46], "uv_size": [-2, 2]},
								"down": {"uv": [36, 48], "uv_size": [-2, -2]}
							}
						}
					]
				},
				{
					"name": "rightleg3",
					"parent": "rightleg2",
					"pivot": [-17.26455, 22, 49.02193],
					"rotation": [90, -7.5, 0],
					"cubes": [
						{
							"origin": [-19.13403, 20.5, 47.02193],
							"size": [4, 2, 7],
							"uv": {
								"north": {"uv": [46, 54], "uv_size": [-4, 2]},
								"east": {"uv": [53, 54], "uv_size": [-7, 2]},
								"south": {"uv": [57, 54], "uv_size": [-4, 2]},
								"west": {"uv": [42, 54], "uv_size": [-7, 2]},
								"up": {"uv": [46, 47], "uv_size": [-4, 7]},
								"down": {"uv": [50, 54], "uv_size": [-4, -7]}
							}
						}
					]
				}
			]
		}
	]
}