{
	"format_version": "1.12.0",
	"minecraft:geometry": [
		{
			"description": {
				"identifier": "geometry.ic_lounge",
				"texture_width": 256,
				"texture_height": 256,
				"visible_bounds_width": 3,
				"visible_bounds_height": 4.5,
				"visible_bounds_offset": [0, 1.75, 0]
			},
			"bones": [
				{
					"name": "root",
					"pivot": [0, 0, 0],
					"cubes": [
						{"origin": [-10, 0, -10], "size": [2, 32, 20], "uv": [0, 85]},
						{"origin": [-10, 0, -8], "size": [2, 32, 16], "pivot": [0, 0, 0], "rotation": [0, 90, 0], "uv": [88, 101]},
						{"origin": [8, 0, -10], "size": [2, 32, 20], "uv": [60, 65]},
						{"origin": [-10, 32, -10], "size": [20, 8, 20], "uv": [0, 57]},
						{
							"origin": [-10.08, 31.72, -13.4],
							"size": [20.16, 8.64, 24],
							"uv": {
								"north": {"uv": [25, 25], "uv_size": [21, 9]},
								"east": {"uv": [0, 25], "uv_size": [25, 9]},
								"south": {"uv": [71, 25], "uv_size": [21, 9]},
								"west": {"uv": [46, 25], "uv_size": [25, 9]},
								"up": {"uv": [25, 0], "uv_size": [21, 25]},
								"down": {"uv": [46, 25], "uv_size": [21, -25]}
							}
						},
						{
							"origin": [-10.5, 0, -12],
							"size": [21, 1, 22],
							"uv": {
								"north": {"uv": [22, 56], "uv_size": [21, 1]},
								"east": {"uv": [0, 56], "uv_size": [22, 1]},
								"south": {"uv": [65, 56], "uv_size": [21, 1]},
								"west": {"uv": [43, 56], "uv_size": [22, 1]},
								"up": {"uv": [22, 34], "uv_size": [21, 22]},
								"down": {"uv": [43, 56], "uv_size": [21, -22]}
							}
						},
						{"origin": [-8.5, 40, -10], "size": [17, 6, 18], "uv": [67, 0]},
						{
							"origin": [-10.70572, 42.84246, -10.45602],
							"size": [21.41143, 4.07837, 18.35266],
							"uv": {
								"north": {"uv": [82, 52], "uv_size": [21, 4]},
								"east": {"uv": [64, 52], "uv_size": [18, 4]},
								"south": {"uv": [121, 52], "uv_size": [21, 4]},
								"west": {"uv": [103, 52], "uv_size": [18, 4]},
								"up": {"uv": [82, 34], "uv_size": [21, 18]},
								"down": {"uv": [103, 52], "uv_size": [21, -18]}
							}
						}
					]
				},
				{
					"name": "door",
					"parent": "root",
					"pivot": [8, 17, -10],
					"cubes": [
						{"origin": [7, 0, -11], "size": [2, 32, 2], "uv": [52, 85]},
						{"origin": [-7, 30, -11], "size": [14, 2, 2], "uv": [92, 28]},
						{"origin": [-7, 0, -11], "size": [14, 2, 2], "uv": [92, 24]},
						{"origin": [-9, 0, -11], "size": [2, 32, 2], "uv": [44, 85]},
						{"origin": [-7, 2, -10], "size": [14, 28, 0], "uv": [84, 57]}
					]
				}
			]
		}
	]
}