{
	"format_version": "1.12.0",
	"minecraft:geometry": [
		{
			"description": {
				"identifier": "geometry.ic_poppy",
				"texture_width": 64,
				"texture_height": 64,
				"visible_bounds_width": 6,
				"visible_bounds_height": 5,
				"visible_bounds_offset": [0, 1.5, 0]
			},
			"bones": [
				{
					"name": "root",
					"pivot": [0, 26, 0]
				},
				{
					"name": "body",
					"parent": "root",
					"pivot": [0, 26, 0],
					"cubes": [
						{"origin": [-3, 9, -2], "size": [6, 10, 4], "uv": [29, 29]},
						{"origin": [-4.5, 11, -3.5], "size": [9, 3, 7], "uv": [32, 17]},
						{"origin": [-5, 3, -4], "size": [10, 8, 8], "uv": [0, 0]}
					]
				},
				{
					"name": "head",
					"parent": "body",
					"pivot": [0, 36, 0],
					"cubes": [
						{"origin": [-4, 20, -4], "size": [8, 8, 8], "uv": [0, 17]},
						{"origin": [-1, 19, -1], "size": [2, 1, 2], "uv": [46, 0]}
					]
				},
				{
					"name": "ear",
					"parent": "head",
					"pivot": [9, -6, 0],
					"rotation": [0, 0, -17.5],
					"cubes": [
						{"origin": [13, 26, -1], "size": [2, 2, 2], "uv": [28, 4]}
					]
				},
				{
					"name": "ear2",
					"parent": "ear",
					"pivot": [2, -13, 0],
					"rotation": [0, 0, 12.5],
					"cubes": [
						{"origin": [7, 21, -2], "size": [3, 8, 4], "pivot": [0, -5, 0], "rotation": [0, 0, -2.5], "uv": [0, 33]}
					]
				},
				{
					"name": "ear3",
					"parent": "head",
					"pivot": [-20, -2, 0],
					"rotation": [0, 0, 17.5],
					"cubes": [
						{"origin": [-14, 29.5, -1], "size": [2, 2, 2], "uv": [28, 0]}
					]
				},
				{
					"name": "ear4",
					"parent": "ear3",
					"pivot": [-13, -12, 0],
					"rotation": [0, 0, -12.5],
					"cubes": [
						{"origin": [-9, 22, -2], "size": [3, 8, 4], "pivot": [0, -5, 0], "rotation": [0, 0, 2.5], "uv": [36, 0]}
					]
				},
				{
					"name": "rightArm",
					"parent": "body",
					"pivot": [-4.54009, 18.57725, -0.5],
					"rotation": [7.5, 0, 12.5],
					"cubes": [
						{"origin": [-9.54009, 15.5, -4], "size": [3, 3, 3], "pivot": [0, -2, 0], "rotation": [-7.38733, 1.29876, 9.91615], "uv": [0, 46]}
					]
				},
				{
					"name": "rightArm2",
					"parent": "rightArm",
					"pivot": [-5.54009, 11.57725, -0.5],
					"cubes": [
						{"origin": [-9.5, 10.5, -4], "size": [2, 8, 2], "pivot": [-1, -5, 0], "rotation": [-7.38733, 1.29876, 9.91615], "uv": [14, 33]}
					]
				},
				{
					"name": "rightArm7",
					"parent": "rightArm2",
					"pivot": [0.45991, -5.92275, 0],
					"rotation": [0, 0, -12.5]
				},
				{
					"name": "leftArm",
					"parent": "body",
					"pivot": [4.97724, 18.54314, -0.5],
					"rotation": [15, 0, -2.5],
					"mirror": true,
					"cubes": [
						{"origin": [11.97724, 11.04314, -7], "size": [3, 3, 3], "pivot": [0, -2, 0], "rotation": [-13.06431, -7.43547, -29.14743], "uv": [43, 43], "mirror": false}
					]
				},
				{
					"name": "leftArm2",
					"parent": "leftArm",
					"pivot": [4.97724, 14.54314, -0.5],
					"mirror": true,
					"cubes": [
						{"origin": [13, 5, -6.5], "size": [2, 8, 2], "pivot": [0, -2, 0], "rotation": [-12.73415, -7.99365, -31.60659], "uv": [35, 43], "mirror": false}
					]
				},
				{
					"name": "leftArm7",
					"parent": "leftArm2",
					"pivot": [2.97724, 3.04314, 0],
					"rotation": [0, 0, 12.5],
					"mirror": true
				},
				{
					"name": "rightLeg",
					"pivot": [-1.9, -1, -1],
					"cubes": [
						{"origin": [-3.4, 7, -2], "size": [3, 3, 3], "uv": [23, 43]}
					]
				},
				{
					"name": "rightLeg2",
					"parent": "rightLeg",
					"pivot": [-1.9, -5, -1],
					"cubes": [
						{"origin": [-2.9, 2, -1.5], "size": [2, 5, 2], "uv": [0, 17]}
					]
				},
				{
					"name": "rightLeg3",
					"parent": "rightLeg2",
					"pivot": [-1.9, -11, -1],
					"cubes": [
						{"origin": [-3.4, 0, -2], "size": [3, 2, 3], "uv": [36, 12]}
					]
				},
				{
					"name": "leftLeg",
					"pivot": [1.9, 0, -1],
					"mirror": true,
					"cubes": [
						{"origin": [0.4, 7, -2], "size": [3, 3, 3], "uv": [11, 43], "mirror": false}
					]
				},
				{
					"name": "leftLeg2",
					"parent": "leftLeg",
					"pivot": [1.9, -4, -1],
					"mirror": true,
					"cubes": [
						{"origin": [0.9, 2, -1.5], "size": [2, 5, 2], "uv": [0, 0], "mirror": false}
					]
				},
				{
					"name": "leftleg3",
					"parent": "leftLeg2",
					"pivot": [1.9, -11, -1],
					"mirror": true,
					"cubes": [
						{"origin": [0.4, 0, -2], "size": [3, 2, 3], "uv": [36, 12], "mirror": false}
					]
				},
				{
					"name": "rightarm3",
					"pivot": [0, 0, 0],
					"rotation": [0, -87.5, 0]
				},
				{
					"name": "rightarm1",
					"parent": "rightarm3",
					"pivot": [0, 0, 0],
					"rotation": [-90, 0, -2.5],
					"cubes": [
						{"origin": [0, -1, -16], "size": [2, 2, 8], "uv": [0, 54]}
					]
				},
				{
					"name": "rightarm4",
					"parent": "rightarm3",
					"pivot": [12, 5, 7],
					"rotation": [90, 0, 0],
					"cubes": [
						{"origin": [-1, 11, 5], "size": [2, 2, 14], "uv": [32, 48]}
					]
				},
				{
					"name": "rightarm5",
					"parent": "rightarm3",
					"pivot": [12, 11, 9],
					"cubes": [
						{"origin": [-2, 11, 0], "size": [3, 2, 4], "uv": [16, 49]}
					]
				},
				{
					"name": "rightarm6",
					"parent": "rightarm5",
					"pivot": [16, 11, 9],
					"rotation": [0, 2.5, 0],
					"cubes": [
						{"origin": [-1, 11, -3], "size": [1, 2, 5], "uv": [52, 10]}
					]
				},
				{
					"name": "rightarm8",
					"parent": "rightarm5",
					"pivot": [16, 11, 10],
					"cubes": [
						{"origin": [-0.2, 11, -2.5], "size": [1, 2, 5], "uv": [52, 10]}
					]
				},
				{
					"name": "rightarm9",
					"parent": "rightarm5",
					"pivot": [13, 11, 12],
					"rotation": [0, -17.5, 0],
					"cubes": [
						{"origin": [-2.3, 11, 2], "size": [1, 2, 5], "uv": [52, 10]}
					]
				},
				{
					"name": "rightarm10",
					"parent": "rightarm5",
					"pivot": [0, 11, 17],
					"rotation": [0, -62.5, 0],
					"cubes": [
						{"origin": [-14, 11, 7], "size": [1, 2, 5], "uv": [52, 10]}
					]
				},
				{
					"name": "rightarm11",
					"parent": "rightarm5",
					"pivot": [17, 11, 7],
					"rotation": [0, 10, 0],
					"cubes": [
						{"origin": [-1, 11, -5], "size": [1, 2, 5], "uv": [52, 10]}
					]
				},
				{
					"name": "rightarm12",
					"parent": "rightarm3",
					"pivot": [0, 0, 0],
					"rotation": [-90, 0, -107.5],
					"cubes": [
						{"origin": [1, 0, 8], "size": [2, 2, 8], "pivot": [0, 0, 0], "rotation": [0, 65, 0], "uv": [0, 54]}
					]
				}
			]
		}
	]
}