{
	"format_version": "1.12.0",
	"minecraft:geometry": [
		{
			"description": {
				"identifier": "geometry.ic_wuggy",
				"texture_width": 64,
				"texture_height": 64,
				"visible_bounds_width": 4,
				"visible_bounds_height": 5,
				"visible_bounds_offset": [0, 2.5, 0]
			},
			"bones": [
				{
					"name": "main",
					"pivot": [0, 3.6, 0]
				},
				{
					"name": "root",
					"parent": "main",
					"pivot": [0, 16.6, 0],
					"rotation": [17.5, 0, 0]
				},
				{
					"name": "body",
					"parent": "root",
					"pivot": [0, 18.6, 0],
					"cubes": [
						{"origin": [-4, 18.6, -3], "size": [8, 10, 6], "uv": [36, 31]},
						{"origin": [-5, 25.6, -1], "size": [10, 3, 2], "uv": [34, 0]}
					]
				},
				{
					"name": "head",
					"parent": "body",
					"pivot": [0, 29.6, 0],
					"rotation": [-15, 0, 0],
					"cubes": [
						{
							"origin": [-5.4144, 30.2548, -3.69984],
							"size": [10.8288, 8.1216, 7.332],
							"uv": {
								"north": {"uv": [10, 10], "uv_size": [12, 9]},
								"east": {"uv": [2, 10], "uv_size": [8, 9]},
								"south": {"uv": [30, 10], "uv_size": [12, 9]},
								"west": {"uv": [22, 10], "uv_size": [8, 9]},
								"up": {"uv": [10, 2], "uv_size": [12, 8]},
								"down": {"uv": [22, 10], "uv_size": [12, -8]}
							}
						},
						{
							"origin": [-4.512, 29.3524, -3.6096],
							"size": [9.024, 0.9024, 7.2192],
							"uv": {
								"north": {"uv": [12, 18], "uv_size": [10, 1]},
								"east": {"uv": [4, 18], "uv_size": [8, 1]},
								"south": {"uv": [30, 18], "uv_size": [10, 1]},
								"west": {"uv": [22, 18], "uv_size": [8, 1]},
								"up": {"uv": [12, 10], "uv_size": [10, 8]},
								"down": {"uv": [22, 18], "uv_size": [10, -8]}
							}
						},
						{
							"origin": [-3.6096, 28.45, -3.6096],
							"size": [7.2192, 0.9024, 7.2192],
							"uv": {
								"north": {"uv": [10, 40], "uv_size": [8, 1]},
								"east": {"uv": [2, 40], "uv_size": [8, 1]},
								"south": {"uv": [26, 40], "uv_size": [8, 1]},
								"west": {"uv": [18, 40], "uv_size": [8, 1]},
								"up": {"uv": [10, 32], "uv_size": [8, 8]},
								"down": {"uv": [18, 40], "uv_size": [8, -8]}
							}
						},
						{
							"origin": [-0.86653, 34.02792, -1.8048],
							"size": [9.024, 4.512, 2.7072],
							"pivot": [4.25459, 35.38152, -1.8048],
							"rotation": [-45, 0, 115],
							"uv": {
								"north": {"uv": [18, 38], "uv_size": [-10, 5]},
								"east": {"uv": [25, 38], "uv_size": [-4, 5]},
								"south": {"uv": [36, 38], "uv_size": [-10, 5]},
								"west": {"uv": [4, 38], "uv_size": [-4, 5]},
								"up": {"uv": [18, 30], "uv_size": [-10, 4]},
								"down": {"uv": [28, 34], "uv_size": [-10, -4]}
							}
						},
						{
							"origin": [-0.93421, 34.02792, -0.9024],
							"size": [9.024, 3.6096, 3.6096],
							"pivot": [4.25459, 35.38152, 1.8048],
							"rotation": [45, 0, 115],
							"uv": {
								"north": {"uv": [18, 38], "uv_size": [-10, 4]},
								"east": {"uv": [22, 38], "uv_size": [-4, 4]},
								"south": {"uv": [32, 38], "uv_size": [-10, 4]},
								"west": {"uv": [8, 38], "uv_size": [-4, 4]},
								"up": {"uv": [18, 34], "uv_size": [-10, 4]},
								"down": {"uv": [28, 38], "uv_size": [-10, -4]}
							}
						},
						{
							"origin": [-8.15747, 34.02792, -1.8048],
							"size": [9.024, 4.512, 2.7072],
							"pivot": [-4.25459, 35.38152, -1.8048],
							"rotation": [-45, 0, -115],
							"uv": {
								"north": {"uv": [8, 38], "uv_size": [10, 5]},
								"east": {"uv": [0, 38], "uv_size": [4, 5]},
								"south": {"uv": [26, 38], "uv_size": [10, 5]},
								"west": {"uv": [21, 38], "uv_size": [4, 5]},
								"up": {"uv": [8, 30], "uv_size": [10, 4]},
								"down": {"uv": [18, 34], "uv_size": [10, -4]}
							}
						},
						{
							"origin": [-8.08979, 34.02792, -0.9024],
							"size": [9.024, 3.6096, 3.6096],
							"pivot": [-4.25459, 35.38152, 1.8048],
							"rotation": [45, 0, -115],
							"uv": {
								"north": {"uv": [8, 38], "uv_size": [10, 4]},
								"east": {"uv": [4, 38], "uv_size": [4, 4]},
								"south": {"uv": [22, 38], "uv_size": [10, 4]},
								"west": {"uv": [18, 38], "uv_size": [4, 4]},
								"up": {"uv": [8, 34], "uv_size": [10, 4]},
								"down": {"uv": [18, 38], "uv_size": [10, -4]}
							}
						},
						{
							"origin": [-3.89574, 47.6683, -3.6096],
							"size": [9.024, 4.512, 7.06128],
							"pivot": [-0.28614, 43.6075, 0],
							"rotation": [0, 0, 167.5],
							"uv": {
								"north": {"uv": [17, 37], "uv_size": [-10, 5]},
								"east": {"uv": [24, 37], "uv_size": [-7, 5]},
								"south": {"uv": [34, 37], "uv_size": [-10, 5]},
								"west": {"uv": [7, 37], "uv_size": [-7, 5]},
								"up": {"uv": [17, 30], "uv_size": [-10, 7]},
								"down": {"uv": [27, 37], "uv_size": [-10, -7]}
							}
						},
						{
							"origin": [-5.12826, 47.6683, -3.54192],
							"size": [9.024, 4.512, 7.15152],
							"pivot": [0.28614, 43.6075, 0],
							"rotation": [0, 0, -167.5],
							"uv": {
								"north": {"uv": [7, 37], "uv_size": [10, 5]},
								"east": {"uv": [0, 37], "uv_size": [7, 5]},
								"south": {"uv": [24, 37], "uv_size": [10, 5]},
								"west": {"uv": [17, 37], "uv_size": [7, 5]},
								"up": {"uv": [7, 30], "uv_size": [10, 7]},
								"down": {"uv": [17, 37], "uv_size": [10, -7]}
							}
						},
						{
							"origin": [-4.512, 29.3524, -3.88032],
							"size": [9.024, 4.512, 0.9024],
							"uv": {
								"north": {"uv": [1, 59], "uv_size": [10, 5]},
								"east": {"uv": [0, 59], "uv_size": [1, 5]},
								"south": {"uv": [12, 59], "uv_size": [10, 5]},
								"west": {"uv": [11, 59], "uv_size": [1, 5]},
								"up": {"uv": [1, 58], "uv_size": [10, 1]},
								"down": {"uv": [11, 59], "uv_size": [10, -1]}
							}
						},
						{
							"origin": [-4.512, 29.3524, -3.38032],
							"size": [9.024, 4.512, 0.9024],
							"uv": {
								"north": {"uv": [54, 59], "uv_size": [10, 5]},
								"east": {"uv": [0, 59], "uv_size": [1, 5]},
								"south": {"uv": [12, 59], "uv_size": [10, 5]},
								"west": {"uv": [11, 59], "uv_size": [1, 5]},
								"up": {"uv": [1, 58], "uv_size": [10, 1]},
								"down": {"uv": [11, 59], "uv_size": [10, -1]}
							}
						}
					]
				},
				{
					"name": "eyeball2",
					"parent": "head",
					"pivot": [2.5, 36.1, -4.5],
					"cubes": [
						{
							"origin": [1.23036, 34.5375, -4.42858],
							"size": [1.99759, 1.99759, 1.33173],
							"uv": {
								"north": {"uv": [30, 33], "uv_size": [3, 3]},
								"east": {"uv": [28, 33], "uv_size": [2, 3]},
								"south": {"uv": [35, 33], "uv_size": [3, 3]},
								"west": {"uv": [33, 33], "uv_size": [2, 3]},
								"up": {"uv": [30, 31], "uv_size": [3, 2]},
								"down": {"uv": [33, 33], "uv_size": [3, -2]}
							}
						},
						{"origin": [1.10166, 34.4088, -4.21408], "size": [2.25499, 2.25499, 1.33173], "uv": [27, 26]},
						{"origin": [-3.32064, 33.9088, -4.21408], "size": [2.25499, 2.25499, 1.33173], "uv": [27, 26]}
					]
				},
				{
					"name": "eyeball1",
					"parent": "head",
					"pivot": [-2.5, 36.1, -4.5],
					"cubes": [
						{
							"origin": [-3.21795, 34.0375, -4.42858],
							"size": [1.99759, 1.99759, 1.33173],
							"uv": {
								"north": {"uv": [30, 33], "uv_size": [3, 3]},
								"east": {"uv": [28, 33], "uv_size": [2, 3]},
								"south": {"uv": [35, 33], "uv_size": [3, 3]},
								"west": {"uv": [33, 33], "uv_size": [2, 3]},
								"up": {"uv": [30, 31], "uv_size": [3, 2]},
								"down": {"uv": [33, 33], "uv_size": [3, -2]}
							}
						}
					]
				},
				{
					"name": "rightArm",
					"parent": "body",
					"pivot": [-4.5, 26.6, 0],
					"rotation": [-20, 0, 2.5],
					"cubes": [
						{"origin": [-6.97657, 24.61142, -2], "size": [3, 4, 4], "uv": [44, 12]},
						{
							"origin": [-7.6, 24.95, -2],
							"size": [0, 4, 4],
							"pivot": [-8.5, 26.6, 0],
							"rotation": [0, 0, 15],
							"uv": {
								"north": {"uv": [29, 60], "uv_size": [0, 4]},
								"east": {"uv": [25, 60], "uv_size": [2, 2]},
								"south": {"uv": [33, 60], "uv_size": [0, 4]},
								"west": {"uv": [29, 60], "uv_size": [4, 4]},
								"up": {"uv": [29, 56], "uv_size": [0, 4]},
								"down": {"uv": [29, 60], "uv_size": [0, -4]}
							}
						},
						{
							"origin": [-3.43214, 27.39577, -2],
							"size": [0, 4, 4],
							"pivot": [8.5, 26.6, 0],
							"rotation": [0, 0, -15],
							"uv": {
								"north": {"uv": [29, 60], "uv_size": [0, 4]},
								"east": {"uv": [33, 60], "uv_size": [-4, 4]},
								"south": {"uv": [33, 60], "uv_size": [0, 4]},
								"west": {"uv": [27, 60], "uv_size": [-2, 2]},
								"up": {"uv": [29, 56], "uv_size": [0, 4]},
								"down": {"uv": [29, 60], "uv_size": [0, -4]}
							}
						},
						{
							"origin": [-6.3, 24.65, -4],
							"size": [0, 4, 3],
							"pivot": [-6, 26.95, -2.1],
							"rotation": [-90, -75, 90],
							"uv": {
								"north": {"uv": [29, 60], "uv_size": [0, 4]},
								"east": {"uv": [25, 62], "uv_size": [1.5, 2]},
								"south": {"uv": [33, 60], "uv_size": [0, 4]},
								"west": {"uv": [29, 60], "uv_size": [4, 4]},
								"up": {"uv": [29, 56], "uv_size": [0, 4]},
								"down": {"uv": [29, 60], "uv_size": [0, -4]}
							}
						},
						{
							"origin": [-6.3, 24.65, 1],
							"size": [0, 4, 3],
							"pivot": [-6, 26.95, 2.1],
							"rotation": [90, 75, 90],
							"uv": {
								"north": {"uv": [33, 60], "uv_size": [0, 4]},
								"east": {"uv": [26.5, 62], "uv_size": [-1.5, 2]},
								"south": {"uv": [29, 60], "uv_size": [0, 4]},
								"west": {"uv": [33, 60], "uv_size": [-4, 4]},
								"up": {"uv": [29, 60], "uv_size": [0, -4]},
								"down": {"uv": [29, 56], "uv_size": [0, 4]}
							}
						}
					]
				},
				{
					"name": "rightArm2",
					"parent": "rightArm",
					"pivot": [-4.97657, 23.61142, 0],
					"cubes": [
						{"origin": [-6.97657, 20.61142, -2], "size": [3, 4, 4], "uv": [50, 50]},
						{
							"origin": [-6.6, 20.95, -2],
							"size": [0, 4, 4],
							"pivot": [-8.5, 26.6, 0],
							"rotation": [0, 0, 15],
							"uv": {
								"north": {"uv": [29, 60], "uv_size": [0, 4]},
								"east": {"uv": [27, 62], "uv_size": [-2, 2]},
								"south": {"uv": [33, 60], "uv_size": [0, 4]},
								"west": {"uv": [29, 60], "uv_size": [4, 4]},
								"up": {"uv": [29, 56], "uv_size": [0, 4]},
								"down": {"uv": [29, 60], "uv_size": [0, -4]}
							}
						},
						{
							"origin": [-4.43214, 23.39577, -2],
							"size": [0, 4, 4],
							"pivot": [8.5, 26.6, 0],
							"rotation": [0, 0, -15],
							"uv": {
								"north": {"uv": [29, 60], "uv_size": [0, 4]},
								"east": {"uv": [33, 60], "uv_size": [-4, 4]},
								"south": {"uv": [33, 60], "uv_size": [0, 4]},
								"west": {"uv": [25, 62], "uv_size": [2, 2]},
								"up": {"uv": [29, 56], "uv_size": [0, 4]},
								"down": {"uv": [29, 60], "uv_size": [0, -4]}
							}
						},
						{
							"origin": [-5.3, 20.65, -4],
							"size": [0, 4, 3],
							"pivot": [-6, 26.95, -2.1],
							"rotation": [-90, -75, 90],
							"uv": {
								"north": {"uv": [29, 60], "uv_size": [0, 4]},
								"east": {"uv": [25, 60], "uv_size": [1.5, 2]},
								"south": {"uv": [33, 60], "uv_size": [0, 4]},
								"west": {"uv": [29, 60], "uv_size": [4, 4]},
								"up": {"uv": [29, 56], "uv_size": [0, 4]},
								"down": {"uv": [29, 60], "uv_size": [0, -4]}
							}
						},
						{
							"origin": [-5.3, 20.65, 1],
							"size": [0, 4, 3],
							"pivot": [-6, 26.95, 2.1],
							"rotation": [90, 75, 90],
							"uv": {
								"north": {"uv": [33, 60], "uv_size": [0, 4]},
								"east": {"uv": [26.5, 60], "uv_size": [-1.5, 2]},
								"south": {"uv": [29, 60], "uv_size": [0, 4]},
								"west": {"uv": [33, 60], "uv_size": [-4, 4]},
								"up": {"uv": [29, 60], "uv_size": [0, -4]},
								"down": {"uv": [29, 56], "uv_size": [0, 4]}
							}
						}
					]
				},
				{
					"name": "rightArm3",
					"parent": "rightArm2",
					"pivot": [-4.97657, 19.61142, 0],
					"cubes": [
						{"origin": [-6.97657, 16.61142, -2], "size": [3, 4, 4], "uv": [44, 12]},
						{
							"origin": [-5.6, 16.95, -2],
							"size": [0, 4, 4],
							"pivot": [-8.5, 26.6, 0],
							"rotation": [0, 0, 15],
							"uv": {
								"north": {"uv": [29, 60], "uv_size": [0, 4]},
								"east": {"uv": [25, 60], "uv_size": [2, 2]},
								"south": {"uv": [33, 60], "uv_size": [0, 4]},
								"west": {"uv": [29, 60], "uv_size": [4, 4]},
								"up": {"uv": [29, 56], "uv_size": [0, 4]},
								"down": {"uv": [29, 60], "uv_size": [0, -4]}
							}
						},
						{
							"origin": [-5.43214, 19.39577, -2],
							"size": [0, 4, 4],
							"pivot": [8.5, 26.6, 0],
							"rotation": [0, 0, -15],
							"uv": {
								"north": {"uv": [29, 60], "uv_size": [0, 4]},
								"east": {"uv": [33, 60], "uv_size": [-4, 4]},
								"south": {"uv": [33, 60], "uv_size": [0, 4]},
								"west": {"uv": [27, 60], "uv_size": [-2, 2]},
								"up": {"uv": [29, 56], "uv_size": [0, 4]},
								"down": {"uv": [29, 60], "uv_size": [0, -4]}
							}
						},
						{
							"origin": [-4.3, 16.65, -4],
							"size": [0, 4, 3],
							"pivot": [-6, 26.95, -2.1],
							"rotation": [-90, -75, 90],
							"uv": {
								"north": {"uv": [29, 60], "uv_size": [0, 4]},
								"east": {"uv": [25, 60], "uv_size": [1.5, 2]},
								"south": {"uv": [33, 60], "uv_size": [0, 4]},
								"west": {"uv": [29, 60], "uv_size": [4, 4]},
								"up": {"uv": [29, 56], "uv_size": [0, 4]},
								"down": {"uv": [29, 60], "uv_size": [0, -4]}
							}
						},
						{
							"origin": [-4.3, 16.65, 1],
							"size": [0, 4, 3],
							"pivot": [-6, 26.95, 2.1],
							"rotation": [90, 75, 90],
							"uv": {
								"north": {"uv": [33, 60], "uv_size": [0, 4]},
								"east": {"uv": [26.5, 60], "uv_size": [-1.5, 2]},
								"south": {"uv": [29, 60], "uv_size": [0, 4]},
								"west": {"uv": [33, 60], "uv_size": [-4, 4]},
								"up": {"uv": [29, 60], "uv_size": [0, -4]},
								"down": {"uv": [29, 56], "uv_size": [0, 4]}
							}
						}
					]
				},
				{
					"name": "rightArm4",
					"parent": "rightArm3",
					"pivot": [-4.97657, 15.61142, 0],
					"cubes": [
						{"origin": [-6.97657, 12.61142, -2], "size": [3, 4, 4], "uv": [50, 50]},
						{
							"origin": [-4.6, 12.95, -2],
							"size": [0, 4, 4],
							"pivot": [-8.5, 26.6, 0],
							"rotation": [0, 0, 15],
							"uv": {
								"north": {"uv": [29, 60], "uv_size": [0, 4]},
								"east": {"uv": [25, 62], "uv_size": [2, 2]},
								"south": {"uv": [33, 60], "uv_size": [0, 4]},
								"west": {"uv": [29, 60], "uv_size": [4, 4]},
								"up": {"uv": [29, 56], "uv_size": [0, 4]},
								"down": {"uv": [29, 60], "uv_size": [0, -4]}
							}
						},
						{
							"origin": [-6.43214, 15.39577, -2],
							"size": [0, 4, 4],
							"pivot": [8.5, 26.6, 0],
							"rotation": [0, 0, -15],
							"uv": {
								"north": {"uv": [29, 60], "uv_size": [0, 4]},
								"east": {"uv": [33, 60], "uv_size": [-4, 4]},
								"south": {"uv": [33, 60], "uv_size": [0, 4]},
								"west": {"uv": [27, 62], "uv_size": [-2, 2]},
								"up": {"uv": [29, 56], "uv_size": [0, 4]},
								"down": {"uv": [29, 60], "uv_size": [0, -4]}
							}
						},
						{
							"origin": [-3.3, 12.65, -4],
							"size": [0, 4, 3],
							"pivot": [-6, 26.95, -2.1],
							"rotation": [-90, -75, 90],
							"uv": {
								"north": {"uv": [29, 60], "uv_size": [0, 4]},
								"east": {"uv": [25, 62], "uv_size": [1.5, 2]},
								"south": {"uv": [33, 60], "uv_size": [0, 4]},
								"west": {"uv": [29, 60], "uv_size": [4, 4]},
								"up": {"uv": [29, 56], "uv_size": [0, 4]},
								"down": {"uv": [29, 60], "uv_size": [0, -4]}
							}
						},
						{
							"origin": [-3.3, 12.65, 1],
							"size": [0, 4, 3],
							"pivot": [-6, 26.95, 2.1],
							"rotation": [90, 75, 90],
							"uv": {
								"north": {"uv": [33, 60], "uv_size": [0, 4]},
								"east": {"uv": [26.5, 62], "uv_size": [-1.5, 2]},
								"south": {"uv": [29, 60], "uv_size": [0, 4]},
								"west": {"uv": [33, 60], "uv_size": [-4, 4]},
								"up": {"uv": [29, 60], "uv_size": [0, -4]},
								"down": {"uv": [29, 56], "uv_size": [0, 4]}
							}
						}
					]
				},
				{
					"name": "rightArm5",
					"parent": "rightArm4",
					"pivot": [-4.97657, 11.61142, 0],
					"cubes": [
						{"origin": [-6.97657, 8.61142, -2], "size": [3, 4, 4], "uv": [44, 12]},
						{
							"origin": [-3.6, 9.95, -2],
							"size": [0, 4, 4],
							"pivot": [-8.5, 26.6, 0],
							"rotation": [0, 0, 15],
							"uv": {
								"north": {"uv": [29, 60], "uv_size": [0, 4]},
								"east": {"uv": [25, 60], "uv_size": [2, 2]},
								"south": {"uv": [33, 60], "uv_size": [0, 4]},
								"west": {"uv": [29, 60], "uv_size": [4, 4]},
								"up": {"uv": [29, 56], "uv_size": [0, 4]},
								"down": {"uv": [29, 60], "uv_size": [0, -4]}
							}
						},
						{
							"origin": [-7.43214, 12.39577, -2],
							"size": [0, 4, 4],
							"pivot": [8.5, 26.6, 0],
							"rotation": [0, 0, -15],
							"uv": {
								"north": {"uv": [29, 60], "uv_size": [0, 4]},
								"east": {"uv": [33, 60], "uv_size": [-4, 4]},
								"south": {"uv": [33, 60], "uv_size": [0, 4]},
								"west": {"uv": [27, 60], "uv_size": [-2, 2]},
								"up": {"uv": [29, 56], "uv_size": [0, 4]},
								"down": {"uv": [29, 60], "uv_size": [0, -4]}
							}
						},
						{
							"origin": [-2.3, 9.65, -4],
							"size": [0, 4, 3],
							"pivot": [-6, 26.95, -2.1],
							"rotation": [-90, -75, 90],
							"uv": {
								"north": {"uv": [29, 60], "uv_size": [0, 4]},
								"east": {"uv": [25.5, 60], "uv_size": [1.5, 2]},
								"south": {"uv": [33, 60], "uv_size": [0, 4]},
								"west": {"uv": [29, 60], "uv_size": [4, 4]},
								"up": {"uv": [29, 56], "uv_size": [0, 4]},
								"down": {"uv": [29, 60], "uv_size": [0, -4]}
							}
						},
						{
							"origin": [-2.3, 9.65, 1],
							"size": [0, 4, 3],
							"pivot": [-6, 26.95, 2.1],
							"rotation": [90, 75, 90],
							"uv": {
								"north": {"uv": [33, 60], "uv_size": [0, 4]},
								"east": {"uv": [27, 60], "uv_size": [-1.5, 2]},
								"south": {"uv": [29, 60], "uv_size": [0, 4]},
								"west": {"uv": [33, 60], "uv_size": [-4, 4]},
								"up": {"uv": [29, 60], "uv_size": [0, -4]},
								"down": {"uv": [29, 56], "uv_size": [0, 4]}
							}
						}
					]
				},
				{
					"name": "rightArm6",
					"parent": "rightArm5",
					"pivot": [-4.97657, 7.61142, 0],
					"cubes": [
						{
							"origin": [-7.18854, 1.90185, -2],
							"size": [0, 4, 4],
							"pivot": [-7.43854, 3.90185, 0],
							"rotation": [0, 0, 2.5],
							"uv": {
								"north": {"uv": [29, 60], "uv_size": [0, 4]},
								"east": {"uv": [25, 60], "uv_size": [2, 2]},
								"south": {"uv": [33, 60], "uv_size": [0, 4]},
								"west": {"uv": [29, 60], "uv_size": [4, 4]},
								"up": {"uv": [29, 56], "uv_size": [0, 4]},
								"down": {"uv": [29, 60], "uv_size": [0, -4]}
							}
						},
						{"origin": [-6.97657, 4.61142, -2], "size": [3, 4, 4], "uv": [50, 50]},
						{
							"origin": [-2.3, 4.95, -2],
							"size": [0, 4, 4],
							"pivot": [-8.5, 26.6, 0],
							"rotation": [0, 0, 15],
							"uv": {
								"north": {"uv": [29, 60], "uv_size": [0, 4]},
								"east": {"uv": [25, 62], "uv_size": [2, 2]},
								"south": {"uv": [33, 60], "uv_size": [0, 4]},
								"west": {"uv": [29, 60], "uv_size": [4, 4]},
								"up": {"uv": [29, 56], "uv_size": [0, 4]},
								"down": {"uv": [29, 60], "uv_size": [0, -4]}
							}
						},
						{
							"origin": [-8.73214, 7.39577, -2],
							"size": [0, 4, 4],
							"pivot": [8.5, 26.6, 0],
							"rotation": [0, 0, -15],
							"uv": {
								"north": {"uv": [29, 60], "uv_size": [0, 4]},
								"east": {"uv": [33, 60], "uv_size": [-4, 4]},
								"south": {"uv": [33, 60], "uv_size": [0, 4]},
								"west": {"uv": [27, 62], "uv_size": [-2, 2]},
								"up": {"uv": [29, 56], "uv_size": [0, 4]},
								"down": {"uv": [29, 60], "uv_size": [0, -4]}
							}
						},
						{
							"origin": [-1, 4.65, -4],
							"size": [0, 4, 3],
							"pivot": [-6, 26.95, -2.1],
							"rotation": [-90, -75, 90],
							"uv": {
								"north": {"uv": [29, 60], "uv_size": [0, 4]},
								"east": {"uv": [25.5, 62], "uv_size": [1.5, 2]},
								"south": {"uv": [33, 60], "uv_size": [0, 4]},
								"west": {"uv": [29, 60], "uv_size": [4, 4]},
								"up": {"uv": [29, 56], "uv_size": [0, 4]},
								"down": {"uv": [29, 60], "uv_size": [0, -4]}
							}
						},
						{
							"origin": [-5.8, 2.79101, -3.83493],
							"size": [0, 4, 3],
							"pivot": [-5.6, 2.89101, -2.33493],
							"rotation": [-90, -80, 90],
							"uv": {
								"north": {"uv": [29, 60], "uv_size": [0, 4]},
								"east": {"uv": [25.5, 62], "uv_size": [1.5, 2]},
								"south": {"uv": [33, 60], "uv_size": [0, 4]},
								"west": {"uv": [29, 60], "uv_size": [4, 4]},
								"up": {"uv": [29, 56], "uv_size": [0, 4]},
								"down": {"uv": [29, 60], "uv_size": [0, -4]}
							}
						},
						{
							"origin": [-1, 4.65, 1],
							"size": [0, 4, 3],
							"pivot": [-6, 26.95, 2.1],
							"rotation": [90, 75, 90],
							"uv": {
								"north": {"uv": [33, 60], "uv_size": [0, 4]},
								"east": {"uv": [27, 62], "uv_size": [-1.5, 2]},
								"south": {"uv": [29, 60], "uv_size": [0, 4]},
								"west": {"uv": [33, 60], "uv_size": [-4, 4]},
								"up": {"uv": [29, 60], "uv_size": [0, -4]},
								"down": {"uv": [29, 56], "uv_size": [0, 4]}
							}
						},
						{
							"origin": [-5.8, 2.79101, 0.83493],
							"size": [0, 4, 3],
							"pivot": [-5.6, 2.89101, 2.33493],
							"rotation": [90, 80, 90],
							"uv": {
								"north": {"uv": [33, 60], "uv_size": [0, 4]},
								"east": {"uv": [27, 62], "uv_size": [-1.5, 2]},
								"south": {"uv": [29, 60], "uv_size": [0, 4]},
								"west": {"uv": [33, 60], "uv_size": [-4, 4]},
								"up": {"uv": [29, 60], "uv_size": [0, -4]},
								"down": {"uv": [29, 56], "uv_size": [0, 4]}
							}
						},
						{
							"origin": [-1, 4.65, -4],
							"size": [0, 4, 3],
							"pivot": [-6, 26.95, -2.1],
							"rotation": [-90, -75, 90],
							"uv": {
								"north": {"uv": [29, 60], "uv_size": [0, 4]},
								"east": {"uv": [25.5, 62], "uv_size": [1.5, 2]},
								"south": {"uv": [33, 60], "uv_size": [0, 4]},
								"west": {"uv": [29, 60], "uv_size": [4, 4]},
								"up": {"uv": [29, 56], "uv_size": [0, 4]},
								"down": {"uv": [29, 60], "uv_size": [0, -4]}
							}
						}
					]
				},
				{
					"name": "rightArm7",
					"parent": "rightArm6",
					"pivot": [-5.97657, 5.61142, 0],
					"rotation": [0, 0, -12.5],
					"cubes": [
						{"origin": [-6.93251, 1.62094, -1], "size": [2, 4, 3], "uv": [0, 20]}
					]
				},
				{
					"name": "rightArm8",
					"parent": "rightArm7",
					"pivot": [-2.93251, -8.37906, 0],
					"rotation": [0, 0, -12.5],
					"cubes": [
						{"origin": [-3.93251, 2.62094, -2], "size": [2, 3, 1], "uv": [34, 5]}
					]
				},
				{
					"name": "leftArm",
					"parent": "body",
					"pivot": [4.5, 26.6, 0],
					"rotation": [-20, 0, -2.5],
					"cubes": [
						{"origin": [3.97657, 24.61142, -2], "size": [3, 4, 4], "uv": [44, 12], "mirror": true},
						{
							"origin": [7.6, 24.95, -2],
							"size": [0, 4, 4],
							"pivot": [8.5, 26.6, 0],
							"rotation": [0, 0, -15],
							"uv": {
								"north": {"uv": [29, 60], "uv_size": [0, 4]},
								"east": {"uv": [33, 60], "uv_size": [-4, 4]},
								"south": {"uv": [33, 60], "uv_size": [0, 4]},
								"west": {"uv": [27, 60], "uv_size": [-2, 2]},
								"up": {"uv": [29, 56], "uv_size": [0, 4]},
								"down": {"uv": [29, 60], "uv_size": [0, -4]}
							}
						},
						{
							"origin": [3.43214, 27.39577, -2],
							"size": [0, 4, 4],
							"pivot": [-8.5, 26.6, 0],
							"rotation": [0, 0, 15],
							"uv": {
								"north": {"uv": [29, 60], "uv_size": [0, 4]},
								"east": {"uv": [25, 60], "uv_size": [2, 2]},
								"south": {"uv": [33, 60], "uv_size": [0, 4]},
								"west": {"uv": [29, 60], "uv_size": [4, 4]},
								"up": {"uv": [29, 56], "uv_size": [0, 4]},
								"down": {"uv": [29, 60], "uv_size": [0, -4]}
							}
						},
						{
							"origin": [6.3, 24.65, -4],
							"size": [0, 4, 3],
							"pivot": [6, 26.95, -2.1],
							"rotation": [-90, 75, -90],
							"uv": {
								"north": {"uv": [29, 60], "uv_size": [0, 4]},
								"east": {"uv": [33, 60], "uv_size": [-4, 4]},
								"south": {"uv": [33, 60], "uv_size": [0, 4]},
								"west": {"uv": [26.5, 62], "uv_size": [-1.5, 2]},
								"up": {"uv": [29, 56], "uv_size": [0, 4]},
								"down": {"uv": [29, 60], "uv_size": [0, -4]}
							}
						},
						{
							"origin": [6.3, 24.65, 1],
							"size": [0, 4, 3],
							"pivot": [6, 26.95, 2.1],
							"rotation": [90, -75, -90],
							"uv": {
								"north": {"uv": [33, 60], "uv_size": [0, 4]},
								"east": {"uv": [29, 60], "uv_size": [4, 4]},
								"south": {"uv": [29, 60], "uv_size": [0, 4]},
								"west": {"uv": [25, 62], "uv_size": [1.5, 2]},
								"up": {"uv": [29, 60], "uv_size": [0, -4]},
								"down": {"uv": [29, 56], "uv_size": [0, 4]}
							}
						}
					]
				},
				{
					"name": "leftArm2",
					"parent": "leftArm",
					"pivot": [4.97657, 23.61142, 0],
					"cubes": [
						{"origin": [3.97657, 20.61142, -2], "size": [3, 4, 4], "uv": [50, 50], "mirror": true},
						{
							"origin": [6.6, 20.95, -2],
							"size": [0, 4, 4],
							"pivot": [8.5, 26.6, 0],
							"rotation": [0, 0, -15],
							"uv": {
								"north": {"uv": [29, 60], "uv_size": [0, 4]},
								"east": {"uv": [33, 60], "uv_size": [-4, 4]},
								"south": {"uv": [33, 60], "uv_size": [0, 4]},
								"west": {"uv": [25, 62], "uv_size": [2, 2]},
								"up": {"uv": [29, 56], "uv_size": [0, 4]},
								"down": {"uv": [29, 60], "uv_size": [0, -4]}
							}
						},
						{
							"origin": [4.43214, 23.39577, -2],
							"size": [0, 4, 4],
							"pivot": [-8.5, 26.6, 0],
							"rotation": [0, 0, 15],
							"uv": {
								"north": {"uv": [29, 60], "uv_size": [0, 4]},
								"east": {"uv": [27, 62], "uv_size": [-2, 2]},
								"south": {"uv": [33, 60], "uv_size": [0, 4]},
								"west": {"uv": [29, 60], "uv_size": [4, 4]},
								"up": {"uv": [29, 56], "uv_size": [0, 4]},
								"down": {"uv": [29, 60], "uv_size": [0, -4]}
							}
						},
						{
							"origin": [5.3, 20.65, -4],
							"size": [0, 4, 3],
							"pivot": [6, 26.95, -2.1],
							"rotation": [-90, 75, -90],
							"uv": {
								"north": {"uv": [29, 60], "uv_size": [0, 4]},
								"east": {"uv": [33, 60], "uv_size": [-4, 4]},
								"south": {"uv": [33, 60], "uv_size": [0, 4]},
								"west": {"uv": [26.5, 60], "uv_size": [-1.5, 2]},
								"up": {"uv": [29, 56], "uv_size": [0, 4]},
								"down": {"uv": [29, 60], "uv_size": [0, -4]}
							}
						},
						{
							"origin": [5.3, 20.65, 1],
							"size": [0, 4, 3],
							"pivot": [6, 26.95, 2.1],
							"rotation": [90, -75, -90],
							"uv": {
								"north": {"uv": [33, 60], "uv_size": [0, 4]},
								"east": {"uv": [29, 60], "uv_size": [4, 4]},
								"south": {"uv": [29, 60], "uv_size": [0, 4]},
								"west": {"uv": [25, 60], "uv_size": [1.5, 2]},
								"up": {"uv": [29, 60], "uv_size": [0, -4]},
								"down": {"uv": [29, 56], "uv_size": [0, 4]}
							}
						}
					]
				},
				{
					"name": "leftArm3",
					"parent": "leftArm2",
					"pivot": [4.97657, 19.61142, 0],
					"cubes": [
						{"origin": [3.97657, 16.61142, -2], "size": [3, 4, 4], "uv": [44, 12], "mirror": true},
						{
							"origin": [5.6, 16.95, -2],
							"size": [0, 4, 4],
							"pivot": [8.5, 26.6, 0],
							"rotation": [0, 0, -15],
							"uv": {
								"north": {"uv": [29, 60], "uv_size": [0, 4]},
								"east": {"uv": [33, 60], "uv_size": [-4, 4]},
								"south": {"uv": [33, 60], "uv_size": [0, 4]},
								"west": {"uv": [27, 60], "uv_size": [-2, 2]},
								"up": {"uv": [29, 56], "uv_size": [0, 4]},
								"down": {"uv": [29, 60], "uv_size": [0, -4]}
							}
						},
						{
							"origin": [5.43214, 19.39577, -2],
							"size": [0, 4, 4],
							"pivot": [-8.5, 26.6, 0],
							"rotation": [0, 0, 15],
							"uv": {
								"north": {"uv": [29, 60], "uv_size": [0, 4]},
								"east": {"uv": [25, 60], "uv_size": [2, 2]},
								"south": {"uv": [33, 60], "uv_size": [0, 4]},
								"west": {"uv": [29, 60], "uv_size": [4, 4]},
								"up": {"uv": [29, 56], "uv_size": [0, 4]},
								"down": {"uv": [29, 60], "uv_size": [0, -4]}
							}
						},
						{
							"origin": [4.3, 16.65, -4],
							"size": [0, 4, 3],
							"pivot": [6, 26.95, -2.1],
							"rotation": [-90, 75, -90],
							"uv": {
								"north": {"uv": [29, 60], "uv_size": [0, 4]},
								"east": {"uv": [33, 60], "uv_size": [-4, 4]},
								"south": {"uv": [33, 60], "uv_size": [0, 4]},
								"west": {"uv": [26.5, 60], "uv_size": [-1.5, 2]},
								"up": {"uv": [29, 56], "uv_size": [0, 4]},
								"down": {"uv": [29, 60], "uv_size": [0, -4]}
							}
						},
						{
							"origin": [4.3, 16.65, 1],
							"size": [0, 4, 3],
							"pivot": [6, 26.95, 2.1],
							"rotation": [90, -75, -90],
							"uv": {
								"north": {"uv": [33, 60], "uv_size": [0, 4]},
								"east": {"uv": [29, 60], "uv_size": [4, 4]},
								"south": {"uv": [29, 60], "uv_size": [0, 4]},
								"west": {"uv": [25, 60], "uv_size": [1.5, 2]},
								"up": {"uv": [29, 60], "uv_size": [0, -4]},
								"down": {"uv": [29, 56], "uv_size": [0, 4]}
							}
						}
					]
				},
				{
					"name": "leftArm4",
					"parent": "leftArm3",
					"pivot": [4.97657, 15.61142, 0],
					"cubes": [
						{"origin": [3.97657, 12.61142, -2], "size": [3, 4, 4], "uv": [50, 50], "mirror": true},
						{
							"origin": [4.6, 12.95, -2],
							"size": [0, 4, 4],
							"pivot": [8.5, 26.6, 0],
							"rotation": [0, 0, -15],
							"uv": {
								"north": {"uv": [29, 60], "uv_size": [0, 4]},
								"east": {"uv": [33, 60], "uv_size": [-4, 4]},
								"south": {"uv": [33, 60], "uv_size": [0, 4]},
								"west": {"uv": [27, 62], "uv_size": [-2, 2]},
								"up": {"uv": [29, 56], "uv_size": [0, 4]},
								"down": {"uv": [29, 60], "uv_size": [0, -4]}
							}
						},
						{
							"origin": [6.43214, 15.39577, -2],
							"size": [0, 4, 4],
							"pivot": [-8.5, 26.6, 0],
							"rotation": [0, 0, 15],
							"uv": {
								"north": {"uv": [29, 60], "uv_size": [0, 4]},
								"east": {"uv": [25, 62], "uv_size": [2, 2]},
								"south": {"uv": [33, 60], "uv_size": [0, 4]},
								"west": {"uv": [29, 60], "uv_size": [4, 4]},
								"up": {"uv": [29, 56], "uv_size": [0, 4]},
								"down": {"uv": [29, 60], "uv_size": [0, -4]}
							}
						},
						{
							"origin": [3.3, 12.65, -4],
							"size": [0, 4, 3],
							"pivot": [6, 26.95, -2.1],
							"rotation": [-90, 75, -90],
							"uv": {
								"north": {"uv": [29, 60], "uv_size": [0, 4]},
								"east": {"uv": [33, 60], "uv_size": [-4, 4]},
								"south": {"uv": [33, 60], "uv_size": [0, 4]},
								"west": {"uv": [26.5, 62], "uv_size": [-1.5, 2]},
								"up": {"uv": [29, 56], "uv_size": [0, 4]},
								"down": {"uv": [29, 60], "uv_size": [0, -4]}
							}
						},
						{
							"origin": [3.3, 12.65, 1],
							"size": [0, 4, 3],
							"pivot": [6, 26.95, 2.1],
							"rotation": [90, -75, -90],
							"uv": {
								"north": {"uv": [33, 60], "uv_size": [0, 4]},
								"east": {"uv": [29, 60], "uv_size": [4, 4]},
								"south": {"uv": [29, 60], "uv_size": [0, 4]},
								"west": {"uv": [25, 62], "uv_size": [1.5, 2]},
								"up": {"uv": [29, 60], "uv_size": [0, -4]},
								"down": {"uv": [29, 56], "uv_size": [0, 4]}
							}
						}
					]
				},
				{
					"name": "leftArm5",
					"parent": "leftArm4",
					"pivot": [4.97657, 11.61142, 0],
					"cubes": [
						{"origin": [3.97657, 8.61142, -2], "size": [3, 4, 4], "uv": [44, 12], "mirror": true},
						{
							"origin": [3.6, 9.95, -2],
							"size": [0, 4, 4],
							"pivot": [8.5, 26.6, 0],
							"rotation": [0, 0, -15],
							"uv": {
								"north": {"uv": [29, 60], "uv_size": [0, 4]},
								"east": {"uv": [33, 60], "uv_size": [-4, 4]},
								"south": {"uv": [33, 60], "uv_size": [0, 4]},
								"west": {"uv": [27, 60], "uv_size": [-2, 2]},
								"up": {"uv": [29, 56], "uv_size": [0, 4]},
								"down": {"uv": [29, 60], "uv_size": [0, -4]}
							}
						},
						{
							"origin": [7.43214, 12.39577, -2],
							"size": [0, 4, 4],
							"pivot": [-8.5, 26.6, 0],
							"rotation": [0, 0, 15],
							"uv": {
								"north": {"uv": [29, 60], "uv_size": [0, 4]},
								"east": {"uv": [25, 60], "uv_size": [2, 2]},
								"south": {"uv": [33, 60], "uv_size": [0, 4]},
								"west": {"uv": [29, 60], "uv_size": [4, 4]},
								"up": {"uv": [29, 56], "uv_size": [0, 4]},
								"down": {"uv": [29, 60], "uv_size": [0, -4]}
							}
						},
						{
							"origin": [2.3, 9.65, -4],
							"size": [0, 4, 3],
							"pivot": [6, 26.95, -2.1],
							"rotation": [-90, 75, -90],
							"uv": {
								"north": {"uv": [29, 60], "uv_size": [0, 4]},
								"east": {"uv": [33, 60], "uv_size": [-4, 4]},
								"south": {"uv": [33, 60], "uv_size": [0, 4]},
								"west": {"uv": [27, 60], "uv_size": [-1.5, 2]},
								"up": {"uv": [29, 56], "uv_size": [0, 4]},
								"down": {"uv": [29, 60], "uv_size": [0, -4]}
							}
						},
						{
							"origin": [2.3, 9.65, 1],
							"size": [0, 4, 3],
							"pivot": [6, 26.95, 2.1],
							"rotation": [90, -75, -90],
							"uv": {
								"north": {"uv": [33, 60], "uv_size": [0, 4]},
								"east": {"uv": [29, 60], "uv_size": [4, 4]},
								"south": {"uv": [29, 60], "uv_size": [0, 4]},
								"west": {"uv": [25.5, 60], "uv_size": [1.5, 2]},
								"up": {"uv": [29, 60], "uv_size": [0, -4]},
								"down": {"uv": [29, 56], "uv_size": [0, 4]}
							}
						}
					]
				},
				{
					"name": "leftArm6",
					"parent": "leftArm5",
					"pivot": [4.97657, 7.61142, 0],
					"cubes": [
						{
							"origin": [7.18854, 1.90185, -2],
							"size": [0, 4, 4],
							"pivot": [7.43854, 3.90185, 0],
							"rotation": [0, 0, -2.5],
							"uv": {
								"north": {"uv": [29, 60], "uv_size": [0, 4]},
								"east": {"uv": [33, 60], "uv_size": [-4, 4]},
								"south": {"uv": [33, 60], "uv_size": [0, 4]},
								"west": {"uv": [27, 60], "uv_size": [-2, 2]},
								"up": {"uv": [29, 56], "uv_size": [0, 4]},
								"down": {"uv": [29, 60], "uv_size": [0, -4]}
							}
						},
						{"origin": [3.97657, 4.61142, -2], "size": [3, 4, 4], "uv": [50, 50], "mirror": true},
						{
							"origin": [2.3, 4.95, -2],
							"size": [0, 4, 4],
							"pivot": [8.5, 26.6, 0],
							"rotation": [0, 0, -15],
							"uv": {
								"north": {"uv": [29, 60], "uv_size": [0, 4]},
								"east": {"uv": [33, 60], "uv_size": [-4, 4]},
								"south": {"uv": [33, 60], "uv_size": [0, 4]},
								"west": {"uv": [27, 62], "uv_size": [-2, 2]},
								"up": {"uv": [29, 56], "uv_size": [0, 4]},
								"down": {"uv": [29, 60], "uv_size": [0, -4]}
							}
						},
						{
							"origin": [8.73214, 7.39577, -2],
							"size": [0, 4, 4],
							"pivot": [-8.5, 26.6, 0],
							"rotation": [0, 0, 15],
							"uv": {
								"north": {"uv": [29, 60], "uv_size": [0, 4]},
								"east": {"uv": [25, 62], "uv_size": [2, 2]},
								"south": {"uv": [33, 60], "uv_size": [0, 4]},
								"west": {"uv": [29, 60], "uv_size": [4, 4]},
								"up": {"uv": [29, 56], "uv_size": [0, 4]},
								"down": {"uv": [29, 60], "uv_size": [0, -4]}
							}
						},
						{
							"origin": [1, 4.65, -4],
							"size": [0, 4, 3],
							"pivot": [6, 26.95, -2.1],
							"rotation": [-90, 75, -90],
							"uv": {
								"north": {"uv": [29, 60], "uv_size": [0, 4]},
								"east": {"uv": [33, 60], "uv_size": [-4, 4]},
								"south": {"uv": [33, 60], "uv_size": [0, 4]},
								"west": {"uv": [27, 62], "uv_size": [-1.5, 2]},
								"up": {"uv": [29, 56], "uv_size": [0, 4]},
								"down": {"uv": [29, 60], "uv_size": [0, -4]}
							}
						},
						{
							"origin": [5.8, 2.79101, -3.83493],
							"size": [0, 4, 3],
							"pivot": [5.6, 2.89101, -2.33493],
							"rotation": [-90, 80, -90],
							"uv": {
								"north": {"uv": [29, 60], "uv_size": [0, 4]},
								"east": {"uv": [33, 60], "uv_size": [-4, 4]},
								"south": {"uv": [33, 60], "uv_size": [0, 4]},
								"west": {"uv": [27, 62], "uv_size": [-1.5, 2]},
								"up": {"uv": [29, 56], "uv_size": [0, 4]},
								"down": {"uv": [29, 60], "uv_size": [0, -4]}
							}
						},
						{
							"origin": [1, 4.65, 1],
							"size": [0, 4, 3],
							"pivot": [6, 26.95, 2.1],
							"rotation": [90, -75, -90],
							"uv": {
								"north": {"uv": [33, 60], "uv_size": [0, 4]},
								"east": {"uv": [29, 60], "uv_size": [4, 4]},
								"south": {"uv": [29, 60], "uv_size": [0, 4]},
								"west": {"uv": [25.5, 62], "uv_size": [1.5, 2]},
								"up": {"uv": [29, 60], "uv_size": [0, -4]},
								"down": {"uv": [29, 56], "uv_size": [0, 4]}
							}
						},
						{
							"origin": [5.8, 2.79101, 0.83493],
							"size": [0, 4, 3],
							"pivot": [5.6, 2.89101, 2.33493],
							"rotation": [90, -80, -90],
							"uv": {
								"north": {"uv": [33, 60], "uv_size": [0, 4]},
								"east": {"uv": [29, 60], "uv_size": [4, 4]},
								"south": {"uv": [29, 60], "uv_size": [0, 4]},
								"west": {"uv": [25.5, 62], "uv_size": [1.5, 2]},
								"up": {"uv": [29, 60], "uv_size": [0, -4]},
								"down": {"uv": [29, 56], "uv_size": [0, 4]}
							}
						},
						{
							"origin": [1, 4.65, -4],
							"size": [0, 4, 3],
							"pivot": [6, 26.95, -2.1],
							"rotation": [-90, 75, -90],
							"uv": {
								"north": {"uv": [29, 60], "uv_size": [0, 4]},
								"east": {"uv": [33, 60], "uv_size": [-4, 4]},
								"south": {"uv": [33, 60], "uv_size": [0, 4]},
								"west": {"uv": [27, 62], "uv_size": [-1.5, 2]},
								"up": {"uv": [29, 56], "uv_size": [0, 4]},
								"down": {"uv": [29, 60], "uv_size": [0, -4]}
							}
						}
					]
				},
				{
					"name": "leftArm7",
					"parent": "leftArm6",
					"pivot": [5.97657, 5.61142, 0],
					"rotation": [0, 0, 12.5],
					"cubes": [
						{"origin": [4.93251, 1.62094, -1], "size": [2, 4, 3], "uv": [0, 20], "mirror": true}
					]
				},
				{
					"name": "leftArm8",
					"parent": "leftArm7",
					"pivot": [2.93251, -8.37906, 0],
					"rotation": [0, 0, 12.5],
					"cubes": [
						{"origin": [1.93251, 2.62094, -2], "size": [2, 3, 1], "uv": [34, 5], "mirror": true}
					]
				},
				{
					"name": "rightLeg",
					"parent": "main",
					"pivot": [-1.9, 17.6, 2],
					"rotation": [-125, 0, 0],
					"mirror": true,
					"cubes": [
						{"origin": [-3.9, 12.6, 0], "size": [3, 4, 4], "uv": [14, 46], "mirror": false},
						{
							"origin": [-3.8, 12.9, 6.25],
							"size": [0, 4, 3],
							"pivot": [-6, 24.95, 4.1],
							"rotation": [90, 75, 90],
							"uv": {
								"north": {"uv": [33, 60], "uv_size": [0, 4]},
								"east": {"uv": [26.5, 60], "uv_size": [-1.5, 2]},
								"south": {"uv": [29, 60], "uv_size": [0, 4]},
								"west": {"uv": [33, 60], "uv_size": [-4, 4]},
								"up": {"uv": [29, 60], "uv_size": [0, -4]},
								"down": {"uv": [29, 56], "uv_size": [0, 4]}
							}
						},
						{
							"origin": [-3.8, 12.9, -5.25],
							"size": [0, 4, 3],
							"pivot": [-6, 24.95, -0.1],
							"rotation": [-90, -75, 90],
							"uv": {
								"north": {"uv": [29, 60], "uv_size": [0, 4]},
								"east": {"uv": [25, 62], "uv_size": [1.5, 2]},
								"south": {"uv": [33, 60], "uv_size": [0, 4]},
								"west": {"uv": [29, 60], "uv_size": [4, 4]},
								"up": {"uv": [29, 56], "uv_size": [0, 4]},
								"down": {"uv": [29, 60], "uv_size": [0, -4]}
							}
						},
						{
							"origin": [-1.9, 13.95, 0],
							"size": [0, 4, 4],
							"pivot": [-8.5, 24.6, 2],
							"rotation": [0, 0, 15],
							"uv": {
								"north": {"uv": [29, 60], "uv_size": [0, 4]},
								"east": {"uv": [27, 62], "uv_size": [-2, 2]},
								"south": {"uv": [33, 60], "uv_size": [0, 4]},
								"west": {"uv": [29, 60], "uv_size": [4, 4]},
								"up": {"uv": [29, 56], "uv_size": [0, 4]},
								"down": {"uv": [29, 60], "uv_size": [0, -4]}
							}
						},
						{
							"origin": [-0.77649, 12.74244, 0],
							"size": [0, 4, 4],
							"pivot": [-0.87122, 16.32074, 2],
							"rotation": [0, 0, -7.5],
							"uv": {
								"north": {"uv": [29, 60], "uv_size": [0, 4]},
								"east": {"uv": [33, 60], "uv_size": [-4, 4]},
								"south": {"uv": [33, 60], "uv_size": [0, 4]},
								"west": {"uv": [25, 62], "uv_size": [2, 2]},
								"up": {"uv": [29, 56], "uv_size": [0, 4]},
								"down": {"uv": [29, 60], "uv_size": [0, -4]}
							}
						}
					]
				},
				{
					"name": "rightLeg2",
					"parent": "rightLeg",
					"pivot": [-1.9, 12.6, 2],
					"rotation": [42.5, 0, 0],
					"mirror": true,
					"cubes": [
						{"origin": [-3.9, 8.6, 0], "size": [3, 4, 4], "uv": [46, 23], "mirror": false}
					]
				},
				{
					"name": "rightLeg3",
					"parent": "rightLeg2",
					"pivot": [-1.9, 8.6, 2],
					"rotation": [32.5, 0, 0],
					"mirror": true,
					"cubes": [
						{"origin": [-3.9, 4.6, 0], "size": [3, 4, 4], "uv": [14, 46], "mirror": false}
					]
				},
				{
					"name": "rightLeg4",
					"parent": "rightLeg3",
					"pivot": [-1.9, 4.6, 2],
					"rotation": [30, 0, 0],
					"mirror": true,
					"cubes": [
						{"origin": [-3.9, 0.6, 0], "size": [3, 4, 4], "uv": [46, 23], "mirror": false}
					]
				},
				{
					"name": "rightLeg5",
					"parent": "rightLeg4",
					"pivot": [-1.9, 0.6, 2],
					"rotation": [32.13523, -3.14974, -1.45924],
					"mirror": true,
					"cubes": [
						{"origin": [-3.9, -3.4, 0], "size": [3, 4, 4], "uv": [14, 46], "mirror": false}
					]
				},
				{
					"name": "rightLeg6",
					"parent": "rightLeg5",
					"pivot": [-1.9, -3.4, 2],
					"rotation": [7.5, 0, 0],
					"mirror": true,
					"cubes": [
						{"origin": [-3.9, -7.4, 0], "size": [3, 4, 4], "uv": [46, 23], "mirror": false}
					]
				},
				{
					"name": "rightLeg7",
					"parent": "rightLeg6",
					"pivot": [-1.9, -7.4, 2],
					"rotation": [-20, 0, 0],
					"mirror": true,
					"cubes": [
						{"origin": [-3.9, -11.4, 0], "size": [3, 4, 4], "uv": [14, 46], "mirror": false},
						{
							"origin": [-3.8, -10.6, 6.25],
							"size": [0, 4, 3],
							"pivot": [-6, 1.45, 4.1],
							"rotation": [90, 75, 90],
							"uv": {
								"north": {"uv": [33, 60], "uv_size": [0, 4]},
								"east": {"uv": [26.5, 60], "uv_size": [-1.5, 2]},
								"south": {"uv": [29, 60], "uv_size": [0, 4]},
								"west": {"uv": [33, 60], "uv_size": [-4, 4]},
								"up": {"uv": [29, 60], "uv_size": [0, -4]},
								"down": {"uv": [29, 56], "uv_size": [0, 4]}
							}
						},
						{
							"origin": [-1.9, -9.55, 0],
							"size": [0, 4, 4],
							"pivot": [-8.5, 1.1, 2],
							"rotation": [0, 0, 15],
							"uv": {
								"north": {"uv": [29, 60], "uv_size": [0, 4]},
								"east": {"uv": [27, 62], "uv_size": [-2, 2]},
								"south": {"uv": [33, 60], "uv_size": [0, 4]},
								"west": {"uv": [29, 60], "uv_size": [4, 4]},
								"up": {"uv": [29, 56], "uv_size": [0, 4]},
								"down": {"uv": [29, 60], "uv_size": [0, -4]}
							}
						},
						{
							"origin": [-1.9, -11.3, 0],
							"size": [0, 4, 4],
							"pivot": [-8.5, -0.65, 2],
							"rotation": [0, 0, 15],
							"uv": {
								"north": {"uv": [29, 60], "uv_size": [0, 4]},
								"east": {"uv": [27, 62], "uv_size": [-2, 2]},
								"south": {"uv": [33, 60], "uv_size": [0, 4]},
								"west": {"uv": [29, 60], "uv_size": [4, 4]},
								"up": {"uv": [29, 56], "uv_size": [0, 4]},
								"down": {"uv": [29, 60], "uv_size": [0, -4]}
							}
						},
						{
							"origin": [-3.8, -12.35, -5.25],
							"size": [0, 4, 3],
							"pivot": [-6, -0.3, -0.1],
							"rotation": [-90, -75, 90],
							"uv": {
								"north": {"uv": [29, 60], "uv_size": [0, 4]},
								"east": {"uv": [25, 62], "uv_size": [1.5, 2]},
								"south": {"uv": [33, 60], "uv_size": [0, 4]},
								"west": {"uv": [29, 60], "uv_size": [4, 4]},
								"up": {"uv": [29, 56], "uv_size": [0, 4]},
								"down": {"uv": [29, 60], "uv_size": [0, -4]}
							}
						},
						{
							"origin": [-3.8, -10.6, -5.25],
							"size": [0, 4, 3],
							"pivot": [-6, 1.45, -0.1],
							"rotation": [-90, -75, 90],
							"uv": {
								"north": {"uv": [29, 60], "uv_size": [0, 4]},
								"east": {"uv": [25, 62], "uv_size": [1.5, 2]},
								"south": {"uv": [33, 60], "uv_size": [0, 4]},
								"west": {"uv": [29, 60], "uv_size": [4, 4]},
								"up": {"uv": [29, 56], "uv_size": [0, 4]},
								"down": {"uv": [29, 60], "uv_size": [0, -4]}
							}
						},
						{
							"origin": [-0.77649, -10.75756, 0],
							"size": [0, 4, 4],
							"pivot": [-0.87122, -7.17926, 2],
							"rotation": [0, 0, -7.5],
							"uv": {
								"north": {"uv": [29, 60], "uv_size": [0, 4]},
								"east": {"uv": [33, 60], "uv_size": [-4, 4]},
								"south": {"uv": [33, 60], "uv_size": [0, 4]},
								"west": {"uv": [25, 62], "uv_size": [2, 2]},
								"up": {"uv": [29, 56], "uv_size": [0, 4]},
								"down": {"uv": [29, 60], "uv_size": [0, -4]}
							}
						},
						{
							"origin": [-0.77649, -12.50756, 0],
							"size": [0, 4, 4],
							"pivot": [-0.87122, -8.92926, 2],
							"rotation": [0, 0, -7.5],
							"uv": {
								"north": {"uv": [29, 60], "uv_size": [0, 4]},
								"east": {"uv": [33, 60], "uv_size": [-4, 4]},
								"south": {"uv": [33, 60], "uv_size": [0, 4]},
								"west": {"uv": [25, 62], "uv_size": [2, 2]},
								"up": {"uv": [29, 56], "uv_size": [0, 4]},
								"down": {"uv": [29, 60], "uv_size": [0, -4]}
							}
						},
						{
							"origin": [-3.8, -12.35, 6.25],
							"size": [0, 4, 3],
							"pivot": [-6, -0.3, 4.1],
							"rotation": [90, 75, 90],
							"uv": {
								"north": {"uv": [33, 60], "uv_size": [0, 4]},
								"east": {"uv": [26.5, 60], "uv_size": [-1.5, 2]},
								"south": {"uv": [29, 60], "uv_size": [0, 4]},
								"west": {"uv": [33, 60], "uv_size": [-4, 4]},
								"up": {"uv": [29, 60], "uv_size": [0, -4]},
								"down": {"uv": [29, 56], "uv_size": [0, 4]}
							}
						}
					]
				},
				{
					"name": "rightLeg8",
					"parent": "rightLeg7",
					"pivot": [-1.9, -11.4, 2],
					"mirror": true,
					"cubes": [
						{"origin": [-3.9, -13.4, -1], "size": [3, 2, 5], "uv": [44, 5]}
					]
				},
				{
					"name": "rightLeg9",
					"parent": "rightLeg8",
					"pivot": [-2.9, -23.4, 2],
					"rotation": [0, -12.5, 0],
					"mirror": true,
					"cubes": [
						{"origin": [-1.9, -13.4, -1], "size": [1, 2, 5], "uv": [40, 47]}
					]
				},
				{
					"name": "leftLeg",
					"parent": "main",
					"pivot": [1.9, 17.6, 2],
					"rotation": [-125, 0, 0],
					"mirror": true,
					"cubes": [
						{"origin": [0.9, 12.6, 0], "size": [3, 4, 4], "uv": [14, 46]},
						{
							"origin": [3.8, 12.9, 6.25],
							"size": [0, 4, 3],
							"pivot": [6, 24.95, 4.1],
							"rotation": [90, -75, -90],
							"uv": {
								"north": {"uv": [33, 60], "uv_size": [0, 4]},
								"east": {"uv": [29, 60], "uv_size": [4, 4]},
								"south": {"uv": [29, 60], "uv_size": [0, 4]},
								"west": {"uv": [25, 60], "uv_size": [1.5, 2]},
								"up": {"uv": [29, 60], "uv_size": [0, -4]},
								"down": {"uv": [29, 56], "uv_size": [0, 4]}
							}
						},
						{
							"origin": [3.8, 12.9, -5.25],
							"size": [0, 4, 3],
							"pivot": [6, 24.95, -0.1],
							"rotation": [-90, 75, -90],
							"uv": {
								"north": {"uv": [29, 60], "uv_size": [0, 4]},
								"east": {"uv": [33, 60], "uv_size": [-4, 4]},
								"south": {"uv": [33, 60], "uv_size": [0, 4]},
								"west": {"uv": [26.5, 62], "uv_size": [-1.5, 2]},
								"up": {"uv": [29, 56], "uv_size": [0, 4]},
								"down": {"uv": [29, 60], "uv_size": [0, -4]}
							}
						},
						{
							"origin": [1.9, 13.95, 0],
							"size": [0, 4, 4],
							"pivot": [8.5, 24.6, 2],
							"rotation": [0, 0, -15],
							"uv": {
								"north": {"uv": [29, 60], "uv_size": [0, 4]},
								"east": {"uv": [33, 60], "uv_size": [-4, 4]},
								"south": {"uv": [33, 60], "uv_size": [0, 4]},
								"west": {"uv": [25, 62], "uv_size": [2, 2]},
								"up": {"uv": [29, 56], "uv_size": [0, 4]},
								"down": {"uv": [29, 60], "uv_size": [0, -4]}
							}
						},
						{
							"origin": [0.77649, 12.74244, 0],
							"size": [0, 4, 4],
							"pivot": [0.87122, 16.32074, 2],
							"rotation": [0, 0, 7.5],
							"uv": {
								"north": {"uv": [29, 60], "uv_size": [0, 4]},
								"east": {"uv": [27, 62], "uv_size": [-2, 2]},
								"south": {"uv": [33, 60], "uv_size": [0, 4]},
								"west": {"uv": [29, 60], "uv_size": [4, 4]},
								"up": {"uv": [29, 56], "uv_size": [0, 4]},
								"down": {"uv": [29, 60], "uv_size": [0, -4]}
							}
						}
					]
				},
				{
					"name": "leftLeg2",
					"parent": "leftLeg",
					"pivot": [1.9, 12.6, 2],
					"rotation": [42.5, 0, 0],
					"mirror": true,
					"cubes": [
						{"origin": [0.9, 8.6, 0], "size": [3, 4, 4], "uv": [46, 23]}
					]
				},
				{
					"name": "leftLeg3",
					"parent": "leftLeg2",
					"pivot": [1.9, 8.6, 2],
					"rotation": [32.5, 0, 0],
					"mirror": true,
					"cubes": [
						{"origin": [0.9, 4.6, 0], "size": [3, 4, 4], "uv": [14, 46]}
					]
				},
				{
					"name": "leftLeg4",
					"parent": "leftLeg3",
					"pivot": [1.9, 4.6, 2],
					"rotation": [30, 0, 0],
					"mirror": true,
					"cubes": [
						{"origin": [0.9, 0.6, 0], "size": [3, 4, 4], "uv": [46, 23]}
					]
				},
				{
					"name": "leftLeg5",
					"parent": "leftLeg4",
					"pivot": [1.9, 0.6, 2],
					"rotation": [32.13523, 3.14974, 1.45924],
					"mirror": true,
					"cubes": [
						{"origin": [0.9, -3.4, 0], "size": [3, 4, 4], "uv": [14, 46]}
					]
				},
				{
					"name": "leftLeg6",
					"parent": "leftLeg5",
					"pivot": [1.9, -3.4, 2],
					"rotation": [7.5, 0, 0],
					"mirror": true,
					"cubes": [
						{"origin": [0.9, -7.4, 0], "size": [3, 4, 4], "uv": [46, 23]}
					]
				},
				{
					"name": "leftLeg7",
					"parent": "leftLeg6",
					"pivot": [1.9, -7.4, 2],
					"rotation": [-20, 0, 0],
					"mirror": true,
					"cubes": [
						{"origin": [0.9, -11.4, 0], "size": [3, 4, 4], "uv": [14, 46]},
						{
							"origin": [3.8, -10.6, 6.25],
							"size": [0, 4, 3],
							"pivot": [6, 1.45, 4.1],
							"rotation": [90, -75, -90],
							"uv": {
								"north": {"uv": [33, 60], "uv_size": [0, 4]},
								"east": {"uv": [29, 60], "uv_size": [4, 4]},
								"south": {"uv": [29, 60], "uv_size": [0, 4]},
								"west": {"uv": [25, 60], "uv_size": [1.5, 2]},
								"up": {"uv": [29, 60], "uv_size": [0, -4]},
								"down": {"uv": [29, 56], "uv_size": [0, 4]}
							}
						},
						{
							"origin": [1.9, -9.55, 0],
							"size": [0, 4, 4],
							"pivot": [8.5, 1.1, 2],
							"rotation": [0, 0, -15],
							"uv": {
								"north": {"uv": [29, 60], "uv_size": [0, 4]},
								"east": {"uv": [33, 60], "uv_size": [-4, 4]},
								"south": {"uv": [33, 60], "uv_size": [0, 4]},
								"west": {"uv": [25, 62], "uv_size": [2, 2]},
								"up": {"uv": [29, 56], "uv_size": [0, 4]},
								"down": {"uv": [29, 60], "uv_size": [0, -4]}
							}
						},
						{
							"origin": [1.9, -11.3, 0],
							"size": [0, 4, 4],
							"pivot": [8.5, -0.65, 2],
							"rotation": [0, 0, -15],
							"uv": {
								"north": {"uv": [29, 60], "uv_size": [0, 4]},
								"east": {"uv": [33, 60], "uv_size": [-4, 4]},
								"south": {"uv": [33, 60], "uv_size": [0, 4]},
								"west": {"uv": [25, 62], "uv_size": [2, 2]},
								"up": {"uv": [29, 56], "uv_size": [0, 4]},
								"down": {"uv": [29, 60], "uv_size": [0, -4]}
							}
						},
						{
							"origin": [3.8, -12.35, -5.25],
							"size": [0, 4, 3],
							"pivot": [6, -0.3, -0.1],
							"rotation": [-90, 75, -90],
							"uv": {
								"north": {"uv": [29, 60], "uv_size": [0, 4]},
								"east": {"uv": [33, 60], "uv_size": [-4, 4]},
								"south": {"uv": [33, 60], "uv_size": [0, 4]},
								"west": {"uv": [26.5, 62], "uv_size": [-1.5, 2]},
								"up": {"uv": [29, 56], "uv_size": [0, 4]},
								"down": {"uv": [29, 60], "uv_size": [0, -4]}
							}
						},
						{
							"origin": [3.8, -10.6, -5.25],
							"size": [0, 4, 3],
							"pivot": [6, 1.45, -0.1],
							"rotation": [-90, 75, -90],
							"uv": {
								"north": {"uv": [29, 60], "uv_size": [0, 4]},
								"east": {"uv": [33, 60], "uv_size": [-4, 4]},
								"south": {"uv": [33, 60], "uv_size": [0, 4]},
								"west": {"uv": [26.5, 62], "uv_size": [-1.5, 2]},
								"up": {"uv": [29, 56], "uv_size": [0, 4]},
								"down": {"uv": [29, 60], "uv_size": [0, -4]}
							}
						},
						{
							"origin": [0.77649, -10.75756, 0],
							"size": [0, 4, 4],
							"pivot": [0.87122, -7.17926, 2],
							"rotation": [0, 0, 7.5],
							"uv": {
								"north": {"uv": [29, 60], "uv_size": [0, 4]},
								"east": {"uv": [27, 62], "uv_size": [-2, 2]},
								"south": {"uv": [33, 60], "uv_size": [0, 4]},
								"west": {"uv": [29, 60], "uv_size": [4, 4]},
								"up": {"uv": [29, 56], "uv_size": [0, 4]},
								"down": {"uv": [29, 60], "uv_size": [0, -4]}
							}
						},
						{
							"origin": [0.77649, -12.50756, 0],
							"size": [0, 4, 4],
							"pivot": [0.87122, -8.92926, 2],
							"rotation": [0, 0, 7.5],
							"uv": {
								"north": {"uv": [29, 60], "uv_size": [0, 4]},
								"east": {"uv": [27, 62], "uv_size": [-2, 2]},
								"south": {"uv": [33, 60], "uv_size": [0, 4]},
								"west": {"uv": [29, 60], "uv_size": [4, 4]},
								"up": {"uv": [29, 56], "uv_size": [0, 4]},
								"down": {"uv": [29, 60], "uv_size": [0, -4]}
							}
						},
						{
							"origin": [3.8, -12.35, 6.25],
							"size": [0, 4, 3],
							"pivot": [6, -0.3, 4.1],
							"rotation": [90, -75, -90],
							"uv": {
								"north": {"uv": [33, 60], "uv_size": [0, 4]},
								"east": {"uv": [29, 60], "uv_size": [4, 4]},
								"south": {"uv": [29, 60], "uv_size": [0, 4]},
								"west": {"uv": [25, 60], "uv_size": [1.5, 2]},
								"up": {"uv": [29, 60], "uv_size": [0, -4]},
								"down": {"uv": [29, 56], "uv_size": [0, 4]}
							}
						}
					]
				},
				{
					"name": "leftLeg8",
					"parent": "leftLeg7",
					"pivot": [1.9, -11.4, 2],
					"mirror": true,
					"cubes": [
						{"origin": [0.9, -13.4, -1], "size": [3, 2, 5], "uv": [44, 5], "mirror": false}
					]
				},
				{
					"name": "leftLeg9",
					"parent": "leftLeg8",
					"pivot": [2.9, -23.4, 2],
					"rotation": [0, 12.5, 0],
					"mirror": true,
					"cubes": [
						{"origin": [0.9, -13.4, -1], "size": [1, 2, 5], "uv": [40, 47], "mirror": false}
					]
				}
			]
		}
	]
}