{
	"format_version": "1.12.0",
	"minecraft:geometry": [
		{
			"description": {
				"identifier": "geometry.ic_web_projectile",
				"texture_width": 32,
				"texture_height": 32,
				"visible_bounds_width": 2,
				"visible_bounds_height": 1.5,
				"visible_bounds_offset": [0, 0.25, 0]
			},
			"bones": [
				{
					"name": "body",
					"pivot": [0, 0, 0],
					"cubes": [
						{"origin": [3, -4, -6], "size": [0, 8, 12], "pivot": [0, 0, 0], "rotation": [0, 15, 0], "uv": [0, 0]},
						{"origin": [0, -4, -6], "size": [0, 8, 12], "uv": [0, 0]},
						{"origin": [0, -4, -6], "size": [0, 8, 12], "pivot": [0, 0, 0], "rotation": [0, 0, 90], "uv": [0, 0]},
						{"origin": [3, -4, -6], "size": [0, 8, 12], "pivot": [0, 0, 0], "rotation": [0, 15, -90], "uv": [0, 0]},
						{"origin": [3, -4, -6], "size": [0, 8, 12], "pivot": [0, 0, 0], "rotation": [0, 15, -180], "uv": [0, 0]},
						{"origin": [3, -4, -6], "size": [0, 8, 12], "pivot": [0, 0, 0], "rotation": [0, 15, 90], "uv": [0, 0]}
					]
				}
			]
		}
	]
}