{
	"format_version" : "1.17.30",
	"animation_controllers" : {
	"controller.animation.boxy_attack": {
		"initial_state": "default",
		"states": {
		  "default": {
			"transitions": [
			  {
				"attack": "variable.attack_time > 0"
		}
			]
		  },
		  "attack": {
	"variables": {
	"walk": {
					"input": "query.modified_move_speed",
					"remap_curve": {
						"0.0": 0.0,
						"0.27": 1.0
					}
				},
				"idle": {
					"input": "query.modified_move_speed",
					"remap_curve": {
						"0.27": 0.0,
						"0.0": 1.0
					}
				}
			},
		"on_entry": [
             "variable.random = math.random_integer(0,1);"
        ],
		"animations": [
			{"attack1_boxy": "variable.random == 0"},
			{"attack2_boxy": "variable.random == 1"}
		],
		"transitions": [{
				"default": "query.any_animation_finished"
		}
		],
		"blend_transition": 0.2   
	}
		}
	  },
	"controller.animation.boxy_morph": {
	"initial_state": "default",
	"states": {
		"default": {
		"variables": {
				"walk": {
					"input": "query.modified_move_speed",
					"remap_curve": {
						"0.0": 0.0,
						"0.27": 1.0
					}
				},
				"idle": {
					"input": "query.modified_move_speed",
					"remap_curve": {
						"0.27": 0.0,
						"0.0": 1.0
					}
				}
			},
		"animations": [
				{"idle_boxy" : "variable.idle"},
				{"chase.arms_boxy" : "query.is_sprinting"},
				{"walk.arms_boxy" : "variable.walk"}, 
				{"chase_boxy" : "query.is_sprinting && !query.has_rider"},
				{"walk.legs_boxy" : "variable.walk"} 
			],
		"transitions": [
						{
							"sneak": "query.is_sneaking"
						 },
						{
								"jumpscare": "query.has_rider && !query.is_stunned"
							}
		],
		"blend_transition": 0.2
	  },
	"sneak": {
	"variables": {
	"walk": {
					"input": "query.modified_move_speed",
					"remap_curve": {
						"0.0": 0.0,
						"0.27": 1.0
					}
				},
				"idle": {
					"input": "query.modified_move_speed",
					"remap_curve": {
						"0.27": 0.0,
						"0.0": 1.0
					}
				}
			},
		"animations": [
			{"wait_boxy" : "variable.idle"},
			{"wait1_boxy" : "variable.idle"},
			{"idle_boxy" : "variable.walk"},
			{"sneak_boxy" : "query.is_sneaking && query.ground_speed > 0.2"},
				{"chase.arms_boxy" : "variable.walk"},
				{"chase_boxy" : "variable.walk"},
				{"walk.legs_boxy" : "variable.walk"} 
		],
		"transitions": [{
				"default": "!query.is_sneaking"
		}, 
		{
								"jumpscare": "query.has_rider && !query.is_stunned"
							}
		],
		"blend_transition": 0.2   
	},
	  "jumpscare": {
	"variables": {
				"idle": {
					"input": "query.modified_move_speed",
					"remap_curve": {
						"0.27": 0.0,
						"0.0": 1.0
					}
				}
			},
		"animations": [
			"jumpscare",
			{"idle" : "variable.idle"}
			],
		"transitions": [{
							"default": "!query.has_rider"
						 },
						{
							"wiggle": "query.is_interested"
						 }
		],
		"blend_transition": 0.2
	  }

                  }
                }
			}
		}