{
	"format_version" : "1.17.30",
	"animation_controllers" : {
	"controller.animation.boxy": {
	"initial_state": "default",
	"states": {
		"default": {
		"variables": {
				"walk": {
					"input": "query.modified_move_speed",
					"remap_curve": {
						"0.0": 0.0,
						"0.27": 1.0
					}
				},
				"idle": {
					"input": "query.modified_move_speed",
					"remap_curve": {
						"0.27": 0.0,
						"0.0": 1.0
					}
				}
			},
		"animations": [
				{"idle" : "variable.idle"},
				{"walk.arms" : "variable.walk"},
				{"chase.arms" : "variable.walk"},
				{"chase" : "query.has_target && !query.has_rider"},
				{"walk.legs" : "variable.walk"} 
			],
		"transitions": [{
							"attack": "variable.attack_time > 0 && query.is_stunned"
						 },
						{
							"wiggle": "query.is_interested"
						 },
						{
								"jumpscare": "query.has_rider && !query.is_stunned"
							}
		],
		"blend_transition": 0.2
	  },
	"wiggle": {
	"variables": {
	"walk": {
					"input": "query.modified_move_speed",
					"remap_curve": {
						"0.0": 0.0,
						"0.27": 1.0
					}
				},
				"idle": {
					"input": "query.modified_move_speed",
					"remap_curve": {
						"0.27": 0.0,
						"0.0": 1.0
					}
				}
			},
		"animations": [
			"wait",
			"wait1",
			{"idle" : "variable.idle"}
		],
		"transitions": [{
				"default": "!query.is_interested"
		}, 
		{
				"attack": "variable.attack_time > 0 && query.is_stunned"
		},  
		{
								"jumpscare": "query.has_rider && !query.is_stunned"
							}
		],
		"blend_transition": 0.2   
	},
	  "attack": {
	"variables": {
	"walk": {
					"input": "query.modified_move_speed",
					"remap_curve": {
						"0.0": 0.0,
						"0.27": 1.0
					}
				},
				"idle": {
					"input": "query.modified_move_speed",
					"remap_curve": {
						"0.27": 0.0,
						"0.0": 1.0
					}
				}
			},
		"on_entry": [
             "variable.random = math.random_integer(0,1);"
        ],
		"animations": [
		{"walk.legs" : "variable.walk"},
		{"walk.arms" : "variable.walk"},
				{"chase.arms" : "variable.walk"},
			{"attack1": "variable.random == 0"},
			{"attack2": "variable.random == 1"},
			{"idle" : "variable.idle"}
		],
		"transitions": [{
				"default": "variable.attack_time <= 0"
		}
		],
		"blend_transition": 0.2   
	},
	  "jumpscare": {
	"variables": {
				"idle": {
					"input": "query.modified_move_speed",
					"remap_curve": {
						"0.27": 0.0,
						"0.0": 1.0
					}
				}
			},
		"animations": [
			"jumpscare",
			{"idle" : "variable.idle"}
			],
		"transitions": [{
							"default": "!query.has_rider"
						 },
						{
							"wiggle": "query.is_interested"
						 }
		],
		"blend_transition": 0.2
	  }

                  }
                }
			}
		}