{
	"format_version" : "1.17.30",
	"animation_controllers" : {
	"controller.animation.longlegs_attack": {
		"initial_state": "default",
		"states": {
		  "default": {
			"transitions": [
			  {
				"attack": "variable.attack_time > 0"
		}
			]
		  },
		  "attack": {
	"variables": {
	"walk": {
					"input": "query.modified_move_speed",
					"remap_curve": {
						"0.0": 0.0,
						"0.27": 1.0
					}
				},
				"idle": {
					"input": "query.modified_move_speed",
					"remap_curve": {
						"0.27": 0.0,
						"0.0": 1.0
					}
				}
			},
		"animations": [
			"attack_longlegs"
		],
		"transitions": [{
				"default": "query.any_animation_finished"
		}
		],
		"blend_transition": 0.2   
	}
		}
	  },
	"controller.animation.longlegs_morph": {
	"initial_state": "default",
	"states": {
		"default": {
		"variables": {
				"walk": {
					"input": "query.modified_move_speed",
					"remap_curve": {
						"0.0": 0.0,
						"0.27": 1.0
					}
				},
				"idle": {
					"input": "query.modified_move_speed",
					"remap_curve": {
						"0.27": 0.0,
						"0.0": 1.0
					}
				}
			},
		"animations": [
				{"idle_longlegs" : "variable.idle"},
				{"walk.longlegs" : "variable.walk"}, 
				{"chase_longlegs" : "variable.walk"}
			],
		"transitions": [
						{
							"sneak": "query.is_sneaking"
						 },
						{
								"jumpscare": "query.has_rider && !query.is_stunned"
							}
		],
		"blend_transition": 0.2
	  },
	"sneak": {
	"variables": {
	"walk": {
					"input": "query.modified_move_speed",
					"remap_curve": {
						"0.0": 0.0,
						"0.27": 1.0
					}
				},
				"idle": {
					"input": "query.modified_move_speed",
					"remap_curve": {
						"0.27": 0.0,
						"0.0": 1.0
					}
				}
			},
		"animations": [
			{"sneak_longlegs" : "variable.idle"},
				{"chase_longlegs" : "variable.walk"},
				{"sprint.longlegs" : "variable.walk"} 
		],
		"transitions": [{
				"default": "!query.is_sneaking"
		}, 
		{
								"jumpscare": "query.has_rider && !query.is_stunned"
							}
		],
		"blend_transition": 0.2   
	},
	  "jumpscare": {
	"variables": {
				"idle": {
					"input": "query.modified_move_speed",
					"remap_curve": {
						"0.27": 0.0,
						"0.0": 1.0
					}
				}
			},
		"animations": [
			"jumpscare",
			{"idle" : "variable.idle"}
			],
		"transitions": [{
							"default": "!query.has_rider"
						 },
						{
							"wiggle": "query.is_interested"
						 }
		],
		"blend_transition": 0.2
	  }

                  }
                }
			}
		}