{
	"format_version" : "1.17.30",
	"animation_controllers" : {
	"controller.animation.missy": {
	"initial_state": "default",
	"states": {
		"default": {
		"variables": {
				"walk": {
					"input": "query.modified_move_speed",
					"remap_curve": {
						"0.0": 0.0,
						"0.27": 1.0
					}
				},
				"idle": {
					"input": "query.modified_move_speed",
					"remap_curve": {
						"0.27": 0.0,
						"0.0": 1.0
					}
				}
			},
		"animations": [
				{"idle" : "variable.idle"},
				{"walk" : "variable.walk"}
			], 
			"transitions": [{
							"attack": "variable.attack_time > 0.0"
						 }
		],
		"blend_transition": 0.2
	  }, 
	"attack": {
		"variables": {
				"walk": {
					"input": "query.modified_move_speed",
					"remap_curve": {
						"0.0": 0.0,
						"0.27": 1.0
					}
				},
				"idle": {
					"input": "query.modified_move_speed",
					"remap_curve": {
						"0.27": 0.0,
						"0.0": 1.0
					}
				}
			},
		"animations": [
				"attack" 
			], 
			"transitions": [{
							"default": "variable.attack_time <= 0.0"
						 }
		],
		"blend_transition": 0.2
	  } 
                  }
                }
			}
		}