{
	"format_version" : "1.17.30",
	"animation_controllers" : {
	"controller.animation.wuggy": {
	"initial_state": "default",
	"states": {
		"default": {
		"variables": {
				"walk": {
					"input": "query.modified_move_speed",
					"remap_curve": {
						"0.0": 0.0,
						"0.27": 1.0
					}
				},
				"idle": {
					"input": "query.modified_move_speed",
					"remap_curve": {
						"0.27": 0.0,
						"0.0": 1.0
					}
				}
			},
		"animations": [
				{"idle" : "variable.idle"},
				{"walk" : "variable.walk"}
			],
		"transitions": [{
							"fly": "!query.is_on_ground"
						 },
						{
							"wiggle": "query.is_interested"
						 },
						{
								"jumpscare": "query.has_rider && !query.is_stunned"
							}
		],
		"blend_transition": 0.2
	  },
	  "wiggle": {
	"variables": {
	"walk": {
					"input": "query.modified_move_speed",
					"remap_curve": {
						"0.0": 0.0,
						"0.27": 1.0
					}
				},
				"idle": {
					"input": "query.modified_move_speed",
					"remap_curve": {
						"0.27": 0.0,
						"0.0": 1.0
					}
				}
			},
		"animations": [
			"wiggle",
			{"idle" : "variable.idle"},
			{"walk" : "variable.walk"}
		],
		"transitions": [{
				"default": "query.all_animations_finished"
		}, 
		{
				"fly": "!query.is_on_ground"
		},  
		{
								"jumpscare": "query.has_rider && !query.is_stunned"
							}
		],
		"blend_transition": 0.2   
	},
	"fly": {
	"variables": {
				"idle": {
					"input": "query.modified_move_speed",
					"remap_curve": {
						"0.27": 0.0,
						"0.0": 1.0
					}
				}
			},
		"animations": [
			"fly",
			{"idle" : "variable.idle"}
		],
		"transitions": [{
				"default": "query.all_animations_finished"
		},
		{
				"jumpscare": "query.has_rider && !query.is_stunned"
		} 
		],
		"blend_transition": 0.2   
	},
	  "jumpscare": {
	"variables": {
				"idle": {
					"input": "query.modified_move_speed",
					"remap_curve": {
						"0.27": 0.0,
						"0.0": 1.0
					}
				}
			},
		"animations": [
			"jumpscare",
			{"idle" : "variable.idle"}
			],
		"transitions": [{
							"default": "!query.has_rider"
						 },
						{
							"wiggle": "query.is_interested"
						 }
		],
		"blend_transition": 0.2
	  }

                  }
                }
			}
		}